{"type":"FeatureCollection","features":[{"type":"Feature","geometry":{"type":"Polygon","coordinates":[[[-80.313661564469,25.683682164874504],[-80.3123132327534,25.683032904765398],[-80.3111063910142,25.682623891518006],[-80.31461998492199,25.682525686775307],[-80.313661564469,25.683682164874504]]]},"properties":{"FZONE":"AE"}},{"type":"Feature","geometry":{"type":"Polygon","coordinates":[[[-80.3109612925053,25.6925135042792],[-80.3064983615625,25.692012105683798],[-80.3057993698635,25.6922891610691],[-80.3051210861285,25.692273944017998],[-80.3047522540425,25.691709321885398],[-80.3033357572648,25.691667747185797],[-80.3032691606613,25.691853653768895],[-80.3030517207518,25.691630567291497],[-80.3019004344938,25.691540201861592],[-80.3021967860111,25.691776702852298],[-80.3018248161098,25.691816630167395],[-80.3012588604128,25.691405831424895],[-80.2969973685876,25.690982247443696],[-80.2968509952986,25.691916563751295],[-80.2967298044819,25.691079044059695],[-80.2968271495194,25.690952909895294],[-80.2854849758263,25.68975620521349],[-80.2846554571199,25.68916091362979],[-80.2843944830551,25.6884419181202],[-80.28424373933241,25.682888025909552],[-80.28442288998332,25.68275208170373],[-80.2847005615303,25.688943473412802],[-80.2856420166093,25.6896614491358],[-80.3018718815425,25.6912866780158],[-80.3046188245784,25.6912406338595],[-80.3055418462278,25.691957433284497],[-80.3062350348101,25.6914910970494],[-80.3064070567971,25.6917669750043],[-80.3072346935329,25.691874441088096],[-80.3079597291887,25.691773564393003],[-80.3079551783234,25.6916599038634],[-80.3091373702205,25.691870911639704],[-80.3113877021095,25.691982612154394],[-80.3123667301236,25.6919011110862],[-80.31251663109671,25.691776075484196],[-80.3125943668098,25.6918972675502],[-80.3132760237188,25.691916877839695],[-80.314908627306,25.6918403964779],[-80.3152506312061,25.691674806904],[-80.3161206262025,25.691681866621792],[-80.3165466423445,25.691323781113997],[-80.3165758232182,25.691022957823595],[-80.3165798243145,25.6915947959301],[-80.3162130305059,25.691938841360205],[-80.3175281829465,25.692035716530196],[-80.317600739872,25.6908159515903],[-80.3178188077038,25.690991031464193],[-80.317743896294,25.6912138050494],[-80.3180788421308,25.6912436136688],[-80.3176418440844,25.6915190995851],[-80.3178451633759,25.69191436756091],[-80.3185429019251,25.691838592896897],[-80.3196551231464,25.6920109286627],[-80.3199560255289,25.692001202452797],[-80.3198040063283,25.691943547018898],[-80.320181858398,25.691754503735297],[-80.3205211969966,25.69190613083479],[-80.3225208838831,25.691771597645797],[-80.32255286706858,25.69229539409849],[-80.317350276096,25.6923974888023],[-80.31708773357282,25.6926487363945],[-80.3163565004399,25.692354894368798],[-80.3139379922516,25.692411766004902],[-80.3131393791843,25.692647403146005],[-80.3129799857135,25.692482126352598],[-80.3109612925053,25.6925135042792]]]},"properties":{"FZONE":"AE"}},{"type":"Feature","geometry":{"type":"Polygon","coordinates":[[[-80.2980444062552,25.6960962429733],[-80.2980953937324,25.695719723492704],[-80.2988847496608,25.695717918351505],[-80.2988844361488,25.696118204913397],[-80.2980444062552,25.6960962429733]]]},"properties":{"FZONE":"AE"}},{"type":"Feature","geometry":{"type":"Polygon","coordinates":[[[-80.29835621059202,25.701590442730698],[-80.2981750105178,25.699097178968493],[-80.29777307731021,25.699013246301195],[-80.2977989622651,25.698802474591798],[-80.29820630872061,25.6988128283866],[-80.2984056296107,25.699083372052797],[-80.2984460268491,25.701347195914796],[-80.2993674009882,25.701309779447804],[-80.2999837943935,25.7019610792681],[-80.3001705640225,25.703376636132898],[-80.3000210547148,25.703743898278596],[-80.2998141250942,25.7036892239813],[-80.2998403244594,25.703115425239396],[-80.299659910411,25.702738748262703],[-80.2998011040141,25.702293905917596],[-80.2996002155638,25.701859810446],[-80.2990190415076,25.701575694724898],[-80.29835621059202,25.701590442730698]]]},"properties":{"FZONE":"AE"}},{"type":"Feature","geometry":{"type":"Polygon","coordinates":[[[-80.2995708783832,25.707644323761],[-80.3000394881444,25.7071144517721],[-80.2999208054241,25.7040131089493],[-80.3002122943607,25.707215563146594],[-80.2997533343023,25.7077551612278],[-80.2998084782843,25.709123417285994],[-80.2994331343108,25.709509976902],[-80.2994713351683,25.710891175769902],[-80.2992954710868,25.710983500581396],[-80.2991866716311,25.709471934107498],[-80.2996170014832,25.708947080382597],[-80.2995708783832,25.707644323761]]]},"properties":{"FZONE":"AE"}},{"type":"Feature","geometry":{"type":"Polygon","coordinates":[[[-80.3100174856369,25.7139150166826],[-80.3088485492802,25.71375491855],[-80.3088323903849,25.7134304053222],[-80.3098789582336,25.713515201121698],[-80.3097928286625,25.713817278736297],[-80.3100174856369,25.7139150166826]]]},"properties":{"FZONE":"AE"}},{"type":"Feature","geometry":{"type":"Polygon","coordinates":[[[-80.2968583704671,25.713165665015605],[-80.2967083113904,25.713315018059504],[-80.2971544093706,25.714154891939],[-80.2972410878124,25.714913500384892],[-80.2966763071118,25.7168032354941],[-80.2965537822969,25.7168303757972],[-80.2964302378942,25.716786682933098],[-80.2964638878865,25.7163122680087],[-80.2969785434925,25.7148004649147],[-80.29689508281612,25.714248316558695],[-80.296302141728,25.7131357008221],[-80.2962278582405,25.7113642558],[-80.2964783211181,25.7113518626651],[-80.296562803179,25.71297889736699],[-80.2969646582332,25.7130841646902],[-80.2993008825381,25.7128345643861],[-80.2993262976741,25.7111437578431],[-80.299454392942,25.7111519932383],[-80.2995018509385,25.712769221986303],[-80.298757361367,25.713248971779304],[-80.2982393334853,25.714044916731496],[-80.2982867905835,25.716749110262],[-80.29780100233911,25.717688917169397],[-80.2976678082336,25.7184009312278],[-80.2975277114735,25.7165705767842],[-80.2980167165849,25.715295509655796],[-80.2979953016468,25.71409794408929],[-80.2976031726523,25.713209750940496],[-80.2968583704671,25.713165665015605]]]},"properties":{"FZONE":"AE"}},{"type":"Feature","geometry":{"type":"Polygon","coordinates":[[[-80.3127794898269,25.717535014695994],[-80.3127012043449,25.717188460657102],[-80.3110938604851,25.717271137370297],[-80.3109882778965,25.716781269277195],[-80.3111674378968,25.716645880048098],[-80.3125316931491,25.716588146713793],[-80.31262323327311,25.716241357635695],[-80.3124041467518,25.7145272537367],[-80.3136397578655,25.714453675481696],[-80.313770911897,25.714557767129897],[-80.3138692783189,25.717241800635296],[-80.3136952944113,25.717425824428492],[-80.3130273646582,25.717525131942597],[-80.3127794898269,25.717535014695994]]]},"properties":{"FZONE":"AE"}},{"type":"Feature","geometry":{"type":"Polygon","coordinates":[[[-80.3091700823716,25.7196439160965],[-80.3091254486783,25.718630843556998],[-80.3098982540459,25.7185862878046],[-80.3099239036422,25.718797452609603],[-80.3092823322562,25.71880482716429],[-80.3092842133284,25.719215547539203],[-80.3093082172111,25.7194524394794],[-80.30994720055081,25.719418082266195],[-80.3099643017789,25.7196184217785],[-80.3091700823716,25.7196439160965]]]},"properties":{"FZONE":"AE"}},{"type":"Feature","geometry":{"type":"Polygon","coordinates":[[[-80.3077094226179,25.7195632788958],[-80.3083925707302,25.719486327277803],[-80.3083258160231,25.7188211423128],[-80.3076880867316,25.718874796385396],[-80.3076854196335,25.718683320148898],[-80.3084251993379,25.718656965313098],[-80.3084892878453,25.719660153435495],[-80.3078142191806,25.719701726451607],[-80.3077094226179,25.7195632788958]]]},"properties":{"FZONE":"AE"}},{"type":"Feature","geometry":{"type":"Polygon","coordinates":[[[-80.3234091000737,25.721382650331805],[-80.3228506749537,25.721080022174895],[-80.3226982631894,25.7207791211247],[-80.322661552637,25.719300026817795],[-80.3234458343526,25.718433231425074],[-80.3234091000737,25.721382650331805]]]},"properties":{"FZONE":"AE"}},{"type":"Feature","geometry":{"type":"Polygon","coordinates":[[[-80.2977493887361,25.721489252856003],[-80.2977111088269,25.718616096853594],[-80.2978817977141,25.720381344630493],[-80.2982095255876,25.7204680211727],[-80.2978881505998,25.720519950668596],[-80.2978673635841,25.7214986658831],[-80.2977493887361,25.721489252856003]]]},"properties":{"FZONE":"AE"}},{"type":"Feature","geometry":{"type":"Polygon","coordinates":[[[-80.3177824906135,25.718275268715292],[-80.3180394644803,25.721034448420905],[-80.3178446163019,25.721350411630098],[-80.3168466832427,25.7213315062395],[-80.3165009899618,25.721454738416597],[-80.316549623853,25.722643441763196],[-80.3160344993263,25.722711684114902],[-80.3160909764082,25.7224794974523],[-80.3156699036952,25.722261744199898],[-80.3155414940169,25.721674452471095],[-80.31513391130451,25.721599540856598],[-80.3147502543214,25.721911895504697],[-80.3148365401994,25.7224016825805],[-80.315147873819,25.722721725868798],[-80.315052647009,25.722880648166598],[-80.313411650462,25.722846918338597],[-80.3130945900825,25.7235237119239],[-80.3113139665943,25.723614859934692],[-80.3110197324062,25.7185854250643],[-80.3177824906135,25.718275268715292]]]},"properties":{"FZONE":"AE"}},{"type":"Feature","geometry":{"type":"Polygon","coordinates":[[[-80.2983603697918,25.720533912913098],[-80.2988735332961,25.720519792852794],[-80.2989595056621,25.7221986778747],[-80.2987732849037,25.7221001544286],[-80.2987060594794,25.7205895279836],[-80.2983603697918,25.720533912913098]]]},"properties":{"FZONE":"AE"}},{"type":"Feature","geometry":{"type":"Polygon","coordinates":[[[-80.3195959789664,25.723696360329],[-80.3197307415303,25.722546173097296],[-80.3204197736078,25.721432773058606],[-80.3223728880036,25.721274479276005],[-80.3227392101966,25.722232564081395],[-80.3226239797019,25.7233094866718],[-80.32276015351921,25.723763584799496],[-80.3226484534035,25.723946981015704],[-80.3227044606665,25.7247135907118],[-80.3211678690168,25.7248769055586],[-80.3196878352974,25.72485494245119],[-80.3195959789664,25.723696360329]]]},"properties":{"FZONE":"AE"}},{"type":"Feature","geometry":{"type":"Polygon","coordinates":[[[-80.3076865955282,25.7252079297781],[-80.307674907548,25.724566434618495],[-80.3074598221229,25.7245669048126],[-80.3073911054953,25.721696807868796],[-80.3079481193619,25.7210198574026],[-80.3099118239966,25.720906196473603],[-80.3100900443591,25.725119290948296],[-80.308457911489,25.7252269122433],[-80.3076331763115,25.725420350156796],[-80.3075664225027,25.725248719090995],[-80.3076865955282,25.7252079297781]]]},"properties":{"FZONE":"AE"}},{"type":"Feature","geometry":{"type":"Polygon","coordinates":[[[-80.299516440477,25.7236827917708],[-80.2988983205098,25.723536106218702],[-80.2988965166927,25.7231085998195],[-80.2991953790012,25.722713175648796],[-80.299177337237,25.722456514186003],[-80.29935885172162,25.722712469942],[-80.2999056670149,25.722773183370293],[-80.299965518169,25.723367298482405],[-80.29982040072471,25.723736760082705],[-80.2999742246407,25.723965102599497],[-80.299516440477,25.7236827917708]]]},"properties":{"FZONE":"AE"}},{"type":"Feature","geometry":{"type":"Polygon","coordinates":[[[-80.321115785595,25.732207658072998],[-80.3205471610033,25.731714025438],[-80.320664981341,25.7316664116296],[-80.320604110599,25.731037937190298],[-80.3207955865018,25.730607607607396],[-80.3214094709125,25.7311091624373],[-80.3217333539966,25.731054331584602],[-80.3218069314083,25.7308372859357],[-80.3215669015644,25.730235089794],[-80.3208321398491,25.729794560773602],[-80.32052535619641,25.728556204123],[-80.3202599884716,25.7284016747795],[-80.320466680937,25.728242753386],[-80.3207305583567,25.727562586941],[-80.3216444809706,25.7274427284429],[-80.3222189859341,25.727661187597196],[-80.3226152732302,25.728391556625596],[-80.3220205292233,25.729722473698],[-80.322671123288,25.731461522651202],[-80.3222082393884,25.732048735292995],[-80.321115785595,25.732207658072998]]]},"properties":{"FZONE":"AE"}},{"type":"Feature","geometry":{"type":"Polygon","coordinates":[[[-80.3049335340668,25.7301302908274],[-80.3054905470352,25.730073657330898],[-80.3055924429379,25.7301737489636],[-80.3056325266641,25.7316864936243],[-80.3055113340508,25.7318620450403],[-80.3049266305139,25.73179929131591],[-80.3049335340668,25.7301302908274]]]},"properties":{"FZONE":"AE"}},{"type":"Feature","geometry":{"type":"Polygon","coordinates":[[[-80.3177406803252,25.731539337258997],[-80.3179118399296,25.7316420957088],[-80.3179476108442,25.732255663332804],[-80.3179262731613,25.732490831532],[-80.3177509570521,25.7325966488562],[-80.31759556288101,25.731696533001998],[-80.3177406803252,25.731539337258997]]]},"properties":{"FZONE":"AE"}},{"type":"Feature","geometry":{"type":"Polygon","coordinates":[[[-80.3104442860082,25.735413719777796],[-80.3090498302943,25.7340602908146],[-80.3093603024296,25.7338761883722],[-80.3102954028263,25.7342323914549],[-80.3102159441444,25.734673625850803],[-80.3105733236089,25.7351842784891],[-80.3104442860082,25.735413719777796]]]},"properties":{"FZONE":"AE"}},{"type":"Feature","geometry":{"type":"Polygon","coordinates":[[[-80.3196073543328,25.762694346920096],[-80.319582409914,25.750959025110795],[-80.31938442392031,25.7479371441368],[-80.3186652713314,25.747723311613893],[-80.3184363788004,25.7471848108145],[-80.3160275966717,25.745562091605102],[-80.3159613935302,25.745122505404197],[-80.3161169413132,25.744489718149904],[-80.3157627778175,25.743998987976198],[-80.3084015898156,25.7399856046228],[-80.3066523444803,25.739675368960295],[-80.3038587285755,25.736820961376],[-80.3031776196389,25.736507744441305],[-80.3040384383447,25.7367850352853],[-80.3067493769041,25.739582102686196],[-80.3082545904009,25.739704785124797],[-80.3110245958851,25.7411237137569],[-80.3112598422001,25.741406496183895],[-80.3122679738328,25.7419406043179],[-80.3132132728029,25.740399463456697],[-80.31199891762542,25.739721414604496],[-80.3117382570727,25.739423337037103],[-80.3117519842285,25.736645094411905],[-80.3116086714997,25.735834951846403],[-80.3112740400732,25.7355411881379],[-80.3113620516149,25.735423838143298],[-80.3115555675917,25.7353279054197],[-80.3119080835772,25.7355946841537],[-80.3125829950366,25.736507587455904],[-80.31332936478202,25.736338153200304],[-80.3154567783941,25.7363677247486],[-80.31632261508912,25.736648232496897],[-80.3171429557082,25.737206265730805],[-80.3175779927323,25.737775515014196],[-80.317859127687,25.7385145910874],[-80.3178304184289,25.739108472176895],[-80.3175924277606,25.739482716490897],[-80.3168422913793,25.739859156550295],[-80.3143717752276,25.740016198065895],[-80.3135668865297,25.7401996719769],[-80.3123729276007,25.742005944445],[-80.3158071752538,25.743847674053395],[-80.3162963375704,25.744437553142298],[-80.3162090321046,25.7450504187242],[-80.3163729746439,25.745115367942795],[-80.3164857751958,25.745668066401805],[-80.319440116773,25.747536698576596],[-80.3197401558745,25.750996207500503],[-80.3197912996586,25.7541780294849],[-80.32053790655921,25.758001661240396],[-80.3197363119834,25.759984976258792],[-80.3197872213072,25.762043596565597],[-80.3198418954703,25.7623743845774],[-80.3200361166247,25.762414625557994],[-80.3197829066989,25.7624318812811],[-80.319799144646,25.7627047792907],[-80.3211417504999,25.762679756971192],[-80.3223398659337,25.7624643555923],[-80.32816497494268,25.762363795061656],[-80.32808199692191,25.762527686415947],[-80.3221361522818,25.762650419308297],[-80.3213489909377,25.762860799550705],[-80.3213234985466,25.7641933644039],[-80.3211682633772,25.764431277470504],[-80.3209570200466,25.764267177227],[-80.3211590062382,25.763248771738695],[-80.32101616332831,25.762970304049897],[-80.3204091842672,25.762950929574494],[-80.3201674278613,25.7635747742842],[-80.3197662779847,25.763895993030097],[-80.3192775872836,25.763706399904393],[-80.3193267691471,25.7635270041587],[-80.31806958768671,25.764004634163793],[-80.3171481344958,25.7663815693291],[-80.316315320769,25.767599296454],[-80.3147747298196,25.76905218942769],[-80.313439655441,25.769838800476904],[-80.312923586785,25.7705317525752],[-80.3128926029926,25.770699068712194],[-80.3134505582936,25.77116948218829],[-80.3203981242094,25.776825272371],[-80.3205884233192,25.778012486648],[-80.3204448752318,25.7784257162858],[-80.3200963594442,25.778765524958704],[-80.3183824125097,25.7797341190099],[-80.3167102740668,25.779836408662604],[-80.3164973059708,25.7803208624681],[-80.3200755733269,25.781409317552196],[-80.3205564980923,25.7817437911076],[-80.3207082828326,25.78237540429659],[-80.3210193810936,25.782633239430496],[-80.3205895219588,25.7830911034581],[-80.3206364301863,25.784029577554396],[-80.3207551910601,25.784299572179798],[-80.3209829840533,25.784342325377498],[-80.3206500782904,25.784382721493294],[-80.32065322234143,25.784567874199457],[-80.32044749091976,25.784576442965243],[-80.3203993001041,25.7825123606768],[-80.3200278009201,25.781670526261102],[-80.3165969264409,25.780687497798894],[-80.3162633137039,25.78040385359879],[-80.31647032327461,25.7799396365592],[-80.3163682701668,25.7797357675651],[-80.3169638747597,25.7795613134106],[-80.3178144957905,25.779611594407395],[-80.3183874331938,25.7794796555831],[-80.3200410573587,25.7784679166836],[-80.3203348998814,25.778060884327196],[-80.3202349658993,25.7768879481103],[-80.3164591051134,25.7738455156229],[-80.3165329178836,25.7760321520351],[-80.3164901679576,25.776191622669796],[-80.3162693539759,25.776162755909798],[-80.3161097251465,25.773571048786305],[-80.31379256488862,25.771637543760697],[-80.3135760646169,25.7716355035546],[-80.313524451014,25.771424496545897],[-80.3128039644268,25.7708435579382],[-80.3119378923732,25.7709453755375],[-80.3115758057367,25.77070448233899],[-80.3101262850926,25.771326051935596],[-80.3102550073846,25.771558945644696],[-80.3103383126524,25.774733787098697],[-80.31021178584301,25.7763781566967],[-80.3100164669474,25.771470698146302],[-80.3098161264694,25.771451480379604],[-80.3079070959978,25.772336770157104],[-80.3081115920824,25.7751245833149],[-80.30800914910571,25.7772676832695],[-80.3078148488996,25.77679138636441],[-80.3074598230212,25.776597950390002],[-80.3025703261674,25.77686080696299],[-80.3020723810223,25.7764839745622],[-80.3014804613186,25.775219653924697],[-80.2954716824855,25.778092417633196],[-80.295062062394,25.778359198190795],[-80.2950917903417,25.778462898162495],[-80.2953630420316,25.778375277856295],[-80.2954898033014,25.778488391179696],[-80.29541128246072,25.778614603172493],[-80.2949576565984,25.778489253484995],[-80.2947655518749,25.7786456655423],[-80.2945929028638,25.778567538004303],[-80.2923945016831,25.7798330355177],[-80.2906557657383,25.780558384859596],[-80.28915423802911,25.780830497808697],[-80.2879042727354,25.780856931877505],[-80.2878084162064,25.781372137407896],[-80.2859888875816,25.781314639364393],[-80.2854822332697,25.7817669327723],[-80.2827872964005,25.781103710236298],[-80.27881933178942,25.781153833653097],[-80.2777137778642,25.781424221477202],[-80.2767344354397,25.782242995344998],[-80.276846057402,25.7823360266994],[-80.2775199483753,25.781788347443097],[-80.2778115154654,25.781788346634197],[-80.2783583325552,25.782650341760498],[-80.2788520421438,25.783114244859895],[-80.27982801229271,25.783115735635597],[-80.2803099557477,25.783383063025703],[-80.2809694143876,25.7834884103443],[-80.2816289502827,25.783863517802597],[-80.2819103987494,25.783077299018],[-80.2822880954106,25.7829012756841],[-80.2827950623362,25.782968342892598],[-80.2832694761125,25.782706035336194],[-80.2838070360633,25.782110428511498],[-80.2840682481816,25.7820560677111],[-80.287207790031,25.782882213457192],[-80.2872406575906,25.783482135031697],[-80.287666124862,25.783609053527496],[-80.2872200277801,25.7836519614705],[-80.2871222892806,25.783874969927798],[-80.2865228389999,25.7840877035895],[-80.282454078024,25.785056456400596],[-80.2809341159869,25.785134112945904],[-80.279825973117,25.78500664524],[-80.2792359344855,25.7845145044131],[-80.2790214760845,25.784598829680398],[-80.2790890931742,25.784949854295398],[-80.2781053579881,25.784810229019794],[-80.2758737739391,25.784018753134305],[-80.2748250115061,25.7834754674107],[-80.274250034927,25.784097901122298],[-80.2769394040381,25.785223458434498],[-80.2743494209368,25.784845605107396],[-80.274143197392,25.78423305495191],[-80.27330664591933,25.78503281744801],[-80.27286196594223,25.7848997388136],[-80.27057954539181,25.785327708116597],[-80.2705923070925,25.7839483911442],[-80.27075577891462,25.7835903052607],[-80.2722202816611,25.783650783738796],[-80.2725687983469,25.783789781879],[-80.2726316292129,25.784231486538097],[-80.2729432781411,25.784295180785296],[-80.2740140052811,25.783666081307498],[-80.2742922359824,25.7830656106212],[-80.2740921326596,25.782924966357],[-80.2741122144978,25.783084045123292],[-80.2734981737803,25.782867075947102],[-80.2717560655599,25.782624847211093],[-80.2697689059132,25.782706976073],[-80.269636575987,25.783848458070203],[-80.26973293839893,25.785486442718685],[-80.26866175580113,25.785687276421946],[-80.26817178795824,25.786077442825558],[-80.26838959016183,25.79058549908543],[-80.2657038316232,25.794592042826995],[-80.2654349335193,25.795313234434698],[-80.2657644670065,25.7952589532874],[-80.2657967066438,25.795544559695198],[-80.2654996481524,25.7957611360549],[-80.2653718663965,25.796282221482098],[-80.2655376918046,25.796318384340093],[-80.2652895816147,25.796399571177805],[-80.265276874945,25.797003335677598],[-80.2651167745002,25.797060518773996],[-80.2650795150771,25.797411074605503],[-80.2652925640215,25.797513833474593],[-80.2652029040713,25.798153367190093],[-80.2651284624803,25.79759996117919],[-80.2648616044504,25.7976274955032],[-80.2648904709138,25.7989449201888],[-80.2651306606578,25.800221713070588],[-80.2669562295546,25.8001916689309],[-80.2670422791757,25.800427543691793],[-80.2648384656454,25.800491237326398],[-80.2647643384648,25.7976220822964],[-80.2646491852251,25.797599019751704],[-80.2649227896028,25.805056691939104],[-80.2647793196688,25.8058312227742],[-80.2642867850766,25.8068038188896],[-80.2646674623479,25.8083892010698],[-80.2618823175562,25.808382454786898],[-80.264149513518,25.8098880608083],[-80.2642326606824,25.810085342032497],[-80.2669392864301,25.812119251153],[-80.2672157142127,25.812133056254698],[-80.2674138565132,25.812407289079395],[-80.2678217536359,25.812505497414502],[-80.2677096591598,25.812713917128],[-80.26807644319278,25.812992313654014],[-80.26810684689792,25.813311463093726],[-80.2632970105168,25.8097978532308],[-80.2616468358825,25.8083908476092],[-80.2608376325763,25.808400731697102],[-80.2556388439735,25.810621646437696],[-80.2482801658646,25.812083560538095],[-80.2457764695396,25.812082776111097],[-80.2448156404948,25.8116906468667],[-80.2430579222498,25.812193537153895],[-80.2418376840055,25.8122185595409],[-80.2405426933531,25.8125053413384],[-80.2395977069967,25.812456787086795],[-80.2385204724609,25.811686805587595],[-80.2369719574724,25.811243923064698],[-80.2361823643888,25.8105116715975],[-80.233263476621,25.810477627817296],[-80.2318811014511,25.809976701861405],[-80.231436573726,25.8101229159054],[-80.2309896142614,25.8105404596385],[-80.2314681063891,25.811740300441997],[-80.2298993559505,25.811993432266497],[-80.2297578479371,25.8117130815515],[-80.2294939705173,25.811582162627804],[-80.2286853160817,25.812041831439892],[-80.2281510511513,25.812025121520097],[-80.2262984196083,25.809978426822795],[-80.2267438878694,25.809333950220594],[-80.2265546092458,25.80770989811329],[-80.2266315607297,25.807082444087598],[-80.2273852265918,25.806006696905005],[-80.2272481104418,25.805705637402898],[-80.2267070219085,25.8059917936438],[-80.225840477341,25.8068157435196],[-80.2246961718911,25.806884301425395],[-80.2231532273557,25.807339732172],[-80.2218573734224,25.807024789489304],[-80.2206785546992,25.807038673630696],[-80.2201288369493,25.806417888851495],[-80.2200502388535,25.805407248381595],[-80.2206205864139,25.804740181515495],[-80.2206441968346,25.804515602912897],[-80.2194264711781,25.803252772416798],[-80.2187721904275,25.802048772765303],[-80.2193984670975,25.800943375095297],[-80.2191708304112,25.7996479914564],[-80.2192143654648,25.7990068110477],[-80.2200998905359,25.796328267817405],[-80.2203085458202,25.7952264014103],[-80.2202224162491,25.794700684161494],[-80.219930849159,25.794454771212603],[-80.2183307996194,25.793874932949798],[-80.2173480849194,25.793241594331498],[-80.2153661013653,25.79041872011579],[-80.2148533295264,25.788882992034996],[-80.2144499841672,25.7886236652223],[-80.2127357228223,25.788386457447608],[-80.211304556556,25.787611612833196],[-80.210377535607,25.7873587953429],[-80.2098950414847,25.7869160710353],[-80.2092920599267,25.786690081981803],[-80.2089451925477,25.7861236547428],[-80.2082049394311,25.7855171445416],[-80.2072428545416,25.783560499570903],[-80.2064790691578,25.782904807283593],[-80.2062405296189,25.781502508104097],[-80.2043336937316,25.779712315692198],[-80.2012957315779,25.777619887956792],[-80.2002509693429,25.7772549006333],[-80.1979421211963,25.775925708460402],[-80.19528507167252,25.774687038305597],[-80.1916355795925,25.771921817257702],[-80.1913204011835,25.771109948692704],[-80.190659923854,25.7708893714598],[-80.19030521238601,25.770429232433504],[-80.1892633508111,25.7706164728515],[-80.1889166397389,25.770868584199505],[-80.1881606202908,25.772461966170795],[-80.1883829236792,25.7728943364104],[-80.1892955131932,25.773644315398904],[-80.1880675889633,25.775733605009503],[-80.1892810781649,25.779714198831194],[-80.1895850393109,25.7802583470877],[-80.1901645658569,25.780620747199297],[-80.1903295288824,25.782090270108593],[-80.190517944225,25.782406076605497],[-80.1902825416032,25.783751426368],[-80.1904862543568,25.78692932743079],[-80.1902679511663,25.7921430210744],[-80.1898933159636,25.794131199871895],[-80.189765221594,25.797616749159097],[-80.1894849499203,25.7995643732454],[-80.18905077617721,25.800842578835603],[-80.188919856606,25.802164240439495],[-80.1880110319313,25.8037586415406],[-80.1876654194988,25.805166668607903],[-80.187410405756,25.8067961327795],[-80.1875026528542,25.8076247894623],[-80.1872856854585,25.808625545549393],[-80.1874064064563,25.809971210774496],[-80.1872332076763,25.811063353018998],[-80.186970035434,25.8116831187682],[-80.1870484772229,25.813003604126997],[-80.1868019354915,25.8139827886676],[-80.1861174551776,25.815088970396197],[-80.1859731219626,25.817153629163098],[-80.1861776198438,25.818669433086402],[-80.18587015326592,25.820586374749638],[-80.18163810181733,25.817515340429022],[-80.1853543758696,25.8144706158075],[-80.1855328297941,25.814157243117595],[-80.1854391705443,25.813554497612895],[-80.18584212513632,25.813522964034398],[-80.1859153890359,25.813136325645797],[-80.1856931646993,25.8127093682841],[-80.1852793854081,25.8124468248947],[-80.1838021750936,25.8127137610521],[-80.1824029349525,25.8120559511302],[-80.1806350199307,25.8119664503798],[-80.17969624468833,25.81127120936645],[-80.17975241265378,25.80979397662961],[-80.1802682270204,25.8091911883834],[-80.1830147783909,25.809134318449104],[-80.1834269892236,25.809754398362795],[-80.1841921077073,25.8102336755458],[-80.1853281756061,25.8104631965899],[-80.1860632517317,25.8102040253555],[-80.1860664677004,25.809832055712096],[-80.1853930474443,25.808694966919703],[-80.1854237186231,25.808317898453],[-80.1859886538339,25.807536072247398],[-80.185398853256,25.8075359938017],[-80.1853819083348,25.805952495866997],[-80.1861251429598,25.805934453110694],[-80.1861308688215,25.8054519591888],[-80.18539367536671,25.805417837125095],[-80.1853911645755,25.804474734882998],[-80.1857689393901,25.80441260830119],[-80.18578305821141,25.8040132639475],[-80.1867476538922,25.803975299131693],[-80.1867911889458,25.8037771545087],[-80.18658222104781,25.803207668536892],[-80.185393909827,25.8032434386567],[-80.185407794188,25.803003643020794],[-80.1863890976347,25.802981678996705],[-80.1860990208497,25.802304729247105],[-80.1853680239738,25.8023589327623],[-80.1853950875183,25.801774228855695],[-80.1857847847734,25.8017653648676],[-80.1857879998438,25.801374490641],[-80.1861020014598,25.8013741776506],[-80.1863041448566,25.800339768964403],[-80.185874442927,25.800348475349395],[-80.1858829930919,25.800662319679695],[-80.1853807315418,25.8006724405719],[-80.185381202259,25.798909545072704],[-80.1863043011635,25.798877697025894],[-80.1863191278572,25.7991913851132],[-80.1867171390203,25.7991808742647],[-80.1869038313942,25.7988041192541],[-80.1853807315418,25.798785449414996],[-80.1853861438913,25.798268519190596],[-80.1871941435378,25.79821808273],[-80.1875467376767,25.7973283978636],[-80.1871321741563,25.797312161436604],[-80.1872290493748,25.796345055977493],[-80.187589724758,25.796336193201],[-80.187032082969,25.7956966585782],[-80.1860478770656,25.7954774923201],[-80.186028266843,25.794289652954898],[-80.1862108000171,25.794132378308294],[-80.1870214927301,25.7941151199161],[-80.1869399921776,25.793532536494205],[-80.1865355472806,25.793509080070095],[-80.1865609642132,25.793038823930498],[-80.1863692511552,25.7930031324217],[-80.186526448245,25.7927013685676],[-80.1860954913689,25.792226875843898],[-80.1855271820859,25.79196731288809],[-80.1848923534544,25.79188840066759],[-80.18374051832572,25.7921515727673],[-80.1836008150277,25.791054018243496],[-80.1811408891149,25.791136852230096],[-80.18044981676407,25.791447790626933],[-80.18052542699743,25.78945828342106],[-80.1803360155521,25.785877812295876],[-80.181190856106,25.7861511100368],[-80.1837064748714,25.7861002008973],[-80.1838475921177,25.7859104523551],[-80.1838306489931,25.785214753365395],[-80.1837206736428,25.783340157412102],[-80.18278172935501,25.782674974838393],[-80.1822502078795,25.7816336624767],[-80.1814948163537,25.781150149119597],[-80.1806748674,25.7810601769012],[-80.18008666466721,25.78116405856566],[-80.17972083473788,25.774247882085216],[-80.1804093433684,25.7742895749377],[-80.1816156945567,25.776906385190397],[-80.1824825526362,25.776815392930697],[-80.1843526770727,25.777433982798303],[-80.1849889169576,25.7773016524593],[-80.1843705616317,25.777079975271],[-80.18452061981,25.7768452771634],[-80.1852718539327,25.777099507607495],[-80.1855471058206,25.776658430815196],[-80.1855987203219,25.776165268454797],[-80.1855093756803,25.7740109511388],[-80.1851811761913,25.772686937158895],[-80.18517262602641,25.771799135738405],[-80.1888870671998,25.7703327487558],[-80.1889887277438,25.770103464709397],[-80.18877450290482,25.7697316523908],[-80.1882033711151,25.7694914653936],[-80.186447379432,25.769361879152697],[-80.1834033770064,25.7695404126084],[-80.1828598558353,25.769358662651904],[-80.1829591627933,25.768585543089298],[-80.1843992699916,25.763977809631196],[-80.1848785481451,25.763937883078697],[-80.1867314940985,25.7657054850047],[-80.1879393355919,25.766232846835102],[-80.1883646465564,25.766111340577],[-80.1887164573644,25.765698111742093],[-80.1890978389149,25.7639524736819],[-80.1907848022549,25.7642331363489],[-80.191179756451,25.7638537931134],[-80.191119121966,25.763731268294105],[-80.1887164573644,25.763107265029497],[-80.1889471537125,25.7598699068304],[-80.18958182424052,25.759915401779097],[-80.1899854831118,25.759704238016205],[-80.1900609451889,25.7585079256378],[-80.1903305475719,25.757867530117394],[-80.1908820700373,25.757428884276],[-80.1924626665595,25.7568451223097],[-80.1935302549858,25.7558029481758],[-80.1951929018294,25.7548138016021],[-80.1946518132961,25.754178738241198],[-80.1951806649786,25.753862697239395],[-80.1957658392328,25.754549531285598],[-80.196753888129,25.7540886873215],[-80.198401631922,25.7526535213083],[-80.199888254784,25.751031586385896],[-80.2005368096731,25.7506646361329],[-80.2012396452632,25.7497846017507],[-80.2007455422125,25.749206016965896],[-80.20108974429,25.748921038544896],[-80.20154807732442,25.7494587555331],[-80.2021974155443,25.7487902768574],[-80.2022799374813,25.7483637901524],[-80.2031043573501,25.7483167251265],[-80.2041994009866,25.747571765359996],[-80.2063526986552,25.7467811536972],[-80.2067728326287,25.7464556212772],[-80.207327492011,25.746256772914595],[-80.2066158699992,25.7466991828404],[-80.2061619297265,25.7471965796122],[-80.204495909709,25.7478458416225],[-80.2027025795511,25.7494796209807],[-80.2015310560464,25.750173513964594],[-80.1991782811807,25.7520097518367],[-80.1985362372808,25.752773379463797],[-80.1968219759359,25.7542361571962],[-80.1949532618544,25.7552225593429],[-80.1942812546482,25.755859897893398],[-80.1936116782832,25.756936663861804],[-80.1932537499481,25.7586248038088],[-80.1936934923477,25.760084914867697],[-80.1930462714568,25.7624558082314],[-80.1936436834601,25.7634302883449],[-80.19411645062452,25.7638678352138],[-80.1948550544342,25.76402189450989],[-80.1951864707903,25.764277535030097],[-80.1953784174103,25.764543922723398],[-80.1954926265206,25.765403719661993],[-80.1970650654417,25.7659966589355],[-80.1986279364067,25.767359893909404],[-80.1994122716509,25.7673955850445],[-80.200162173572,25.768355708792896],[-80.2014397503826,25.7685824843194],[-80.2019426389568,25.768937589907903],[-80.2026081369704,25.768960022166397],[-80.203314581093,25.7684711752976],[-80.2050278219517,25.768494159372096],[-80.2050509634517,25.768353670148404],[-80.2059117803609,25.768954453944595],[-80.2089229143287,25.768345982354802],[-80.2111865790131,25.768766193203703],[-80.213052390638,25.770460216049003],[-80.2153519816456,25.773044158823996],[-80.2168263685551,25.7735850136958],[-80.217764529512,25.775008883028402],[-80.2192985322171,25.7760036783781],[-80.2243314181565,25.778160192938095],[-80.2255366734002,25.7790003802415],[-80.2268823380177,25.780400482087792],[-80.2274087570624,25.780422760914394],[-80.2288298047053,25.779761576591895],[-80.22926397844842,25.779734827613698],[-80.2304877452751,25.780575014280796],[-80.2322115754744,25.782106350077196],[-80.2327744715095,25.782348969757305],[-80.2351475626737,25.7828811958775],[-80.2375492867392,25.782725646017294],[-80.2385097241185,25.78245086646149],[-80.2390870533853,25.782095839331898],[-80.2392300517038,25.782476044772395],[-80.2403825938066,25.7821309808415],[-80.2421530187213,25.782436432630497],[-80.2437667190601,25.7818336091175],[-80.2448444261098,25.782258449211195],[-80.2452259657638,25.7829386923528],[-80.2459057398039,25.7834860573043],[-80.2467142370343,25.7835854438794],[-80.2474886108604,25.7833971837037],[-80.248851140449,25.783550773570205],[-80.2497485116038,25.782890765818],[-80.2495695079104,25.782479496304504],[-80.2488033698389,25.782398858069804],[-80.248712847506,25.7822634675717],[-80.2488154494845,25.782058736247603],[-80.2492221698142,25.781862475306593],[-80.2496382227414,25.781217215700497],[-80.2527150127767,25.7798862980318],[-80.2537506768745,25.7800683602793],[-80.2548728613105,25.7808331655638],[-80.257176061749,25.7802923890315],[-80.257355927825,25.7801671187718],[-80.257634393885,25.779026501668604],[-80.2583609198458,25.7788166685959],[-80.2586699025743,25.7788762847786],[-80.259161415782,25.779255313865097],[-80.2594787124184,25.7801743350166],[-80.25987703799181,25.780454135856395],[-80.2601177748099,25.780290977493088],[-80.2595714302338,25.77956813979789],[-80.2595942564252,25.779351405246096],[-80.26048794089411,25.7798840233844],[-80.2610962539533,25.7792588447642],[-80.2628804841774,25.7787066941772],[-80.2641786144416,25.778668415487303],[-80.2642005782503,25.778843416972194],[-80.2670970305939,25.778798155774698],[-80.2679631035459,25.7789178581079],[-80.2694397649897,25.7787972158158],[-80.2695553098948,25.782148786979896],[-80.2697636507688,25.782627749503497],[-80.2708206498546,25.7823397136227],[-80.2708579883294,25.782060069302393],[-80.2717370823613,25.781923502286592],[-80.2719694253214,25.782002727708697],[-80.2724840809274,25.781828588312198],[-80.2724902775063,25.779997292197095],[-80.2727265434091,25.7797208642369],[-80.2729817925106,25.7799042598174],[-80.2733021479106,25.781556552071],[-80.2746551858999,25.7811703076823],[-80.2748548194038,25.779877277097093],[-80.2751200299235,25.77997987805539],[-80.2751841175325,25.780402834380094],[-80.2753560604678,25.78052920369],[-80.2759952800644,25.780061378610696],[-80.2760952149448,25.781125988121893],[-80.2762579815894,25.7812551020613],[-80.2770278063469,25.780532577623998],[-80.2784719927949,25.779934459554593],[-80.2785967139906,25.7796533252162],[-80.2791209402477,25.7796792895713],[-80.2790910532982,25.779522406473493],[-80.2794387848565,25.779493227475793],[-80.2796145716828,25.779584453074296],[-80.2831336939606,25.779498403690692],[-80.2831480499372,25.779637087986696],[-80.2837862499459,25.779828330101598],[-80.2838963816031,25.779167145701596],[-80.284100565074,25.7790141066914],[-80.2850220946216,25.7790199899174],[-80.2855013727752,25.77934254119941],[-80.2873081956286,25.7794721254388],[-80.2875748964533,25.780473039928395],[-80.2887213982842,25.780596977602695],[-80.2906498826715,25.7802471291957],[-80.2942893333832,25.7785413388201],[-80.2969396365593,25.7769787833825],[-80.3002068065526,25.775577033797298],[-80.3026028029599,25.774362836253],[-80.3029664562583,25.774325969388997],[-80.3031747971322,25.774031893166605],[-80.3033094024911,25.774108529566696],[-80.3043576960034,25.773695142517592],[-80.3041764168774,25.7732084920455],[-80.3043799724258,25.77320111924899],[-80.3044653177677,25.7735913639553],[-80.3049633419646,25.773300033114],[-80.3053681785272,25.773269832496997],[-80.3064395344879,25.7728064782038],[-80.3066648957415,25.772514597771295],[-80.30718049188361,25.772480085209196],[-80.3073165084958,25.772302178265395],[-80.3074817859316,25.772349792774904],[-80.3117231977153,25.770340042451195],[-80.3121070909553,25.77058556451099],[-80.312502827584,25.770595996997102],[-80.3128940941959,25.770196494257203],[-80.3129555138085,25.7699010050379],[-80.3143232194899,25.769191187683102],[-80.315288756605,25.76843461806269],[-80.3151733698034,25.7683377436411],[-80.3153773170173,25.7681095575816],[-80.3152204343378,25.767907100980803],[-80.315653588493,25.7680026409231],[-80.3157033982789,25.7678260693808],[-80.3159610800182,25.767781828970897],[-80.3171151106294,25.766086864242503],[-80.3181619910918,25.7630036414406],[-80.3184315162198,25.7630420780886],[-80.3187043372665,25.763498216029095],[-80.3190736382731,25.763394122740994],[-80.3190605381413,25.762911158817992],[-80.3196073543328,25.762694346920096]],[[-80.3141785727628,25.739952581206097],[-80.3169037100936,25.739719062315405],[-80.3175230059555,25.7393652109787],[-80.3177016961369,25.738823729285595],[-80.3176536901681,25.7382991911977],[-80.31721849593882,25.7375287388357],[-80.3166079074469,25.736918621345904],[-80.3158261584524,25.736559594104197],[-80.3151366583527,25.736442009636804],[-80.3132055050706,25.736455814644696],[-80.3126339807172,25.736616934180997],[-80.3126827718136,25.737558390198203],[-80.312060103676,25.738728971819302],[-80.3120624554655,25.739538489389894],[-80.3132950859691,25.740286507235805],[-80.3141785727628,25.739952581206097]],[[-80.2399643444985,25.798566047851295],[-80.239940497821,25.802705720315405],[-80.240124130533,25.806398277236795],[-80.2415814952662,25.805676771357504],[-80.2417826972286,25.8051148950087],[-80.2410093411938,25.804768890085196],[-80.241204661886,25.8042696092344],[-80.2432330811537,25.803198960744503],[-80.244131470998,25.802909276460593],[-80.2442335232076,25.802673403403897],[-80.2441692011383,25.802377521971895],[-80.243427852077,25.8015767121935],[-80.2432220201976,25.8015798501797],[-80.2426333173611,25.8021018781073],[-80.2422269114417,25.8018864771349],[-80.2420308074185,25.801188426191796],[-80.2420672035606,25.80011440479541],[-80.2419270304436,25.7998652752723],[-80.2408948967249,25.798939273305496],[-80.2399643444985,25.798566047851295]],[[-80.240133621234,25.8074941838472],[-80.2402494787528,25.808688219845603],[-80.2410048702786,25.8092479790371],[-80.2435802638414,25.8097456910515],[-80.2450992044941,25.8104023242056],[-80.2455200427468,25.810365613303595],[-80.2464181990291,25.809977249352595],[-80.24714009597122,25.809430198374795],[-80.246990194998,25.808959313149295],[-80.2464262775785,25.808697790128996],[-80.2458123949644,25.807965067617296],[-80.244212266373,25.807522499521003],[-80.2429721061907,25.806930894381896],[-80.2418670220843,25.806947289618297],[-80.2408661874667,25.8074648459456],[-80.240133621234,25.8074941838472]],[[-80.2200882798109,25.7836511784731],[-80.2220273562337,25.783461348359896],[-80.2227399978334,25.7838926981519],[-80.2229242566713,25.784752339530094],[-80.22555667618661,25.785406699910702],[-80.2268733162373,25.785260954448905],[-80.2274864927755,25.784881611296697],[-80.2276610255537,25.784483991998002],[-80.2276360029815,25.7842320373838],[-80.227125899139,25.78367141507219],[-80.2259998708118,25.7828719389756],[-80.2246844057575,25.782274842197904],[-80.2229534366466,25.782129648596303],[-80.2212882799101,25.782296335239405],[-80.2194922036024,25.781638290167198],[-80.2188332174763,25.781131872052093],[-80.2184281464534,25.7803778133653],[-80.2179299632547,25.7798670808192],[-80.2164609105414,25.778869303848897],[-80.2144834769542,25.778639313126497],[-80.213683844299,25.779201897374392],[-80.2135846154944,25.779676624216997],[-80.2141336280668,25.78066232072611],[-80.2149302019585,25.7816039323315],[-80.2158281237805,25.7822547622853],[-80.2200882798109,25.7836511784731]]]},"properties":{"FZONE":"AE"}},{"type":"Feature","geometry":{"type":"Polygon","coordinates":[[[-80.320305719906,25.74907360499269],[-80.3204218127835,25.7492064846351],[-80.32027638182721,25.748273500178495],[-80.3206988675901,25.748286523008503],[-80.3210080057272,25.748569539215698],[-80.3210113007476,25.749333951955297],[-80.320798097293,25.749548489553806],[-80.3205462977223,25.749564099790504],[-80.320305719906,25.74907360499269]]]},"properties":{"FZONE":"AE"}},{"type":"Feature","geometry":{"type":"Polygon","coordinates":[[[-80.3202057059739,25.750873052875896],[-80.3204007895109,25.750354319123993],[-80.3211675564031,25.7495233884054],[-80.3213261647463,25.748479017989503],[-80.3217730460574,25.748180390341105],[-80.3226808502459,25.748101164188895],[-80.3226643769402,25.74829640563239],[-80.3214381792723,25.7485505572416],[-80.32134530515,25.749550214584996],[-80.3204522486036,25.7505697982987],[-80.3202945026431,25.751019032328095],[-80.3202057059739,25.750873052875896]]]},"properties":{"FZONE":"AE"}},{"type":"Feature","geometry":{"type":"Polygon","coordinates":[[[-80.3200155649676,25.761398335980594],[-80.3200500782408,25.7601500969599],[-80.3204764078949,25.759945286222102],[-80.3207915863039,25.760340080868094],[-80.320542926345,25.761079315098495],[-80.3206359585708,25.76120050612939],[-80.32049570550382,25.7612672611808],[-80.320557673987,25.761461090253],[-80.3202732458085,25.761646446829698],[-80.3200155649676,25.761398335980594]]]},"properties":{"FZONE":"AE"}},{"type":"Feature","geometry":{"type":"Polygon","coordinates":[[[-80.3219987226198,25.7612776936767],[-80.3221800798992,25.7615371773469],[-80.3220999906001,25.7618261560847],[-80.32176018218262,25.7620144165061],[-80.3214399830894,25.7620053950218],[-80.3215340358014,25.761366645331403],[-80.3219987226198,25.7612776936767]]]},"properties":{"FZONE":"AE"}},{"type":"Feature","geometry":{"type":"Polygon","coordinates":[[[-80.3214200593548,25.77155941565289],[-80.3210309109703,25.7712502769054],[-80.3210579754132,25.770311254355907],[-80.3214843823224,25.770157273603495],[-80.3216698179532,25.770413933967],[-80.3216686411602,25.771337112922797],[-80.3214200593548,25.77155941565289]]]},"properties":{"FZONE":"AE"}},{"type":"Feature","geometry":{"type":"Polygon","coordinates":[[[-80.3198370310931,25.77021626152],[-80.3200348607799,25.7703150193143],[-80.3201054584798,25.7711091607588],[-80.319875939823,25.7715543952216],[-80.3196707349677,25.7714690502852],[-80.3196036685452,25.7707847264645],[-80.3196064919501,25.770371889263295],[-80.3198370310931,25.77021626152]]]},"properties":{"FZONE":"AE"}},{"type":"Feature","geometry":{"type":"Polygon","coordinates":[[[-80.307301214678,25.7825222453049],[-80.3071446446122,25.782096308489304],[-80.3060390897887,25.7826416340759],[-80.3039661940329,25.782477690054],[-80.302905900825,25.782884175007894],[-80.301870079522,25.7828788412078],[-80.3016520116902,25.782664067788097],[-80.301636873281,25.780073614933],[-80.3018008167187,25.779857195160897],[-80.30242387562332,25.779789657026598],[-80.3026690061014,25.779395173792395],[-80.3032720649146,25.7791895007976],[-80.3036128147665,25.779427021409802],[-80.3040344381467,25.779498560619302],[-80.307326863376,25.779477929369],[-80.3075590509275,25.7791700480787],[-80.3080141679932,25.777617846235696],[-80.3080017748355,25.778236279842705],[-80.3073025477779,25.780338590414498],[-80.30720049467011,25.781465952457197],[-80.3074172285037,25.782113564586396],[-80.3073634176216,25.782947948440594],[-80.3071645701435,25.7833782000182],[-80.3067862446616,25.78385449636149],[-80.3071672363433,25.784560626499594],[-80.307177669377,25.784774693573503],[-80.3070378861289,25.7847797142542],[-80.30665862100922,25.7839416442792],[-80.3072193997152,25.78312224554419],[-80.307301214678,25.7825222453049]]]},"properties":{"FZONE":"AE"}},{"type":"Feature","geometry":{"type":"Polygon","coordinates":[[[-80.3013082812282,25.782896960273096],[-80.2976264722558,25.7828895872699],[-80.2978024944408,25.781912206089398],[-80.2977835902939,25.780249089172198],[-80.2993015113587,25.780183355119796],[-80.299736705588,25.7800105477481],[-80.30118779469072,25.780018628723493],[-80.3013082812282,25.782896960273096]]]},"properties":{"FZONE":"AE"}},{"type":"Feature","geometry":{"type":"Polygon","coordinates":[[[-80.3086464943607,25.78467724513103],[-80.3085957346132,25.782832874582503],[-80.3088873798567,25.7827687095863],[-80.3087381831627,25.7812525912419],[-80.3088904395185,25.78116826602229],[-80.3090899167156,25.782775061780995],[-80.3087642262211,25.782982931965],[-80.3088273290459,25.784605663422752],[-80.3086464943607,25.78467724513103]]]},"properties":{"FZONE":"AE"}},{"type":"Feature","geometry":{"type":"Polygon","coordinates":[[[-80.2780758609074,25.688829106703295],[-80.2778210043697,25.6885911143742],[-80.2776287442377,25.687887337086302],[-80.277966355376,25.6872575296154],[-80.2808769301342,25.687453633528797],[-80.2818393285357,25.687044327100402],[-80.2825015324272,25.686985810345295],[-80.2834394571271,25.687468459380195],[-80.283413414967,25.687691233886998],[-80.2827013213396,25.6879853885649],[-80.2813077307034,25.687976368748597],[-80.2790588909161,25.688747527381594],[-80.2780758609074,25.688829106703295]]]},"properties":{"FZONE":"AE"}},{"type":"Feature","geometry":{"type":"Polygon","coordinates":[[[-80.2732517066091,25.689485819260504],[-80.2731446346137,25.688670576886697],[-80.2733575245563,25.688348023956404],[-80.2736183423142,25.688223302770197],[-80.2743262776401,25.6883882657091],[-80.2747106415974,25.688011588285804],[-80.2746176102699,25.687719865515],[-80.2743502815228,25.68766542672009],[-80.2739736044495,25.688114504140298],[-80.27339439141551,25.6880813238454],[-80.2732557086037,25.687449633608598],[-80.27333187496,25.6869949864777],[-80.2738742974914,25.686863440257596],[-80.2751289699572,25.687062603258905],[-80.275583930716,25.6882006318435],[-80.2754749749535,25.689245395622898],[-80.2732517066091,25.689485819260504]]]},"properties":{"FZONE":"AE"}},{"type":"Feature","geometry":{"type":"Polygon","coordinates":[[[-80.2970569843831,25.696675610729],[-80.2970578476641,25.697026950198403],[-80.2966035929811,25.697121394435708],[-80.2965470350508,25.6977957570093],[-80.2968986105002,25.698228910514192],[-80.2968067550675,25.698303900789796],[-80.2964067828822,25.6979070658514],[-80.2963947023382,25.6970673484844],[-80.2969335953889,25.696900895186495],[-80.2970569843831,25.696675610729]]]},"properties":{"FZONE":"AE"}},{"type":"Feature","geometry":{"type":"Polygon","coordinates":[[[-80.2699666547516,25.707448377747298],[-80.2700275263919,25.707278238379594],[-80.2707629923864,25.707005967454396],[-80.2712100309027,25.7072085820525],[-80.2735132304428,25.7070398539415],[-80.2736396018437,25.706898659911804],[-80.2743298080192,25.7069085435479],[-80.2744740630808,25.7070283239897],[-80.2751034775661,25.7068141791122],[-80.2757583853408,25.706989965543805],[-80.2764521227937,25.7068875994008],[-80.2787572824578,25.7076264392733],[-80.2788518040903,25.7079229494237],[-80.2796018632165,25.708614096698795],[-80.2799862262755,25.709486836537206],[-80.2801555820627,25.709522763590705],[-80.2801389515518,25.7096860005486],[-80.2799459862423,25.7096457603282],[-80.2798090272975,25.7105444647839],[-80.2794488226315,25.711155524543194],[-80.2794343911964,25.711803608274295],[-80.2795642103314,25.7119761789939],[-80.2793252782288,25.7121814600924],[-80.27909356319111,25.7118185104121],[-80.27903151565611,25.711324016956603],[-80.27948051429641,25.709749224862303],[-80.2791407049806,25.708709481160003],[-80.2783085191761,25.707769753063495],[-80.2774158551934,25.7073942523067],[-80.276612534954,25.707417002137802],[-80.2763434796449,25.7071461439378],[-80.2752745572204,25.707179009728495],[-80.2751798783827,25.707344755807696],[-80.2747673549362,25.7074479074855],[-80.2744934370465,25.7073129082899],[-80.2740100814399,25.707383035627398],[-80.2738090357844,25.7072350179362],[-80.2717402965334,25.7073164397087],[-80.2715434864345,25.7075840032645],[-80.2708037049334,25.707734375871897],[-80.2703919648178,25.7076553850111],[-80.269934650473,25.707775636580497],[-80.2697341545864,25.707668485945895],[-80.2685523552531,25.708104305291396],[-80.26743699442,25.709009755513094],[-80.2667527494647,25.709115339581302],[-80.2658847154905,25.7101334311898],[-80.2663193608491,25.7103318875294],[-80.2666417554248,25.710166141563604],[-80.2670092535126,25.710248426559698],[-80.26725948192991,25.710752177296204],[-80.2671904535869,25.7109405153935],[-80.2675268879321,25.711301896756297],[-80.267249127948,25.712279905151195],[-80.267425150133,25.713324432542805],[-80.267560226209,25.713361299723804],[-80.2674409164645,25.7135774068461],[-80.2675773265387,25.713603213252497],[-80.2674313476101,25.7136506716119],[-80.2674490749639,25.714190582870202],[-80.2675285363407,25.7153092369935],[-80.2676822821032,25.7153528510842],[-80.2675307327215,25.715357872272005],[-80.2676619658048,25.7156170418348],[-80.2675406168846,25.7156274751013],[-80.2675210057637,25.715985324825898],[-80.2676561599931,25.7160106612915],[-80.2675088479646,25.7160558444394],[-80.2677837072887,25.716332193965698],[-80.2675265753184,25.7166057983838],[-80.2675446170826,25.716979806792796],[-80.2676697308421,25.716976277279507],[-80.2675422625982,25.717022165801197],[-80.2675774837439,25.717869569412795],[-80.26768816517,25.7179236148208],[-80.2675699540652,25.7199811364321],[-80.2677402503885,25.7200991903952],[-80.2675552064231,25.7201013868749],[-80.2672261445514,25.720777082473003],[-80.2668675873957,25.721077670326196],[-80.2670527876679,25.721586128254998],[-80.2666590111631,25.7212937763799],[-80.2664556909733,25.7217408938694],[-80.2661889910469,25.721757444122392],[-80.2665334266864,25.722397135130002],[-80.2665012669992,25.722585080896902],[-80.266387918475,25.722398312659898],[-80.2661832651853,25.722471262031895],[-80.2663301073949,25.722738827116405],[-80.2664719289203,25.722739139504796],[-80.2663599152926,25.7228803349692],[-80.2665398586238,25.723179196139295],[-80.267370946687,25.724031151022896],[-80.2680079716994,25.725338536134498],[-80.2697739248007,25.726680512871596],[-80.2697749443885,25.7272867102221],[-80.2699834415694,25.727791088819497],[-80.2709086595996,25.728652610870505],[-80.271532427275,25.729685921530695],[-80.2723260205565,25.7294280838998],[-80.2720463759069,25.728302369873],[-80.2720463750086,25.7273133002604],[-80.2721815310347,25.7269970243307],[-80.2719991541674,25.726753619852104],[-80.2722946442003,25.725178592572796],[-80.2732750062126,25.723294192657196],[-80.273297282635,25.722958620537497],[-80.2730508972105,25.722882844594896],[-80.2732483352318,25.722677798044703],[-80.2736032838551,25.722880570474196],[-80.2749804020839,25.720974911649],[-80.2766330093559,25.7194018457036],[-80.2765489980123,25.719655289436993],[-80.2743407117701,25.722000691301705],[-80.272791884168,25.724433477250304],[-80.27252565495881,25.725138588237595],[-80.2724443879683,25.726658392289696],[-80.272275032181,25.726919366985094],[-80.2727023832196,25.728993047533496],[-80.272643550755,25.7293098733006],[-80.2731109055697,25.731149247306096],[-80.2745281093216,25.733749427104794],[-80.2747182503278,25.7349071449443],[-80.2751816049446,25.7354610213486],[-80.2755884025295,25.735673911361697],[-80.2759336241948,25.736227003310507],[-80.2764589472949,25.736413223034397],[-80.2779890270571,25.737378681448902],[-80.278639778327,25.737296708960994],[-80.2789675070989,25.737982289048492],[-80.2797720041313,25.7380425310123],[-80.280350352986,25.737907376379802],[-80.2811816764078,25.737953344217296],[-80.2818111699448,25.737709781720095],[-80.2829388439856,25.7377482977628],[-80.2845936467401,25.738253696870704],[-80.2866933697836,25.7384948258301],[-80.29278560929322,25.7382413024917],[-80.293264572138,25.737930830037396],[-80.2939138331029,25.7370871128665],[-80.2945749374565,25.736826294817995],[-80.3023743002977,25.73652272683159],[-80.3027863539253,25.73660901209189],[-80.2946042755353,25.7369520372584],[-80.2938859862274,25.7372902766498],[-80.293168168535,25.7381744697639],[-80.292357475822,25.7384232085054],[-80.2852532625853,25.7386683377472],[-80.2836697627081,25.738041825396394],[-80.2832807706305,25.7381549374973],[-80.2832873588748,25.7379978983773],[-80.2829687309351,25.737878589323],[-80.2817667716102,25.7378718422671],[-80.2815738054023,25.737943302131303],[-80.2816326369686,25.738148427550204],[-80.2814629676693,25.738458743262495],[-80.2805983050724,25.7387106963125],[-80.2805412800182,25.738557342973305],[-80.2813187916595,25.7383166065982],[-80.2814835983781,25.737946284007798],[-80.2797758462258,25.738166860935795],[-80.278591301641,25.738090145503396],[-80.278218702919,25.737650088222004],[-80.2767498074109,25.736934624085503],[-80.2763630916642,25.7364786422655],[-80.2759208384734,25.736360274408803],[-80.2748726249111,25.7353843057881],[-80.2745583097831,25.735026376869193],[-80.2744186828418,25.734139046461497],[-80.27369294290702,25.733245518858297],[-80.2731243192136,25.732145534114],[-80.2723883807053,25.729647014435898],[-80.2714212760299,25.729863748269395],[-80.270877832114,25.728956180342],[-80.2699125312558,25.72820345494659],[-80.2697597278259,25.727784890680095],[-80.2687166122029,25.728214515094393],[-80.2664697325395,25.729926344402898],[-80.2642854501801,25.730124801709696],[-80.2642217560331,25.7298391179916],[-80.2663777207999,25.729654545312197],[-80.2681384187567,25.7282442440413],[-80.26961123630952,25.727506580210402],[-80.269547620316,25.726867752661093],[-80.2677302090203,25.7254243504196],[-80.2668409173132,25.723786257045994],[-80.2659438605688,25.722819149775997],[-80.26576328751861,25.7220659549846],[-80.2656034242289,25.7220109678132],[-80.2659882589034,25.7212317292681],[-80.2664322377578,25.7207668851673],[-80.2671198549887,25.7204848880438],[-80.2671922583023,25.720115820998792],[-80.2671879418973,25.719296734504],[-80.2669235165052,25.7190803140424],[-80.267060161938,25.718929236286098],[-80.26698540683512,25.718228831953095],[-80.2671399359285,25.7177589671707],[-80.266941793628,25.7174060589027],[-80.2671833937271,25.7169080332558],[-80.2671360929358,25.716113263198196],[-80.2669912899019,25.716024781077593],[-80.2671102861343,25.716004778991],[-80.2670831444363,25.7153729317871],[-80.2669646198194,25.715342654122896],[-80.2670898126306,25.715313473925704],[-80.2669577171647,25.715318964536305],[-80.2670876953015,25.715278725411594],[-80.2670651808256,25.7146818634276],[-80.2669007693656,25.714683274936398],[-80.2670574957383,25.714646250341502],[-80.2670135681209,25.713475666339196],[-80.2668984157796,25.713437073638396],[-80.2670218038754,25.7134137778307],[-80.2669769357219,25.7121933845167],[-80.2667782427541,25.712146396628604],[-80.2667038020615,25.7123422653011],[-80.2664464365292,25.712423687626092],[-80.2665133457465,25.712168360463796],[-80.2667708693823,25.7121045101745],[-80.2665640978651,25.711704536367897],[-80.2666234774037,25.7112101986481],[-80.2659031480218,25.7106594597565],[-80.2655702440556,25.7107030731236],[-80.2643295341043,25.709975056812098],[-80.2638921443925,25.709417103801595],[-80.2638871246067,25.709125614777694],[-80.2634924848209,25.7090818446203],[-80.26299642074791,25.7082661318006],[-80.2628933480522,25.7077230013919],[-80.2625175342599,25.707254078543798],[-80.2623887329161,25.7073296968953],[-80.2624672528585,25.7072175243281],[-80.2619135358089,25.706656432463195],[-80.2610659735417,25.7062157473147],[-80.2604222048765,25.7061575435091],[-80.2594874161952,25.705488673230004],[-80.2580752340259,25.7054124280314],[-80.257997185699,25.70582314769119],[-80.2578335557734,25.705475260430795],[-80.2569190842889,25.706425579126698],[-80.2555665960685,25.7084630963041],[-80.2539201862736,25.7097922906096],[-80.2521685083005,25.71242439420329],[-80.2505243748366,25.714365273871493],[-80.249912296938,25.715703878051993],[-80.2492038899965,25.7166239186581],[-80.2486451513645,25.717675348735195],[-80.24661100533682,25.719765736955],[-80.2447128004628,25.722017791843598],[-80.2431916616326,25.723413031582297],[-80.2420430424727,25.7248111732251],[-80.2405415156618,25.726099497840796],[-80.2395701745316,25.7272933777616],[-80.2379975793037,25.728489454158897],[-80.2358827942079,25.7306070605591],[-80.2348325405715,25.731922838766593],[-80.231162105169,25.7347493999439],[-80.2282095674089,25.736595992837195],[-80.2261230999058,25.7376307937725],[-80.2250927709025,25.7386766537737],[-80.2229950088814,25.7393522721352],[-80.2187502239238,25.741778859230298],[-80.2160497183982,25.7429354016371],[-80.2131728753789,25.744512702820696],[-80.2129122139278,25.7444891695472],[-80.2127477225178,25.7440238548287],[-80.2122961349329,25.7440685669248],[-80.210095849985,25.745166592427598],[-80.20806256723831,25.745966773996994],[-80.2087846204873,25.7454922020116],[-80.2093401449472,25.744535294241],[-80.2096575188388,25.744254474166596],[-80.20989119579701,25.744277456455404],[-80.2105441434478,25.7438206920379],[-80.2104310302822,25.742924262752393],[-80.2106025042969,25.741880598988292],[-80.2108105316588,25.741533730740297],[-80.2108435537286,25.740755903497895],[-80.214303453673,25.738376771519402],[-80.2158446725447,25.7387779220039],[-80.2165992798412,25.739583280855104],[-80.2184913680865,25.739571357558695],[-80.220286110396,25.738324609492597],[-80.2209492530269,25.737239370021292],[-80.2215611764153,25.736789743216498],[-80.2261722045142,25.7343236210799],[-80.2263974885127,25.7344568926939],[-80.2275961546138,25.736399183352503],[-80.2278643439469,25.736425460618495],[-80.2288815746151,25.7359681473189],[-80.2315263890847,25.734306677677594],[-80.2333240329526,25.7327321979571],[-80.2335764559542,25.7308464635429],[-80.2332375099194,25.72945075425711],[-80.2329503373876,25.7293836082621],[-80.2328764446673,25.7290692144983],[-80.2330093243625,25.7288786027737],[-80.2335468052616,25.728765332942796],[-80.2337763248167,25.7285627178324],[-80.23351833226032,25.727838389377002],[-80.2337446349484,25.727480460398],[-80.2341232721457,25.727382095088107],[-80.2348486985686,25.727780341816803],[-80.2353918289725,25.727126609855304],[-80.2359057767061,25.726909013208097],[-80.2362131119244,25.7270176549882],[-80.2369924282811,25.727723393207093],[-80.2374150703509,25.727814071864],[-80.2379712999883,25.727706292676405],[-80.2392859017616,25.7268363765082],[-80.2400311737657,25.7258258926012],[-80.2408144139636,25.7255994327989],[-80.2418795715489,25.724669821433597],[-80.2469040636303,25.719284496775497],[-80.2467769879502,25.719033328065],[-80.2454814475289,25.717955620555095],[-80.2461582427556,25.717064445479597],[-80.2463446198208,25.7170002012433],[-80.2480417790393,25.717850508886897],[-80.2489034592295,25.7166336444749],[-80.2479314901769,25.7161381302185],[-80.247924666574,25.715574527741197],[-80.2492442099797,25.7161990776647],[-80.2500722365844,25.7144164161029],[-80.2498617011262,25.713882858511504],[-80.2491304688917,25.7134028749412],[-80.2491485106559,25.713076636001997],[-80.2502836380186,25.712885081637296],[-80.2516780146807,25.712375603945905],[-80.2525618158847,25.7111704283809],[-80.2522850736918,25.710618043028198],[-80.2516134572528,25.710180888504993],[-80.2504773884557,25.709891361680004],[-80.2489706819589,25.7097374596419],[-80.24799957708561,25.7093918460613],[-80.24787564011912,25.709274653184202],[-80.2480071076626,25.7089090382175],[-80.2478785416775,25.708624217344404],[-80.246427296268,25.707432298193602],[-80.2460987042151,25.704543846255504],[-80.2473107049083,25.704243493452804],[-80.247617802073,25.703854188159298],[-80.2476833790887,25.703342748602797],[-80.2472885829961,25.7022512356996],[-80.2463171646108,25.7012347117401],[-80.2459586847101,25.700601688502097],[-80.2458177264656,25.6994250670444],[-80.246033282608,25.698866639611904],[-80.24626866393956,25.698640428584184],[-80.25865063838319,25.699739986604538],[-80.26769039557196,25.6848833782184],[-80.26849756343277,25.684158562698425],[-80.26926844404433,25.683824370092633],[-80.27137300785513,25.683683164270292],[-80.2708115490224,25.685294689284998],[-80.2695501302089,25.6876629155422],[-80.2686908045031,25.690422881043997],[-80.26777680283742,25.692078311077896],[-80.2643127472866,25.6972950646569],[-80.2622739731386,25.6998553961089],[-80.2614330808624,25.701197138205792],[-80.26074640326931,25.7027200018014],[-80.2588432540679,25.7047098274984],[-80.2598131848431,25.705065247000903],[-80.2608399843657,25.7057927915123],[-80.2608426505655,25.7059248866468],[-80.2615152084389,25.7055573892158],[-80.262107286246,25.7059620677434],[-80.2627905897669,25.706750640808703],[-80.262902917805,25.7071617532672],[-80.2636540737742,25.7077102145099],[-80.2639992954395,25.708692774497898],[-80.264754138993,25.7094275368024],[-80.265534159629,25.709907990473095],[-80.2673505531334,25.7084605879929],[-80.2677604085835,25.708331629648796],[-80.2677962567532,25.708112386302297],[-80.2681121403397,25.707848507504295],[-80.2686502509579,25.707635147601096],[-80.26922020595451,25.707693115149],[-80.2699666547516,25.707448377747298]]]},"properties":{"FZONE":"AE"}},{"type":"Feature","geometry":{"type":"Polygon","coordinates":[[[-80.2803298776857,25.712934969182395],[-80.280644193712,25.7132728163659],[-80.2809050905217,25.714255297239795],[-80.2809090907197,25.71618519341749],[-80.2807930759957,25.7161293440068],[-80.2807362845034,25.7138550101579],[-80.2805823815357,25.713433937368798],[-80.2801007506944,25.712916378915494],[-80.2803298776857,25.712934969182395]]]},"properties":{"FZONE":"AE"}},{"type":"Feature","geometry":{"type":"Polygon","coordinates":[[[-80.29637760200852,25.717595021792597],[-80.2941727688903,25.7177042928379],[-80.2941239786923,25.7176201240186],[-80.2942180305059,25.7175064630783],[-80.295741363022,25.717429040716798],[-80.2963705439453,25.717003259722695],[-80.2966558345065,25.7170202031626],[-80.2967581229729,25.7184236797639],[-80.29637760200852,25.717595021792597]]]},"properties":{"FZONE":"AE"}},{"type":"Feature","geometry":{"type":"Polygon","coordinates":[[[-80.2780297387058,25.718792982716295],[-80.2771417800986,25.719065723593804],[-80.2766687003205,25.719063996501497],[-80.2776594145181,25.718771960538096],[-80.2783144013446,25.718177531113795],[-80.2800628642473,25.7174608895738],[-80.2807932323025,25.716389534085103],[-80.280662314528,25.716863791690102],[-80.2801243629116,25.717591022885195],[-80.2806453705051,25.718048337264992],[-80.2800143875613,25.718560953506202],[-80.2798930386411,25.718974182003397],[-80.2786061265382,25.7192008000989],[-80.2780297387058,25.718792982716295]]]},"properties":{"FZONE":"AE"}},{"type":"Feature","geometry":{"type":"Polygon","coordinates":[[[-80.297053690261,25.7281751373382],[-80.2969188477469,25.727805677388393],[-80.2966337152892,25.727931262662704],[-80.2963693671523,25.7277560234828],[-80.2954109680504,25.727709272382],[-80.29540430075431,25.727433158888903],[-80.2952782437638,25.727451435320305],[-80.2950368017682,25.7282945249186],[-80.2953186427987,25.728601154294697],[-80.2953191135159,25.7292334701883],[-80.2952438095423,25.729529351107598],[-80.2949897363355,25.729553825264297],[-80.295038684637,25.727604553733897],[-80.2954289316611,25.727306318727],[-80.2968917087439,25.726948232766997],[-80.2973279207644,25.72723383845819],[-80.2980363277059,25.7281826666893],[-80.2985687888192,25.728410384014392],[-80.2986047932958,25.729593516552804],[-80.2977299348203,25.729517742410298],[-80.2975965053562,25.729257944405898],[-80.29715825416,25.7292951246843],[-80.2970469439132,25.72906450707049],[-80.2973923218854,25.7285488317915],[-80.2971782560482,25.7284931395174],[-80.2973021139629,25.7283667682375],[-80.297250264103,25.7280707322842],[-80.297053690261,25.7281751373382]]]},"properties":{"FZONE":"AE"}},{"type":"Feature","geometry":{"type":"Polygon","coordinates":[[[-80.2895825269088,25.7310687668068],[-80.2887538705851,25.7308830169719],[-80.2885461576335,25.730596156817796],[-80.2886660162486,25.7302863902877],[-80.2894029743447,25.7301306849303],[-80.2907774281705,25.7301077007151],[-80.2909806702069,25.730210459593195],[-80.2910031038345,25.730546424771596],[-80.2907302055326,25.730838461763497],[-80.2895825269088,25.7310687668068]]]},"properties":{"FZONE":"AE"}},{"type":"Feature","geometry":{"type":"Polygon","coordinates":[[[-80.2799929726232,25.730288900566297],[-80.280632349425,25.7315565942303],[-80.2805138248081,25.731867536505504],[-80.2799353187483,25.731135834163098],[-80.2797466671487,25.730285684625798],[-80.2799929726232,25.730288900566297]]]},"properties":{"FZONE":"AE"}},{"type":"Feature","geometry":{"type":"Polygon","coordinates":[[[-80.2728056122221,25.745631984394],[-80.2731080821648,25.745544521911295],[-80.2734820130883,25.7456791281611],[-80.2735006818766,25.745899076598896],[-80.2730093249757,25.7460339972017],[-80.2728056122221,25.745631984394]]]},"properties":{"FZONE":"AE"}},{"type":"Feature","geometry":{"type":"Polygon","coordinates":[[[-80.29741946538,25.782289744396298],[-80.2928132226067,25.78229264669689],[-80.2922367548243,25.781614677700198],[-80.2921534504547,25.780994283945095],[-80.2935540236956,25.7802494038361],[-80.294701857728,25.7798893565103],[-80.2953544909684,25.7793959592446],[-80.296155301315,25.7793179098563],[-80.2973839307224,25.779434239317503],[-80.29741946538,25.782289744396298]]]},"properties":{"FZONE":"AE"}},{"type":"Feature","geometry":{"type":"Polygon","coordinates":[[[-80.2610009453966,25.7118916200525],[-80.2591032103415,25.711861105975498],[-80.25900766912112,25.7109803634378],[-80.2594281157084,25.711009543888295],[-80.2597505102841,25.710807478854203],[-80.2606361144069,25.7108090474282],[-80.2608267270287,25.7109278866857],[-80.2610575814803,25.711672218152998],[-80.2610668359244,25.712225858798092],[-80.2610009453966,25.7118916200525]]]},"properties":{"FZONE":"AE"}},{"type":"Feature","geometry":{"type":"Polygon","coordinates":[[[-80.2607026346537,25.731103830357302],[-80.2608661055775,25.731218981868302],[-80.2609140333929,25.7315274147741],[-80.2602882274401,25.731368648886104],[-80.26029913029271,25.731156072430604],[-80.2607026346537,25.731103830357302]]]},"properties":{"FZONE":"AE"}},{"type":"Feature","geometry":{"type":"Polygon","coordinates":[[[-80.2058378885389,25.789021599032704],[-80.2047324900222,25.7889302132614],[-80.204438805603,25.788359944171994],[-80.205178196337,25.788325272832],[-80.2057612505671,25.788487176134097],[-80.2057999221418,25.78879011787919],[-80.2059724938977,25.7887876072193],[-80.2059805733454,25.789199502741997],[-80.2058378885389,25.789021599032704]]]},"properties":{"FZONE":"AE"}},{"type":"Feature","geometry":{"type":"Polygon","coordinates":[[[-80.2053502174257,25.790096483666],[-80.2049611471947,25.789465028069397],[-80.2050653957851,25.7893689367934],[-80.2056605332541,25.789418904654895],[-80.2053502174257,25.790096483666]]]},"properties":{"FZONE":"AE"}},{"type":"Feature","geometry":{"type":"Polygon","coordinates":[[[-80.2042209740281,25.790056712301695],[-80.20375212801,25.7896652122481],[-80.2031457750746,25.789261001546596],[-80.203682080079,25.789196288396695],[-80.2039353681582,25.789343679061496],[-80.2044201350182,25.7898996722652],[-80.2045157570869,25.7902743873803],[-80.2042057556689,25.7903132956433],[-80.2042209740281,25.790056712301695]]]},"properties":{"FZONE":"AE"}},{"type":"Feature","geometry":{"type":"Polygon","coordinates":[[[-80.3243358874607,25.740482532665293],[-80.3244580206101,25.7400624782398],[-80.3243258469908,25.739887083778196],[-80.3242832533716,25.738779018452796],[-80.3245373247817,25.7392935156878],[-80.32473039021262,25.740553944486162],[-80.3243358874607,25.740482532665293]]]},"properties":{"FZONE":"AH"}},{"type":"Feature","geometry":{"type":"Polygon","coordinates":[[[-80.32427760566341,25.7418832627638],[-80.3235033090925,25.7419136194418],[-80.3234037676742,25.741479759988003],[-80.323704904517,25.7415777325144],[-80.323908695424,25.74148321028469],[-80.3240000019861,25.741130066561798],[-80.3238795145503,25.740707737408805],[-80.32473286736844,25.74060743268359],[-80.3246083931988,25.741298951032697],[-80.3246759321351,25.742280099089193],[-80.3244161330668,25.742604140336994],[-80.3240909941379,25.742465140898098],[-80.3243764428026,25.7421030555862],[-80.32427760566341,25.7418832627638]]]},"properties":{"FZONE":"AH"}},{"type":"Feature","geometry":{"type":"Polygon","coordinates":[[[-80.3245786643528,25.743832064683897],[-80.3239559162652,25.7440444056617],[-80.3238421769739,25.743948548674805],[-80.3246596160346,25.7431904903908],[-80.3245786643528,25.743832064683897]]]},"properties":{"FZONE":"AH"}},{"type":"Feature","geometry":{"type":"Polygon","coordinates":[[[-80.3235731225631,25.74494671869339],[-80.3233564677812,25.744349150357692],[-80.323099099554,25.744519525559497],[-80.3225631871134,25.7442771408869],[-80.3228242411282,25.744064642540497],[-80.3233966287626,25.7440584468679],[-80.3241906927614,25.7443540918335],[-80.3236976092985,25.744438417313198],[-80.3241728082024,25.7448758075958],[-80.3235731225631,25.74494671869339]]]},"properties":{"FZONE":"AH"}},{"type":"Feature","geometry":{"type":"Polygon","coordinates":[[[-80.3222926441942,25.7447767357312],[-80.3211868531137,25.7447732046155],[-80.321191167722,25.744270708953596],[-80.3217673992476,25.7442785520445],[-80.3218798835925,25.744649189079805],[-80.3222926441942,25.7447767357312]]]},"properties":{"FZONE":"AH"}},{"type":"Feature","geometry":{"type":"Polygon","coordinates":[[[-80.3260823102894,25.745747291749097],[-80.3256549610475,25.7458341261904],[-80.3255933842297,25.745468745800597],[-80.3258064313775,25.745648533748593],[-80.3259338196713,25.745398148152596],[-80.3264006247171,25.745784707993195],[-80.3262620200586,25.7459925790381],[-80.3260823102894,25.745747291749097]]]},"properties":{"FZONE":"AH"}},{"type":"Feature","geometry":{"type":"Polygon","coordinates":[[[-80.3232842225711,25.7465285688329],[-80.323276612044,25.747244426701297],[-80.32301579518442,25.7472810592365],[-80.3228367142359,25.7471728874717],[-80.3228437731974,25.7467708752813],[-80.3230217564046,25.74654543524329],[-80.3232842225711,25.7465285688329]]]},"properties":{"FZONE":"AH"}},{"type":"Feature","geometry":{"type":"Polygon","coordinates":[[[-80.3212861600718,25.7476444007165],[-80.3207162041768,25.747657971394396],[-80.3206714923302,25.747877998699497],[-80.3204964106813,25.747878391125397],[-80.3202514374084,25.747493792141295],[-80.3202708131707,25.7470922495236],[-80.3208350423057,25.74691724734879],[-80.3210371084474,25.746613756924596],[-80.3221971020755,25.746605598425607],[-80.3222345178054,25.7471157822814],[-80.3224956490753,25.747545093277008],[-80.3217244130646,25.747641811509904],[-80.3215676085385,25.747932594426597],[-80.3212861600718,25.7476444007165]]]},"properties":{"FZONE":"AH"}},{"type":"Feature","geometry":{"type":"Polygon","coordinates":[[[-80.3251967834217,25.7481997664173],[-80.3256286044771,25.7478574477205],[-80.3257628954255,25.748121324318998],[-80.3260981538761,25.747998563184897],[-80.32670959595544,25.748132064943736],[-80.32668768209204,25.74826996010903],[-80.3256278202478,25.7482689520994],[-80.325179996604,25.7484702325495],[-80.3251967834217,25.7481997664173]]]},"properties":{"FZONE":"AH"}},{"type":"Feature","geometry":{"type":"Polygon","coordinates":[[[-80.3201893898734,25.751070020436394],[-80.3204522486036,25.7505697982987],[-80.3214262559336,25.7493457181127],[-80.3215967094621,25.7495900650639],[-80.321457789495,25.749591947062594],[-80.3209720803023,25.750203633073596],[-80.3210830752405,25.750723700890298],[-80.3208663414069,25.750804808081902],[-80.3205825393541,25.7506559277197],[-80.320498999626,25.750827948497296],[-80.3206829449517,25.751006951594796],[-80.3215938860572,25.7509529851458],[-80.3217713985472,25.7510660194185],[-80.32041585156331,25.751200389626803],[-80.3203614127587,25.7515167443619],[-80.320465817656,25.7517638353564],[-80.3215859638147,25.751874829929896],[-80.3203612564519,25.751922129802697],[-80.3203825141848,25.752422194944593],[-80.3210988415721,25.752556486754802],[-80.3203883963532,25.7526666197128],[-80.32045075829862,25.7531550737137],[-80.322607585448,25.7530847112243],[-80.3229478645826,25.752700976216694],[-80.3229443360002,25.753094204276596],[-80.32413845033771,25.753119226997896],[-80.3246822859191,25.752972226627097],[-80.3248497588376,25.752608415178596],[-80.3246945236682,25.752438274078397],[-80.3248888220777,25.752502675546797],[-80.3249912687171,25.752791422094386],[-80.3247974382605,25.752966499882703],[-80.32499771375626,25.753178962965446],[-80.324653576661,25.753223788047098],[-80.3245454841795,25.753675297706597],[-80.32509947321623,25.753727984675752],[-80.32512898594243,25.753887213465703],[-80.3245068898599,25.753921054885097],[-80.3244686890025,25.754279768333596],[-80.32522531174405,25.75440691325504],[-80.32525730549698,25.754579525933575],[-80.3244735524814,25.7546114970887],[-80.3244297838658,25.754980329197394],[-80.32454077790571,25.7550864598344],[-80.32535118962625,25.75508604678705],[-80.32538953074959,25.755292902492215],[-80.3224060690752,25.755436781284395],[-80.3222098096435,25.755921627573198],[-80.3223732033122,25.756032465346895],[-80.3253399389454,25.755859109858196],[-80.32553360464502,25.7560701951256],[-80.3222436177392,25.7561938981453],[-80.3222226726201,25.756626503208697],[-80.32567772975541,25.75658122983882],[-80.3259114626256,25.75675212627574],[-80.3258190598937,25.757165003274405],[-80.32648532904375,25.757363974297636],[-80.325910523661,25.7574852029562],[-80.3259265253512,25.757951066882395],[-80.32698427069813,25.758005461577504],[-80.32843098216469,25.760054667292682],[-80.32855996251769,25.76132218153712],[-80.32851796306815,25.76151708838838],[-80.3281175531601,25.7615271364454],[-80.3280493090462,25.762026496119596],[-80.3278858372241,25.761856983375996],[-80.3278340655177,25.762042419428496],[-80.3277753920549,25.761832510209494],[-80.32753661625911,25.7617210443784],[-80.3274245235796,25.7618216060975],[-80.3275457152946,25.762058656638402],[-80.3268127582947,25.762076621122393],[-80.3267744002321,25.761824194995],[-80.3262964551784,25.761922560919892],[-80.32627064837702,25.761758303492698],[-80.3258887952109,25.761748735084005],[-80.3257635251446,25.7616055777799],[-80.3258141982114,25.762106662781903],[-80.3244679056715,25.762092543615495],[-80.3243513420769,25.7618620835024],[-80.3242796457374,25.762088386826505],[-80.3238279791008,25.76214400106],[-80.3223681826281,25.762254134025696],[-80.3223588473357,25.762063049664892],[-80.3212201904922,25.762139451894],[-80.3212598035013,25.761525412397194],[-80.3216966443425,25.761040093859393],[-80.32223663513452,25.7612620833616],[-80.32250718164701,25.761876437314893],[-80.3225826419275,25.761558122384695],[-80.3221971802289,25.760951062674497],[-80.3218284262964,25.760773549441],[-80.3215315259085,25.760838969821204],[-80.3214354358175,25.760686400688197],[-80.32147802764,25.758901543040402],[-80.3213096923389,25.758753366994096],[-80.3207885275403,25.756784954604996],[-80.3208669684309,25.7565726930356],[-80.321084957211,25.756871869165497],[-80.3212776889586,25.756632935281996],[-80.320903678085,25.756361998250995],[-80.3212859247132,25.7562892824642],[-80.3212743939382,25.755737212719303],[-80.3211902262876,25.755561344627598],[-80.3207910383315,25.755500319463504],[-80.3206070130557,25.756046193644195],[-80.32022108064,25.754174029380696],[-80.3201893898734,25.751070020436394]],[[-80.3220999906001,25.7618261560847],[-80.3221800798992,25.7615371773469],[-80.3220210008388,25.761296598376493],[-80.3217856763703,25.7612273345257],[-80.3215538023309,25.7613452310203],[-80.3214284541111,25.7619959827757],[-80.32176018218262,25.7620144165061],[-80.3220999906001,25.7618261560847]]]},"properties":{"FZONE":"AH"}},{"type":"Feature","geometry":{"type":"Polygon","coordinates":[[[-80.32867840380308,25.78122340664122],[-80.3256918288051,25.781076096847507],[-80.3242898443109,25.780767744071],[-80.3237594223733,25.7808676781228],[-80.3211783038472,25.780448958065296],[-80.3210604835094,25.7802157501545],[-80.3212838864358,25.778586834701198],[-80.3209854948445,25.777528658420792],[-80.3208924626187,25.775409404198598],[-80.3209865144323,25.7727910255332],[-80.3212158758839,25.7723075902011],[-80.3209937314973,25.772344143816202],[-80.3209367037481,25.7718343531045],[-80.3215561559169,25.7717922296257],[-80.3216381262883,25.7719131087856],[-80.3221152098576,25.771240080695105],[-80.3219569913832,25.77088654411429],[-80.32186678435902,25.771503407820095],[-80.3216969587529,25.7716911974473],[-80.3214007626441,25.771749166117196],[-80.3210158507146,25.7715905567213],[-80.3209214862872,25.77007883225709],[-80.320624585001,25.7698682949225],[-80.3208933241031,25.769552255234604],[-80.3205778339787,25.766658153759597],[-80.3207835068562,25.765365202068995],[-80.3206106997416,25.7650634390973],[-80.3207016927917,25.7647692048182],[-80.321156181935,25.764687389571495],[-80.3207504829897,25.7643456199871],[-80.3209717667903,25.7631647613783],[-80.3207223235005,25.762950851099195],[-80.3211387689915,25.7630554908659],[-80.3209570200466,25.764267177227],[-80.3211682633772,25.764431277470504],[-80.3213234985466,25.7641933644039],[-80.32131126169571,25.762877272074505],[-80.3219354982917,25.7626905032446],[-80.32808199692191,25.762527686415947],[-80.32682017940097,25.76489229451976],[-80.32619800117912,25.76546502995805],[-80.32547159602778,25.76582687879192],[-80.32547161258933,25.76648718415164],[-80.32637601374537,25.767100167067913],[-80.32686583108219,25.76776448969005],[-80.32714754420657,25.769062313731673],[-80.32652046866703,25.772876302941157],[-80.3263614833236,25.772308609489404],[-80.3263524624415,25.7729501049451],[-80.3259940642875,25.7730974971917],[-80.326026538385,25.773202921596095],[-80.3246749125473,25.7732975229353],[-80.3246740501646,25.7741029599685],[-80.3248406589037,25.7743153802955],[-80.32493455441052,25.7741453964983],[-80.3251114398765,25.774144690287997],[-80.3251491700167,25.7744025295584],[-80.3247692787713,25.7743567974787],[-80.3246061986146,25.7745521154741],[-80.3246924835942,25.7755264380318],[-80.3245642320195,25.7757707836852],[-80.3249267103214,25.776406474140103],[-80.3251515236027,25.776186915491493],[-80.3255692240402,25.776423260266995],[-80.3263036722434,25.776237667908095],[-80.3260483458869,25.775851970029592],[-80.326169381295,25.775478118594595],[-80.3259498231581,25.775167961084893],[-80.326122628476,25.774746415498605],[-80.32611017586231,25.775314430051196],[-80.32861808924065,25.778285654215953],[-80.32896831352602,25.779013251094437],[-80.32906820183251,25.779687190156544],[-80.3287280652951,25.779701566106596],[-80.3286291500026,25.779911475269305],[-80.3287880727561,25.780005056890896],[-80.3288324710907,25.7798313877727],[-80.3289307575626,25.779812404325597],[-80.3290474288152,25.78006610479563],[-80.3289860587498,25.7802614815937],[-80.3286779410989,25.780207043908902],[-80.3286913556411,25.780392793456798],[-80.32896406516085,25.780429081367668],[-80.32867840380308,25.78122340664122]],[[-80.3213727594618,25.7715685933501],[-80.3216748386373,25.771309422027],[-80.3216698179532,25.770413933967],[-80.321451202149,25.7701515468789],[-80.3210668381918,25.770299095497197],[-80.3210470716623,25.770444133692997],[-80.3210309109703,25.7712502769054],[-80.3213727594618,25.7715685933501]],[[-80.3231489111365,25.778372531580892],[-80.3232381003695,25.780011724707],[-80.3241394708239,25.78020186691599],[-80.3239460347971,25.779054503003895],[-80.3239830588615,25.778849456327197],[-80.3242100685237,25.7790942723953],[-80.3240767971631,25.779409371791495],[-80.3242976875016,25.7794471018011],[-80.3242056766603,25.77843928668119],[-80.3236550156793,25.7783613151285],[-80.3236380734531,25.7786620590282],[-80.3235372752917,25.778343586886496],[-80.3231489111365,25.778372531580892]]]},"properties":{"FZONE":"AH"}},{"type":"Feature","geometry":{"type":"Polygon","coordinates":[[[-80.3262086017403,25.774439787927797],[-80.3261871877006,25.7743426781515],[-80.3258577323667,25.774450299351496],[-80.3255870304457,25.774284709130605],[-80.325369589638,25.774416961131095],[-80.3253058954911,25.774178733985995],[-80.3261791082529,25.773885755141396],[-80.3261481226638,25.773731147237605],[-80.3259548438422,25.7737269900472],[-80.3260133600998,25.773303327167405],[-80.326456868237,25.773124794518896],[-80.3262086017403,25.774439787927797]]]},"properties":{"FZONE":"AH"}},{"type":"Feature","geometry":{"type":"Polygon","coordinates":[[[-80.32149121313438,25.784532968648715],[-80.3211880308051,25.784324204106298],[-80.3214753623386,25.78417233976939],[-80.3214106477055,25.783719184368696],[-80.3216091044164,25.7835484181049],[-80.3217390816549,25.782953595276698],[-80.3216567178214,25.7827977316631],[-80.3212916514731,25.782868800494196],[-80.3210187540696,25.782715760597203],[-80.3212847479201,25.782303158233795],[-80.3219799756781,25.782433058750602],[-80.3219864866672,25.7826798338304],[-80.3223863025457,25.782688383779004],[-80.32260962642032,25.782652694817095],[-80.3224870216553,25.782520597597404],[-80.32296982928972,25.7824691400901],[-80.3236317187708,25.7821626691817],[-80.325647902086,25.781911264537396],[-80.3247971247484,25.7817529696348],[-80.3284928958407,25.781723279982348],[-80.327787611955,25.783243456412144],[-80.3266512333307,25.78410364585406],[-80.32549761218529,25.784366019603194],[-80.32149121313438,25.784532968648715]]]},"properties":{"FZONE":"AH"}},{"type":"Feature","geometry":{"type":"Polygon","coordinates":[[[-80.32232173240928,25.688509961947116],[-80.3191810228821,25.68856256148],[-80.3194299972513,25.688451959527804],[-80.3191706680018,25.688378850872603],[-80.3193963454625,25.6881887867785],[-80.3192971948113,25.687543998011396],[-80.3191659635247,25.687708175832896],[-80.3186203223296,25.6877230801774],[-80.3184354364677,25.6870590736679],[-80.3175988579014,25.6863003079437],[-80.3173529422958,25.6858749968516],[-80.3177036584427,25.682439428372746],[-80.31898875904328,25.682403461459476],[-80.3188932206314,25.6828622156239],[-80.3190836778447,25.682994311910402],[-80.318868040854,25.682961836131796],[-80.319102423888,25.683365653978296],[-80.3196583400134,25.683251991092792],[-80.3197783549354,25.6830647514915],[-80.3207100839548,25.683075499294198],[-80.32084476397898,25.68290069089393],[-80.32128814706807,25.68324859213049],[-80.3213055340375,25.683846577933597],[-80.3217769895466,25.683874437489806],[-80.3218841964042,25.6844772486152],[-80.3220176904755,25.684443584504113],[-80.32229512027509,25.688074106514396],[-80.3217255090092,25.6879698560555],[-80.3215241498417,25.687230231995102],[-80.32133675318862,25.688052299680994],[-80.3215788240048,25.6882212611322],[-80.32230390278418,25.68821794735846],[-80.32232173240928,25.688509961947116]],[[-80.3186863709608,25.6873378535557],[-80.318937305454,25.687211798002398],[-80.3188441178197,25.687054836539495],[-80.3194558040528,25.687153907912396],[-80.3193837160479,25.686802882560897],[-80.3197344282163,25.686575559192395],[-80.3199412778869,25.6866194865802],[-80.3199993252239,25.6865019806602],[-80.3205539855045,25.6866875739182],[-80.3201402834684,25.686462054801694],[-80.3203344273676,25.6861431105116],[-80.3201223225526,25.6856985048911],[-80.3202737129325,25.685284097116398],[-80.3200816109039,25.685106584244302],[-80.3198883302857,25.6850784239574],[-80.3197185046795,25.6853491251155],[-80.3197024239377,25.685177182867903],[-80.3193627709287,25.685183535422393],[-80.3193891283975,25.6853230057641],[-80.3190900316287,25.685055439944904],[-80.3185326269949,25.685105565017697],[-80.3184201408533,25.6852506027367],[-80.3181994050251,25.685067363038492],[-80.3175274768707,25.68504500804649],[-80.3173884760552,25.685734902184898],[-80.3175361833424,25.6861003600277],[-80.3179418822876,25.6865090398751],[-80.3182605901774,25.686574068015094],[-80.3186863709608,25.6873378535557]]]},"properties":{"FZONE":"AH"}},{"type":"Feature","geometry":{"type":"Polygon","coordinates":[[[-80.3223910079212,25.690439273749202],[-80.3218365821008,25.6904175455215],[-80.32183579697332,25.690760650458895],[-80.3219139261485,25.6909512633463],[-80.32247727490157,25.69105739672201],[-80.3224629378226,25.691381592274],[-80.3219566769729,25.6914191648582],[-80.3219095333868,25.6915435742751],[-80.3216349094212,25.691363707771497],[-80.3212540767414,25.6915971499805],[-80.3212807468239,25.6912711467465],[-80.3204094959826,25.691184469986496],[-80.3204601690495,25.6914863897539],[-80.3202253143999,25.691781409326897],[-80.3198968795523,25.6911958428087],[-80.3196005289333,25.691141561838197],[-80.31903708402751,25.691451169625196],[-80.3192107526264,25.691613621856],[-80.318952366608,25.691728069271],[-80.3187517135163,25.691613466430404],[-80.318554589007,25.6911435232845],[-80.3180837056098,25.691197019837805],[-80.318429710606,25.690783946652594],[-80.3181453596826,25.690448217284498],[-80.3182620804824,25.690357852576597],[-80.3181430051983,25.690270310587294],[-80.3177628785942,25.690377776402595],[-80.3174978252797,25.690091778676095],[-80.3182382347032,25.689763187331003],[-80.3188401158251,25.689685608494198],[-80.3192225969135,25.689923286971304],[-80.3192771129731,25.689787896333296],[-80.3194474110931,25.689897478668996],[-80.3193951686694,25.689550139871997],[-80.3198388340118,25.6894554613446],[-80.3198246361388,25.690140727018697],[-80.3203978080025,25.690156807288794],[-80.3205499853065,25.690040634898004],[-80.3209265033781,25.690240816626694],[-80.3203095628988,25.690308512516996],[-80.320181858398,25.690439510128],[-80.3202405336575,25.6911069681695],[-80.32097576609,25.691085868244805],[-80.3213563625129,25.6909053744869],[-80.3214614752826,25.690674521368795],[-80.3215797645409,25.690823166785595],[-80.32162620294952,25.690457707242395],[-80.321891256264,25.690307335479],[-80.32242981559943,25.690280129808205],[-80.3223910079212,25.690439273749202]]]},"properties":{"FZONE":"AH"}},{"type":"Feature","geometry":{"type":"Polygon","coordinates":[[[-80.32078248547171,25.6925067578881],[-80.3213431069726,25.692435532196598],[-80.3215347382839,25.692805383685194],[-80.3216910729911,25.6927045879192],[-80.3218632521833,25.6928447618145],[-80.3220569235687,25.692705920357596],[-80.3220675928593,25.692390115849292],[-80.32255725561961,25.692367266183524],[-80.32265545983273,25.693975555908438],[-80.3224846662727,25.6938500682161],[-80.3222213386219,25.693961377508703],[-80.3218408176574,25.693839478427297],[-80.3216255741288,25.6935326938926],[-80.3216582853816,25.6932913296941],[-80.3213042009376,25.693118523034304],[-80.3207917417124,25.6932372051022],[-80.3206845915636,25.6934452319487],[-80.3202522988927,25.693457312054196],[-80.3200192498569,25.693039533808097],[-80.3197037579359,25.6933740068185],[-80.319880250838,25.693471901595096],[-80.3197605503264,25.693695853210492],[-80.32002999550431,25.6936951473316],[-80.3202475917206,25.694040367742396],[-80.3208597495693,25.6941298699765],[-80.3209905128337,25.694291458065397],[-80.3209501155953,25.693988047848997],[-80.32119806858,25.694177954551694],[-80.3216072979044,25.6939994204034],[-80.3219187896274,25.6942544344123],[-80.3223142145408,25.694260631870094],[-80.3225671882096,25.6941969371104],[-80.32265595302735,25.693983632865276],[-80.3227255788247,25.69512387279843],[-80.3204777400964,25.6950343005006],[-80.3200913378618,25.694894438406198],[-80.3200419188431,25.694796072868396],[-80.3202402974005,25.694778973271394],[-80.3199396321733,25.6947330073666],[-80.3195694651908,25.6941825030807],[-80.319262054514,25.694436968673493],[-80.3193032359816,25.69463213066439],[-80.3194541574409,25.6948378043258],[-80.3199029207226,25.6949110692943],[-80.3199022146467,25.695131174771497],[-80.3188774551982,25.695051870371703],[-80.3184863448931,25.694833803034697],[-80.3182040349421,25.6941083771746],[-80.3178114352303,25.694213487956397],[-80.3177755861622,25.6947635193587],[-80.3176545507541,25.694079195818595],[-80.3182438033597,25.693969457051196],[-80.3181502240599,25.6938532851415],[-80.3183222460469,25.6938118674225],[-80.3181096678198,25.6937865318976],[-80.318045503854,25.693912743200503],[-80.3176552577282,25.6937731169705],[-80.3176962819906,25.6936101933215],[-80.3181506148271,25.693534106461797],[-80.3182458434337,25.693293369626197],[-80.3178242200534,25.693169981194696],[-80.3177838228151,25.693417228246894],[-80.3176616106139,25.6934260914184],[-80.3175980736722,25.692544487970203],[-80.3178122967146,25.6926242627411],[-80.3179247819579,25.692957248248998],[-80.3182728279265,25.6930153727015],[-80.3184173165501,25.6932913288846],[-80.3186008693121,25.6933231761061],[-80.3186300501858,25.693632315190598],[-80.3188900064593,25.693645178867804],[-80.3191981241102,25.693609488251695],[-80.3193048053384,25.6934294653975],[-80.3192719368805,25.6932997225573],[-80.3188087394688,25.693167313899796],[-80.3192266761632,25.692946344295102],[-80.3192877041103,25.692719883436904],[-80.3188390962372,25.6926482668838],[-80.3187767360885,25.692851429664998],[-80.3186642508453,25.6925822180404],[-80.319640063789,25.692514524252008],[-80.3197012471446,25.6928608417195],[-80.3201865655701,25.693063849523895],[-80.3201268707229,25.692919830764396],[-80.3204261255951,25.6928256219973],[-80.3204896634352,25.692527701327204],[-80.3206093648451,25.692937480278395],[-80.3210237720587,25.6929075935615],[-80.3210429888193,25.692615713596496],[-80.32078248547171,25.6925067578881]]]},"properties":{"FZONE":"AH"}},{"type":"Feature","geometry":{"type":"Polygon","coordinates":[[[-80.32274978516409,25.69552028834619],[-80.3227148928019,25.697121706891398],[-80.3225846011531,25.696853123357805],[-80.3218325828012,25.6969488224146],[-80.3216069852906,25.696748874566794],[-80.3215219543591,25.6970613867288],[-80.3211506123802,25.696809745329304],[-80.3209260326609,25.69728329658661],[-80.3208331594369,25.696820414182298],[-80.3205872447296,25.6971614000964],[-80.3200437235585,25.6968790871904],[-80.3194898484055,25.696905600648996],[-80.3192206367895,25.696601012832392],[-80.3193219047698,25.697156378140903],[-80.3191827485458,25.6972992196646],[-80.3190362207465,25.696667766117592],[-80.3186957835084,25.6966829834167],[-80.3186442489571,25.696840417064898],[-80.3185476863523,25.6966209364234],[-80.3185264286194,25.696779546318098],[-80.3183791156926,25.6967711520812],[-80.3183180877455,25.6963685121392],[-80.3181653615708,25.696325055414896],[-80.3181603417849,25.6964633478753],[-80.3180316985447,25.696300581707597],[-80.31821179997941,25.696140011429904],[-80.3181603426833,25.696010269924003],[-80.3178522241341,25.695916061982697],[-80.3179452563598,25.6960065827498],[-80.317706167052,25.6962065310346],[-80.317923135346,25.696307170845404],[-80.3175687364917,25.696367021893998],[-80.31753249665651,25.695586998590397],[-80.32274978516409,25.69552028834619]]]},"properties":{"FZONE":"AH"}},{"type":"Feature","geometry":{"type":"Polygon","coordinates":[[[-80.3179128604158,25.718459055396],[-80.3182511776298,25.719780011684197],[-80.318210075214,25.720490142905998],[-80.3180509171019,25.7206900112126],[-80.31790603591452,25.720205792451097],[-80.3179128604158,25.718459055396]]]},"properties":{"FZONE":"AH"}},{"type":"Feature","geometry":{"type":"Polygon","coordinates":[[[-80.3206943176232,25.720068675186102],[-80.3209549790743,25.7199722711914],[-80.3209773345484,25.7197903660819],[-80.3211345316383,25.719637169624402],[-80.3211743027509,25.719773499921608],[-80.3213766015563,25.7195278987361],[-80.3215176388525,25.719547824154397],[-80.3207369121407,25.720308706371597],[-80.3205582219594,25.720209008664195],[-80.3203833765674,25.7204444896134],[-80.320639879717,25.720369420217605],[-80.3203061097749,25.720589841996397],[-80.3202641449764,25.720482376748798],[-80.3206943176232,25.720068675186102]]]},"properties":{"FZONE":"AH"}},{"type":"Feature","geometry":{"type":"Polygon","coordinates":[[[-80.3208713611927,25.7197757757204],[-80.319202047053,25.7214292444866],[-80.3191782003755,25.719139928648097],[-80.3192144402107,25.719096549839595],[-80.3192880176224,25.719191072873397],[-80.3194409010023,25.71918911108],[-80.3191825931373,25.719049955580292],[-80.3191991445964,25.718845144409897],[-80.3192924121807,25.7190045388662],[-80.3199681060728,25.718997949366297],[-80.3201808397085,25.719890613665697],[-80.3203756878869,25.719981684338602],[-80.3208713611927,25.7197757757204]]]},"properties":{"FZONE":"AH"}},{"type":"Feature","geometry":{"type":"Polygon","coordinates":[[[-80.31962210107652,25.724141752288396],[-80.3196042165175,25.7247337507627],[-80.3196878352974,25.72485494245119],[-80.3199746952154,25.724794385468],[-80.3198997056521,25.724918479179095],[-80.3227044606665,25.7247135907118],[-80.3226484534035,25.723946981015704],[-80.32276015351921,25.723763584799496],[-80.3226239797019,25.7233094866718],[-80.3227392101966,25.722232564081395],[-80.3224350927437,25.72134123328989],[-80.322273659199,25.7212377691249],[-80.3204255776228,25.7213202884462],[-80.3209141111187,25.7210729633914],[-80.320781309577,25.720923139357595],[-80.3220252345987,25.71968933337579],[-80.32087943974201,25.7209980513981],[-80.321585648506,25.7206859330967],[-80.32168942727752,25.720494456538297],[-80.3216971141614,25.720835599613896],[-80.3221784314906,25.720871838871098],[-80.3224104609386,25.720751118188595],[-80.3222767970143,25.720152686884497],[-80.3224399562227,25.7197040799462],[-80.3223168807406,25.719494876111195],[-80.3231634997767,25.718662375646392],[-80.3226653974264,25.7192755537881],[-80.3226957532965,25.720756137529893],[-80.3228506749537,25.721080022174895],[-80.32339733394011,25.7213650009892],[-80.32341165227618,25.721702552186972],[-80.3231408307905,25.721390494123504],[-80.3224860793226,25.721163014241096],[-80.3231079632309,25.722095918547396],[-80.3228119252257,25.7229696795545],[-80.3230887446737,25.724128181353098],[-80.3228893465284,25.724279573792295],[-80.3228660505181,25.7248247424639],[-80.31969254157121,25.725112778668798],[-80.3193782264432,25.724917146292096],[-80.3194816908044,25.7241553224127],[-80.31962210107652,25.724141752288396]]]},"properties":{"FZONE":"AH"}},{"type":"Feature","geometry":{"type":"Polygon","coordinates":[[[-80.3133712523254,25.7228677042916],[-80.3150772779158,25.722859546590495],[-80.315147873819,25.722721725868798],[-80.3148365401994,25.7224016825805],[-80.3147502543214,25.721911895504697],[-80.3151636410489,25.7215968733895],[-80.3155414940169,25.721674452471095],[-80.3156699036952,25.722261744199898],[-80.3160909764082,25.7224794974523],[-80.3160344993263,25.722711684114902],[-80.3164914992608,25.722685327743793],[-80.3165009899618,25.721454738416597],[-80.3168466832427,25.7213315062395],[-80.3178446163019,25.721350411630098],[-80.3180337377204,25.721050843384997],[-80.3180487997727,25.721273303353495],[-80.3177675076129,25.721399907967896],[-80.31779653128142,25.721507999597698],[-80.3176780057662,25.721388454672997],[-80.3172099457739,25.721471837418395],[-80.3172097894671,25.721591147560993],[-80.3173625138451,25.721480153029095],[-80.3178852488989,25.721920444973097],[-80.3178702658982,25.722503107920193],[-80.3180741349587,25.7225478985204],[-80.3173060358649,25.723334589310305],[-80.3167610252871,25.723297015470497],[-80.316925986516,25.722979562664893],[-80.3170847520644,25.723004898449993],[-80.3173492574065,25.722256017594095],[-80.3173160763348,25.721835415611096],[-80.31696991413341,25.721470975508293],[-80.3168422114292,25.721673825260595],[-80.316598414051,25.721667471415998],[-80.3166024160456,25.722165496559104],[-80.3167184307696,25.7222085594305],[-80.3166019462267,25.7222400954272],[-80.3165446040672,25.722849270961696],[-80.3161658887164,25.722865586364698],[-80.3163903884857,25.7229674831277],[-80.3162871585848,25.723103264143496],[-80.315856985938,25.722975169811797],[-80.3160222615772,25.722787302353698],[-80.315769603217,25.722696388404803],[-80.3156422131266,25.7224642017123],[-80.3154066532995,25.722520208389795],[-80.3150120934638,25.722363482857695],[-80.3152957356165,25.722761260006497],[-80.3152105492764,25.722991956207096],[-80.3154831331679,25.723033216480292],[-80.3152238847668,25.7233183508545],[-80.3150910041733,25.7229459898682],[-80.3139379922516,25.7229564216827],[-80.3139401886325,25.723063181417995],[-80.3133712523254,25.7228677042916]]]},"properties":{"FZONE":"AH"}},{"type":"Feature","geometry":{"type":"Polygon","coordinates":[[[-80.3187026098062,25.730399189307697],[-80.3183250694519,25.728485293766298],[-80.3183723702431,25.727244585510203],[-80.3182032507128,25.726663568379994],[-80.3181941516773,25.725684932087198],[-80.3184873653793,25.7241452807798],[-80.3188742392294,25.723264383971305],[-80.3190253178939,25.724233841834803],[-80.3187854425602,25.7257784350529],[-80.31912439039172,25.725074657507598],[-80.3193263774816,25.72396274838],[-80.3194000321484,25.724486580905495],[-80.319453137853,25.7237771557763],[-80.3194285078446,25.724315971429405],[-80.3193661458992,25.7247774431355],[-80.3190144132447,25.726166170646994],[-80.3191205465006,25.725878997253197],[-80.3191914577125,25.7258699754527],[-80.31889102514891,25.726948702142398],[-80.3189433457259,25.727743629627696],[-80.3187674807461,25.728003977191996],[-80.3188390971355,25.729244215441092],[-80.3189198925105,25.7290664678918],[-80.3190599892706,25.7295073880503],[-80.3190757556022,25.7298691589021],[-80.318909616682,25.729745613363505],[-80.3190363779517,25.730032082275798],[-80.31898209635231,25.7301961820697],[-80.3189106362698,25.730060243257302],[-80.3190136299138,25.730343887956295],[-80.318905929996,25.7304560589484],[-80.319096072799,25.730757117592603],[-80.31913027345851,25.732521188990596],[-80.3190399083308,25.731620287606003],[-80.3186833130956,25.7299975678881],[-80.3187026098062,25.730399189307697]]]},"properties":{"FZONE":"AH"}},{"type":"Feature","geometry":{"type":"Polygon","coordinates":[[[-80.3179042311991,25.7332051207169],[-80.3173154502091,25.7331271502096],[-80.317913958157,25.733014900815196],[-80.3175142195337,25.732848603812492],[-80.3161791442568,25.7328918246606],[-80.3159875910988,25.7327387858868],[-80.3159169942973,25.732892688106297],[-80.3157289697218,25.732914809146795],[-80.31590091355541,25.732825620932],[-80.3158863240168,25.7324705158056],[-80.3153129940497,25.732494048222097],[-80.3152264728131,25.732719175850097],[-80.3149929530601,25.7326239465918],[-80.3148199905369,25.7329348893122],[-80.3141162126141,25.732945635848903],[-80.3141085239336,25.732444709446696],[-80.3133105387886,25.732415763267],[-80.3131276130507,25.7324358451351],[-80.3133193243121,25.73247365400089],[-80.3130767046252,25.7324866745163],[-80.3130709787636,25.7325972768183],[-80.3133892940896,25.73261578875079],[-80.3134833468015,25.732970109302293],[-80.31315098901102,25.732976855017995],[-80.3130012434464,25.7328412309379],[-80.3128748756388,25.7329857192893],[-80.3116773863307,25.733024783899904],[-80.31131129949621,25.732288845069796],[-80.3116160457699,25.732098546824798],[-80.3117602208814,25.732246251966398],[-80.3121156402219,25.732205383321396],[-80.3122314195872,25.731972961096893],[-80.3122446760259,25.732252449064],[-80.3124086176669,25.732004653113794],[-80.3126488855644,25.732002141252895],[-80.312678536257,25.732243741729],[-80.3128682855978,25.732230798873292],[-80.3128423215912,25.7317383429625],[-80.3116933098674,25.7317800736033],[-80.311602632126,25.73202363449399],[-80.3115355648052,25.7317788969755],[-80.3113404803699,25.731846748079597],[-80.3112490956544,25.731599501564503],[-80.3115445066356,25.7315245905377],[-80.3116708762399,25.731082649316505],[-80.3117675942532,25.731521530813396],[-80.3119739741049,25.731513686880604],[-80.3120641811291,25.731259849233894],[-80.3123384125308,25.7315141578565],[-80.31277713713921,25.731478466459105],[-80.3127709405604,25.731091198934696],[-80.3118782756794,25.731174348289695],[-80.3119672277571,25.730805044941704],[-80.3116577761081,25.73002070911849],[-80.3119324000736,25.7298915936841],[-80.3121077161827,25.7300099623174],[-80.3120903041376,25.7297469486242],[-80.3117472788531,25.729710394036598],[-80.3119057290928,25.729114630605803],[-80.31207249683371,25.7290091266007],[-80.31228138568,25.729117454899505],[-80.3128936225804,25.729041522649197],[-80.3129222527868,25.728917663878295],[-80.3121724308158,25.728791372356692],[-80.3128242025719,25.728707048723205],[-80.3128125136934,25.728576129647198],[-80.3125028266857,25.7285364380191],[-80.3128852287224,25.728082810493603],[-80.3130668213605,25.728078105454596],[-80.3130944328773,25.72832268550239],[-80.3134256920283,25.728398460406492],[-80.3135315081788,25.7280053108538],[-80.31369960812131,25.728378691039296],[-80.31401729732151,25.728367788712195],[-80.314040750537,25.7279907198815],[-80.3142610147497,25.727973464011097],[-80.3143078439255,25.7283483349507],[-80.314733468402,25.728336569141995],[-80.3148341866134,25.728461997668802],[-80.31477402284551,25.729001204004593],[-80.3147396649809,25.7287273642835],[-80.314215989391,25.728733562373794],[-80.3142225003802,25.729148988254803],[-80.3141048372477,25.729166246382302],[-80.3140265535622,25.728676534913504],[-80.3138981438839,25.728661944023592],[-80.3135730822102,25.728804786573395],[-80.3135678270658,25.729148988254796],[-80.31260095685072,25.7292053098202],[-80.312664102127,25.730168414413903],[-80.3131811104208,25.730148960137797],[-80.3132017411296,25.7298449996079],[-80.3133281098356,25.730082912684804],[-80.3139155577257,25.730062911343897],[-80.313929129473,25.729321481208896],[-80.3142732524988,25.7293798420061],[-80.314424643777,25.729167264422397],[-80.3148457964401,25.729143104985603],[-80.3149837749728,25.7293887057364],[-80.31501742766,25.729262100725197],[-80.3151788585098,25.729369566131496],[-80.3150393905703,25.729661603586397],[-80.3149523986166,25.7295586880487],[-80.3148716041399,25.7303251401797],[-80.3147344879899,25.730356829399003],[-80.3148918431832,25.730867563701693],[-80.3148053992018,25.730780964334098],[-80.3147857880808,25.7310286034145],[-80.3142839981463,25.731145403419102],[-80.3142789783604,25.731449129182405],[-80.3148447768523,25.7314473245832],[-80.315033899169,25.730852973080697],[-80.31519595883951,25.73115575682729],[-80.3155233740993,25.73110178945479],[-80.3156422131266,25.730860347696993],[-80.3158599665481,25.731071119267096],[-80.3168524100026,25.731000051799295],[-80.3167952250483,25.7296277170689],[-80.316122197356,25.729559708513094],[-80.3162727262515,25.729391372219503],[-80.3167823611734,25.729370113994698],[-80.3168158566554,25.729154635221796],[-80.31600783014221,25.729159499641092],[-80.3159727653034,25.729028738058496],[-80.3168017360374,25.728954374086392],[-80.3167836951716,25.7287811749289],[-80.31611411701,25.728788862855698],[-80.3167676144297,25.728717637837203],[-80.3167524751222,25.7284160310165],[-80.3160989004474,25.728402147386195],[-80.3167442375711,25.728292014597898],[-80.3167509839188,25.728154349885198],[-80.3160221061687,25.728122345276795],[-80.3160380288071,25.7279686011619],[-80.316732393284,25.727941773347403],[-80.3167298842894,25.727672719595695],[-80.3159962975705,25.727636164370395],[-80.3160091632421,25.727497559342698],[-80.3167095670927,25.727471908092298],[-80.3167225100193,25.7273507166431],[-80.3159805321373,25.7273344795449],[-80.3158836569188,25.726826177294196],[-80.3155932648251,25.726842493770196],[-80.3156000120712,25.727264351828904],[-80.3154672105295,25.727310004931397],[-80.315347037504,25.7268511213831],[-80.3155220409995,25.726691259164294],[-80.3153974761106,25.726345566972697],[-80.3155600846517,25.726326269879202],[-80.3155877752204,25.726757463071795],[-80.3159111112305,25.726738009046898],[-80.3158851481221,25.7261289893902],[-80.3155428271168,25.726038311066805],[-80.3156603348408,25.725843147973997],[-80.3156899846351,25.726063255320895],[-80.3167868320886,25.726173388555097],[-80.3168004020392,25.725505535574094],[-80.3166601489723,25.725207771968496],[-80.315878400876,25.725297665924398],[-80.3160617964329,25.725107524820096],[-80.3166479130198,25.7250985045795],[-80.3166445398459,25.724844352993298],[-80.3163402642895,25.724969544847198],[-80.3163261445698,25.724872826777105],[-80.3169313207121,25.724483914312394],[-80.3173269809841,25.7244666571238],[-80.3173486294841,25.724660250037893],[-80.3168710006374,25.724635618682196],[-80.3167990689394,25.7248076423256],[-80.3170405118332,25.7251655704478],[-80.316797577736,25.725349437120798],[-80.31694693073682,25.725944258807797],[-80.31703415715091,25.726102475158797],[-80.3174934343146,25.726094632487097],[-80.3175343795253,25.7261969982896],[-80.3170421602418,25.726251829763797],[-80.31705408178391,25.726507469828295],[-80.317370750498,25.726522059363997],[-80.3170562772665,25.7266605093398],[-80.3170580819819,25.726785074526],[-80.317414130143,25.726839433925296],[-80.3174844125343,25.726972706645697],[-80.31731623354,25.7271091167443],[-80.3171784903659,25.726899441992497],[-80.3169117104895,25.7269177193152],[-80.3169868581563,25.727324203493396],[-80.3172649325508,25.727506109218698],[-80.3177023222626,25.72748445897299],[-80.3176823985279,25.726990434464405],[-80.3175385369284,25.727068796635205],[-80.3174929618008,25.7269597648347],[-80.3176569061368,25.726957096678504],[-80.3176972243234,25.7261562878014],[-80.3177920603662,25.726601600141098],[-80.31797561402661,25.726579244046796],[-80.3180753126501,25.726319366787298],[-80.3183013018261,25.729561041348198],[-80.3180280118588,25.7305847812868],[-80.3180402487096,25.731141481035795],[-80.3175880341006,25.7311613268213],[-80.3176161953864,25.7309312582557],[-80.3171671958479,25.731645781778802],[-80.31723379245142,25.7317312823839],[-80.3174837064584,25.7313170332565],[-80.3178967796738,25.7313295837313],[-80.3181102193854,25.731612756854105],[-80.3181876406881,25.732767573379103],[-80.3185363136808,25.732940459222803],[-80.3188288222053,25.732753376276303],[-80.318967664019,25.732738628896396],[-80.3188722782072,25.732077759248398],[-80.3189740169047,25.732306180427702],[-80.3190662649012,25.732128040932295],[-80.31915404108432,25.732722311611198],[-80.3187350057503,25.732823424687304],[-80.3187324958574,25.732945087192896],[-80.3183200505644,25.732963049606102],[-80.3182809873242,25.7331175009998],[-80.3179548261126,25.73323414358079],[-80.318230863128,25.734569219220692],[-80.3180182857992,25.7344565762901],[-80.3179640033015,25.733837986671],[-80.3178253977448,25.733907407297004],[-80.3175430868953,25.733714440401492],[-80.3176031725097,25.7336085447685],[-80.3169927403247,25.733669337601693],[-80.3167327076944,25.7334962958286],[-80.3167640840506,25.7333762790399],[-80.3168401731518,25.7335170831569],[-80.3174991601763,25.733476214139593],[-80.3176039576373,25.733261128],[-80.3179042311991,25.7332051207169]],[[-80.3176260777529,25.731605698695798],[-80.31763211712651,25.732481968033095],[-80.31778147102571,25.7325909235574],[-80.3179383537052,25.7324467478984],[-80.3178753647358,25.731587969946794],[-80.3176260777529,25.731605698695798]]]},"properties":{"FZONE":"AH"}},{"type":"Feature","geometry":{"type":"Polygon","coordinates":[[[-80.3178341051148,25.746526844567004],[-80.3180465252385,25.7463800002925],[-80.3177391909185,25.7458430687984],[-80.3187428498394,25.7462906563094],[-80.3189122065249,25.7459673994611],[-80.3180617426994,25.745353672826504],[-80.3181144558402,25.745189965356502],[-80.3177005202422,25.744879806394795],[-80.3172639138612,25.744767322119593],[-80.3172565404894,25.744521407638498],[-80.3178114361286,25.7446178119563],[-80.3178395965161,25.7445021118772],[-80.3182847521636,25.744421943041097],[-80.3181772076544,25.744186306485496],[-80.31831871656621,25.7442172904759],[-80.31831118598912,25.744512308765398],[-80.3189984915046,25.744390959913193],[-80.3190912102183,25.744012086525895],[-80.3187561071763,25.743754641662694],[-80.3189854704246,25.7436138407735],[-80.3192813512246,25.744440219287803],[-80.3192340504334,25.745217262627097],[-80.3194409019005,25.745234363066],[-80.3192546811422,25.740403855665896],[-80.31922110840502,25.740281800252195],[-80.3190359081328,25.740294743849706],[-80.3189926084378,25.7407318985411],[-80.3187829335657,25.740353889015996],[-80.3173766326665,25.740489043293696],[-80.3171831184863,25.740328080322698],[-80.3170698490138,25.74048096367339],[-80.3167779684117,25.740294900020796],[-80.3170337663838,25.74009942452309],[-80.3171732352215,25.7402632094051],[-80.3173916947189,25.740170649195502],[-80.3173241566808,25.740025688925897],[-80.3177385629961,25.7397767156392],[-80.3182176830462,25.739022344094895],[-80.3183824116114,25.7391403985735],[-80.3183162057749,25.739419650399196],[-80.31889086884202,25.739441926397294],[-80.318653975915,25.739338698081102],[-80.3189185585123,25.739261433159896],[-80.3188293710759,25.738985947723293],[-80.3188591789737,25.738882168763997],[-80.3189924512326,25.739266767301594],[-80.3190093952555,25.740168295296797],[-80.3192308353629,25.7402018688945],[-80.3192514651735,25.738101518697803],[-80.3196405354044,25.746298657048502],[-80.3193825419498,25.746690471709],[-80.3183842935819,25.7469682347903],[-80.3178341051148,25.746526844567004]]]},"properties":{"FZONE":"AH"}},{"type":"Feature","geometry":{"type":"Polygon","coordinates":[[[-80.318898399419,25.7435288099345],[-80.318836901653,25.743227358022395],[-80.318395041026,25.7432025719189],[-80.3178230441587,25.7433023482532],[-80.3180213445627,25.743470604968692],[-80.31786563867621,25.743571011409593],[-80.3172628152217,25.743090086055794],[-80.3189242062205,25.743020037222294],[-80.3189160486194,25.7425574687094],[-80.318311892065,25.742349441150395],[-80.3188672584214,25.7422612714697],[-80.3188724354123,25.741816744422398],[-80.3174764893934,25.741871496676396],[-80.3172544231603,25.7418142343872],[-80.3172466563263,25.741674923304004],[-80.3186206394349,25.7415490232177],[-80.3189228740189,25.741791407791197],[-80.319068931101,25.741726850820097],[-80.3191715321812,25.7432127689186],[-80.3190870519169,25.7435692061852],[-80.318898399419,25.7435288099345]]]},"properties":{"FZONE":"AH"}},{"type":"Feature","geometry":{"type":"Polygon","coordinates":[[[-80.3161186669769,25.7445066617188],[-80.3159791999358,25.7454479589445],[-80.3163996438281,25.7458678575876],[-80.3163077892936,25.7460067769869],[-80.3165553524095,25.746163581391997],[-80.3166150454602,25.7464731900271],[-80.3163640319153,25.7464487161177],[-80.3162332704476,25.7467406760069],[-80.3159523717498,25.7466303077606],[-80.3158822456654,25.746124360890796],[-80.3156767281964,25.7459772046005],[-80.3162277808429,25.7460633324965],[-80.3158593404223,25.74569991416759],[-80.3156326442722,25.74574195870749],[-80.315795801684,25.745606018255597],[-80.3156862988475,25.745232167050695],[-80.31593746780091,25.745130426925698],[-80.3159988101584,25.744819249902598],[-80.3156753941982,25.744697431249396],[-80.3158387088152,25.7442663945657],[-80.3160073585267,25.7442510199047],[-80.3161186669769,25.7445066617188]]]},"properties":{"FZONE":"AH"}},{"type":"Feature","geometry":{"type":"Polygon","coordinates":[[[-80.3180116185031,25.7468941069807],[-80.3184571676127,25.7472070885934],[-80.3186283254204,25.747688562862095],[-80.31915702169441,25.7478685861428],[-80.3191413335162,25.7479707171576],[-80.3184250052306,25.74777775125069],[-80.3182662396822,25.7471393943294],[-80.3180952372831,25.7472971390663],[-80.3179551405229,25.747926082587895],[-80.31764898299602,25.747920278733197],[-80.3179859689068,25.747456375626296],[-80.3180116185031,25.7468941069807]]]},"properties":{"FZONE":"AH"}},{"type":"Feature","geometry":{"type":"Polygon","coordinates":[[[-80.315734383868,25.7560646266802],[-80.31607521187331,25.756023209586903],[-80.3160844672157,25.755654064369796],[-80.3161499669763,25.755976773007195],[-80.3163890553858,25.756110358525994],[-80.3164829508926,25.756001246571604],[-80.3173222756086,25.756118437083398],[-80.317351769096,25.756287243612398],[-80.3179215686841,25.7564091418048],[-80.3180173443648,25.7566159934428],[-80.3180218152799,25.7564682870394],[-80.3177307979588,25.756226214776],[-80.3180178159803,25.75634638890769],[-80.3180487997727,25.756167698876496],[-80.318211801776,25.756133655676198],[-80.3180694295832,25.755978105545996],[-80.3188397268545,25.756417456589503],[-80.318913147061,25.7561828381743],[-80.3189762141839,25.756314228459804],[-80.319086032329,25.756187857637503],[-80.3194321945305,25.756401062458195],[-80.3193763435744,25.7562521794021],[-80.319521539172,25.756142204301206],[-80.3190903469373,25.755852049903698],[-80.31922565837202,25.7556938335117],[-80.3189975500702,25.755659633215497],[-80.3189119711663,25.7558114952064],[-80.3187136707623,25.755510045335992],[-80.3186185984625,25.7556723405066],[-80.3184173183467,25.755531538370498],[-80.3183685281487,25.7557012065865],[-80.3181160242987,25.755519301135998],[-80.3179942055597,25.755609508740104],[-80.3180060489484,25.7554647849489],[-80.3176845167554,25.7554904342028],[-80.3175569721547,25.755040337619295],[-80.3174055790799,25.755064811376602],[-80.3174329552381,25.7553947369396],[-80.3170490628964,25.755314411212304],[-80.3171813146692,25.754885414710404],[-80.3169491271177,25.754749633592496],[-80.3167890293678,25.7548376451343],[-80.3167323941824,25.7546791134682],[-80.3172594429461,25.754555332389092],[-80.3175780717841,25.754630323560004],[-80.3176473354858,25.754394293813],[-80.3174785312641,25.754137632796194],[-80.3177333078517,25.754154889722198],[-80.3177643706959,25.7540209112164],[-80.3179322352798,25.754199208836493],[-80.31798965559281,25.7539877315022],[-80.3177101690466,25.7533398032672],[-80.3175990950567,25.753479429970692],[-80.3177645279011,25.7536985937163],[-80.3173796150732,25.7535454765572],[-80.3173484731773,25.7532775997376],[-80.3166646207858,25.753372356928196],[-80.3166121439018,25.7531894308854],[-80.316756004603,25.753181586764697],[-80.3165793544956,25.752872448704995],[-80.3165042077271,25.7530042310165],[-80.3162624522196,25.752803734168292],[-80.3163370492191,25.752652498614797],[-80.3165209945449,25.7527732200727],[-80.31663363699332,25.7526345367505],[-80.3168058152872,25.752976227580795],[-80.3169853678512,25.7529830522609],[-80.3167685558641,25.752736666904],[-80.3168488805219,25.7526095924092],[-80.3170258450396,25.752675247069398],[-80.3171139347347,25.752248131890997],[-80.3166902703821,25.752153454713],[-80.3163592483864,25.752561977263696],[-80.3163455984856,25.7522624100016],[-80.3159290739429,25.752112036255795],[-80.3160516005544,25.7518801643144],[-80.3162102088976,25.752067953427993],[-80.3161954612556,25.751816311886504],[-80.3158052941816,25.7518848700294],[-80.3158906377268,25.752092583953498],[-80.3157411284191,25.752324771027396],[-80.3155934229286,25.7521605140783],[-80.3152034903149,25.7522461722612],[-80.3149627543951,25.7519491148329],[-80.3149485556238,25.752087249578604],[-80.3147572360278,25.7521056832291],[-80.3148450912626,25.7519603305449],[-80.314571880347,25.751675823155004],[-80.3147641395808,25.751508350751294],[-80.3145627804132,25.751369038898495],[-80.3147453917408,25.75127969381299],[-80.3145617608254,25.7509049008645],[-80.3148968629691,25.7508735245842],[-80.3148760759534,25.751240864988397],[-80.3150898291769,25.751353820504196],[-80.3151073211721,25.75159910835359],[-80.3155195320049,25.751574791656598],[-80.3157201850966,25.7517039846716],[-80.3159129940993,25.751481368048296],[-80.3156660598041,25.751291146655202],[-80.3160934880978,25.751207292082704],[-80.3162597842232,25.7510700196272],[-80.3162118564078,25.750930550293997],[-80.3159677455176,25.750832968996],[-80.31536609975431,25.750954319359092],[-80.3153199766544,25.750764881954595],[-80.3155736563991,25.750762686041504],[-80.3152023144202,25.750397932495897],[-80.3148380305045,25.750340277043797],[-80.3148567010893,25.750085813710495],[-80.3144707686736,25.750128565478697],[-80.3143840911301,25.7503139211348],[-80.3141874382364,25.749836683499304],[-80.3140340841393,25.749833702730196],[-80.3140662465214,25.750004627544204],[-80.3137669907508,25.749963288439695],[-80.3135824175026,25.749716512490103],[-80.3137554608741,25.749631637323],[-80.3137640101407,25.749356072362694],[-80.3132337454082,25.749155261892202],[-80.3134609131739,25.7490578377228],[-80.3134176898357,25.748853497372],[-80.3131214182685,25.748931075657495],[-80.3130166971642,25.748749876718],[-80.312559384616,25.748798039547097],[-80.3127590172216,25.7486298615787],[-80.3131061990109,25.748754583366097],[-80.3131927193492,25.7485955030882],[-80.3138617486402,25.748675983855804],[-80.3140984071069,25.748463878518905],[-80.314250348154,25.748522238816996],[-80.3143847963076,25.7489178975475],[-80.3142124608086,25.7490945481832],[-80.31470679921792,25.7491210621406],[-80.3148159112872,25.748639744174],[-80.3155986008179,25.748660530471696],[-80.3156125633323,25.748528905974393],[-80.3159228773641,25.748626174417304],[-80.3157890571328,25.748438777141203],[-80.3159124452287,25.748386770027995],[-80.3160297939509,25.7486246840177],[-80.3162557849235,25.748642254874095],[-80.3163729755422,25.749089215291903],[-80.3165444477603,25.749063015264998],[-80.31668125039832,25.748711675752396],[-80.3172131617426,25.748828004463],[-80.3171928463425,25.7495186809786],[-80.3172934864004,25.7496484248088],[-80.3173570242404,25.7494887963392],[-80.3173803202507,25.749720668093996],[-80.3172607769443,25.7501684133363],[-80.31759705408442,25.750123152531895],[-80.3175452832762,25.7497722822037],[-80.3181750903253,25.749889866426198],[-80.3188736131037,25.749736278308198],[-80.31901292383792,25.749891671554508],[-80.3194065440359,25.7499367754795],[-80.3192040080753,25.750060320256996],[-80.3191981250085,25.750546814799797],[-80.3192451113894,25.750684400174897],[-80.3194670240107,25.750683616150905],[-80.3194876529229,25.749959758287293],[-80.3193293580917,25.749462910336895],[-80.3186430721641,25.749227507904703],[-80.3187317888833,25.7490494439384],[-80.3188744763847,25.749082625841204],[-80.3187061392869,25.748907151645998],[-80.3193386134341,25.748617310503604],[-80.31931602349971,25.74823443653459],[-80.3194351751406,25.748150584659104],[-80.319582409914,25.750959025110795],[-80.3196055505157,25.762298296402],[-80.31953095171961,25.760946434177296],[-80.3193820703343,25.760950435671294],[-80.319376658883,25.7613002843355],[-80.3191988310843,25.7613792751536],[-80.3191815735494,25.761726772318802],[-80.3193207297734,25.7618052119033],[-80.3191575714633,25.761873612990897],[-80.3191143499217,25.762244955608196],[-80.3189557415785,25.761948916679696],[-80.3189315804907,25.762168631922698],[-80.3187874835326,25.7621802406662],[-80.3187664620566,25.7619663318493],[-80.3189606050575,25.7618410608513],[-80.3187076304903,25.761569888949104],[-80.3189184031038,25.761512861875797],[-80.3188870267475,25.760467392229906],[-80.318342877654,25.760493277451804],[-80.318276436459,25.7609086262813],[-80.318202231125,25.760148920613002],[-80.31802432607111,25.759972112474795],[-80.3182176839445,25.7597051748902],[-80.3180030683383,25.759407491308995],[-80.3178764642737,25.759753496703695],[-80.3175037101432,25.7598948472196],[-80.3173604755678,25.759763536946092],[-80.31734941551,25.7593737605206],[-80.3176156456175,25.7595534715975],[-80.31784296969002,25.759361366726903],[-80.3177542529709,25.759223231542503],[-80.31814457725,25.7591900516637],[-80.3179479234579,25.758449641442894],[-80.317769077868,25.7586643349036],[-80.3176193323034,25.758412068186498],[-80.3173943627152,25.7584494060083],[-80.3173240012723,25.758601503102003],[-80.3175852888491,25.7586706891976],[-80.31745476274,25.7587889005246],[-80.3171814718744,25.7585295734678],[-80.3173971870185,25.758169291153102],[-80.3176107830368,25.758350491094397],[-80.3178811705475,25.7583490008167],[-80.3176616124105,25.758271735314395],[-80.3175976056499,25.758188431782802],[-80.3178062591376,25.758143483903],[-80.3175779154772,25.7579810319164],[-80.3177928463921,25.7578501119194],[-80.3177430357079,25.7572060300017],[-80.3179846340103,25.7571600623316],[-80.3174644106461,25.7567864449023],[-80.3173552985768,25.757079660128305],[-80.3169293614865,25.7569490546724],[-80.3166805443225,25.7565400609633],[-80.3164933057729,25.7567651883418],[-80.3163630922775,25.756735302289393],[-80.3164951877434,25.7569030108508],[-80.3162566464079,25.75667199939999],[-80.3160250876771,25.7567678550197],[-80.3157037126893,25.7564980938705],[-80.315734383868,25.7560646266802]]]},"properties":{"FZONE":"AH"}},{"type":"Feature","geometry":{"type":"Polygon","coordinates":[[[-80.3180010291626,25.763364786063597],[-80.3172872907199,25.7656692424295],[-80.3169544622122,25.765477530114396],[-80.3167689484279,25.765748939027898],[-80.3169179097632,25.7659200981973],[-80.3166542668038,25.765969673052595],[-80.31662924333321,25.7657392107581],[-80.3165092284113,25.76584997141079],[-80.3165770018079,25.765281034641102],[-80.3162713940499,25.7654495271933],[-80.3162606475042,25.765084538033495],[-80.3161065882296,25.765002253779098],[-80.3163037118406,25.7648490581597],[-80.3162009535552,25.764643462697194],[-80.3164245891452,25.7647192362823],[-80.3163905465892,25.764574746881905],[-80.3166113587742,25.7645558435132],[-80.3168027565236,25.764264276103503],[-80.3166532472159,25.7640354616984],[-80.3164765180568,25.764021891273796],[-80.3165970827477,25.764122453471],[-80.3163959589388,25.7642061508741],[-80.3161981301503,25.7641420631786],[-80.3160967040665,25.763807353933],[-80.3159273500759,25.7640457378112],[-80.3157526591941,25.76392485953779],[-80.3160097121127,25.763617054392896],[-80.3162069938272,25.763677376394092],[-80.3164209033576,25.763164447478093],[-80.3162889641985,25.763009525460404],[-80.316537546004,25.762896725846293],[-80.3172181833251,25.763330900258605],[-80.3170580837785,25.763110949314196],[-80.3173789880491,25.763123343525503],[-80.3174600969361,25.763006857304596],[-80.317448722468,25.763203668824396],[-80.3180010291626,25.763364786063597]]]},"properties":{"FZONE":"AH"}},{"type":"Feature","geometry":{"type":"Polygon","coordinates":[[[-80.3176666321964,25.765107993606495],[-80.31806958768671,25.764004634163793],[-80.3190257104577,25.7636678841877],[-80.3197159965833,25.7649527561846],[-80.319419958578,25.764120493228198],[-80.3201292270039,25.7640182045903],[-80.3200933788341,25.7653048032608],[-80.3198829987845,25.765273111227494],[-80.3200288223046,25.765740544805308],[-80.3196610089081,25.765513534900496],[-80.3196067282071,25.765095755740898],[-80.3192511507631,25.765005625727593],[-80.3191911442004,25.7646304400428],[-80.3189309534666,25.764405783860497],[-80.3188814571927,25.764596868495495],[-80.3191363146288,25.7648453706929],[-80.3189153425436,25.764770537258297],[-80.3189264034997,25.764917066742],[-80.3191180366077,25.764950795955492],[-80.3189318167476,25.765021706393597],[-80.3190640685203,25.765102659007198],[-80.3186234628398,25.765238127335497],[-80.3185616506634,25.765104541569],[-80.3187118669452,25.7650879124068],[-80.3184657168793,25.7650595938805],[-80.3182050563265,25.765880326817502],[-80.31771910908031,25.7664965644902],[-80.3179611807949,25.76575944879439],[-80.317767901075,25.765622175362903],[-80.3180744502674,25.765648140361204],[-80.3181805835232,25.7652682490957],[-80.3180855112235,25.7649832703865],[-80.3179585145951,25.765162822497004],[-80.3176666321964,25.765107993606495]]]},"properties":{"FZONE":"AH"}},{"type":"Feature","geometry":{"type":"Polygon","coordinates":[[[-80.3191674547281,25.768520825941],[-80.3193845811255,25.7688636165746],[-80.3193136699136,25.76904010891119],[-80.3195205204825,25.7690542288692],[-80.3195672715048,25.768515256080597],[-80.3198331889986,25.768499175887897],[-80.3198418954703,25.7681883901613],[-80.3197522364185,25.768103359927494],[-80.31961794367342,25.7682200806073],[-80.3193630871357,25.767985697470294],[-80.3193838750497,25.7675245408008],[-80.3194442750744,25.767134920913197],[-80.3197183501693,25.767536698325795],[-80.3195290715457,25.7677959482697],[-80.319793417886,25.767912983139503],[-80.31988394021892,25.767787554191795],[-80.3197049356272,25.767667224988497],[-80.3199931304417,25.767149511932505],[-80.319990227985,25.766522372351496],[-80.31970673944431,25.766165148854007],[-80.3199681069711,25.765787453260295],[-80.3201617792548,25.7662795164406],[-80.3201998238054,25.7696418325],[-80.3201370710929,25.7694755374211],[-80.3199860714802,25.769656581770597],[-80.3195793511505,25.7694947555078],[-80.3191376477286,25.769736199647898],[-80.3190487738043,25.768863459632],[-80.3191674547281,25.768520825941]]]},"properties":{"FZONE":"AH"}},{"type":"Feature","geometry":{"type":"Polygon","coordinates":[[[-80.3190736382731,25.7684956470955],[-80.3188816925514,25.768230122560595],[-80.3187002571185,25.7683611985713],[-80.3183452312401,25.7679933852872],[-80.3189306399546,25.767985697470298],[-80.319096072799,25.767853445583498],[-80.3192690362204,25.768096850003698],[-80.3190736382731,25.7684956470955]]]},"properties":{"FZONE":"AH"}},{"type":"Feature","geometry":{"type":"Polygon","coordinates":[[[-80.3199084139205,25.7720665404025],[-80.3194613754042,25.771521999440104],[-80.3194067012411,25.7702474814113],[-80.3197248611585,25.7699810935746],[-80.3202772451082,25.769955913420905],[-80.3202843058663,25.771476581746402],[-80.32004309833111,25.771828940338196],[-80.320357019997,25.7718254884963],[-80.32037176674072,25.772350026564],[-80.3199084139205,25.7720665404025]],[[-80.3196105703015,25.770363653117204],[-80.3196235922799,25.77131648268019],[-80.319875939823,25.7715543952216],[-80.3200960459322,25.7712437671543],[-80.3200475692462,25.770366634179894],[-80.3198305210022,25.770215791506597],[-80.3196105703015,25.770363653117204]]]},"properties":{"FZONE":"AH"}},{"type":"Feature","geometry":{"type":"Polygon","coordinates":[[[-80.3166613266636,25.7798800993749],[-80.3178890945866,25.779841898718797],[-80.3187019827821,25.779595278707998],[-80.3200963594442,25.778765524958704],[-80.3204448752318,25.7784257162858],[-80.3205884233192,25.778012486648],[-80.3205332011838,25.777057460418998],[-80.320379847985,25.7768033091598],[-80.316085017883,25.7733214476953],[-80.3163234792684,25.773384984392095],[-80.3163853695982,25.773193195555198],[-80.3166199089391,25.773318623643497],[-80.316851861132,25.7729831297034],[-80.3171275046853,25.773163544999],[-80.3172617965321,25.772838796783898],[-80.3174637845204,25.772958890191806],[-80.3172628161199,25.772674069088698],[-80.3165144054022,25.7726073164075],[-80.3171289940921,25.772459767423104],[-80.3167116071667,25.7722596634163],[-80.3166850942894,25.772046223354497],[-80.3167516118412,25.7721878900975],[-80.3169470888403,25.772011159753795],[-80.317393028717,25.77210756440679],[-80.3174851985601,25.772389247302],[-80.3172812495496,25.7724383526864],[-80.3174092666641,25.772484790107796],[-80.3182037223283,25.772411839890793],[-80.3183165219819,25.7725826852839],[-80.3186253448103,25.772328848832398],[-80.3186291887014,25.772184202858696],[-80.3182942437629,25.772038692738498],[-80.3182234906545,25.772161532566294],[-80.3182074081159,25.771773795795795],[-80.3175214383953,25.771747361321204],[-80.3182077234246,25.771594948586102],[-80.3181328111164,25.770395969935798],[-80.3178320668374,25.7703297652654],[-80.3178199862935,25.770139310342305],[-80.31752661538631,25.770126602172805],[-80.3175055139603,25.770330472307297],[-80.3171537831024,25.7703157239294],[-80.3171540175626,25.770110365257498],[-80.317872151462,25.76997003327],[-80.3171674312065,25.7698910441235],[-80.3174255818663,25.769836761048893],[-80.317496965592,25.76959351471149],[-80.3176367479418,25.7695935147115],[-80.3176946380737,25.7698060903443],[-80.318271809237,25.769762633761502],[-80.3182917329717,25.769302026012497],[-80.31872339772022,25.7698235043612],[-80.3184814841091,25.769950893730805],[-80.3192364049177,25.770220339554005],[-80.3193393195099,25.770904271852498],[-80.3192255020651,25.7714360267236],[-80.3203726300217,25.7727511771781],[-80.32069533900771,25.7781251270995],[-80.3202352003596,25.7788352582611],[-80.3184806998799,25.7797944425261],[-80.317782962229,25.779968660137094],[-80.3166613266636,25.7798800993749]]]},"properties":{"FZONE":"AH"}},{"type":"Feature","geometry":{"type":"Polygon","coordinates":[[[-80.3165013852205,25.775446977737495],[-80.3164591051134,25.7738455156229],[-80.31806794017652,25.7751467037712],[-80.3168874739431,25.774454378857897],[-80.3166765450228,25.774521915984597],[-80.316706744586,25.775199808219195],[-80.3165013852205,25.775446977737495]]]},"properties":{"FZONE":"AH"}},{"type":"Feature","geometry":{"type":"Polygon","coordinates":[[[-80.3183359758977,25.775362417843905],[-80.3202349658993,25.7768879481103],[-80.3203348998814,25.778060884327196],[-80.3197418042831,25.7786903767354],[-80.3184647754448,25.779445925645494],[-80.3181341442163,25.779530642792793],[-80.3183259345295,25.779382544269495],[-80.3183569183219,25.779275471940892],[-80.3182955777611,25.7793725048778],[-80.3181162605556,25.778977708824698],[-80.318117751759,25.778695240744092],[-80.3183380150734,25.7785386710134],[-80.31811453489202,25.777827049661305],[-80.3182407472911,25.777836306148],[-80.3182821632189,25.7782550273379],[-80.3185609445876,25.778221217778096],[-80.3185115264672,25.777862583953297],[-80.3183380150734,25.7778166954675],[-80.3184459503498,25.777689071056397],[-80.3186664490228,25.7778037527239],[-80.318735321059,25.778118773846895],[-80.3192635466157,25.778077357168097],[-80.3192259727823,25.777809636009895],[-80.3187894454531,25.777811989971404],[-80.3192258164755,25.777679736092697],[-80.3192013427739,25.777540425019897],[-80.3187118660469,25.777553444639796],[-80.3186287188825,25.7771692402712],[-80.3183398179922,25.7772143443496],[-80.3180981397397,25.7770502423667],[-80.3189931573084,25.776188093297197],[-80.3183551154032,25.775694852941793],[-80.3183359758977,25.775362417843905]]]},"properties":{"FZONE":"AH"}},{"type":"Feature","geometry":{"type":"Polygon","coordinates":[[[-80.31635501372811,25.779754592478604],[-80.3164609861856,25.779860881352295],[-80.3141329994318,25.7796866627741],[-80.3148057154088,25.779507503927398],[-80.3148028911055,25.7787325001921],[-80.3149121585834,25.7786652752769],[-80.3147006017407,25.778527140717095],[-80.3147904188961,25.778424695432197],[-80.3146189439831,25.7779229836507],[-80.3148586621116,25.777922591324092],[-80.3148952163571,25.778474506121203],[-80.3150721018231,25.778482900251994],[-80.3149941298531,25.778615309356088],[-80.31540602717381,25.778535141710694],[-80.31551262935021,25.779589630094197],[-80.316539586078,25.779712314074395],[-80.31635501372811,25.779754592478604]]]},"properties":{"FZONE":"AH"}},{"type":"Feature","geometry":{"type":"Polygon","coordinates":[[[-80.3170096079908,25.780806493672795],[-80.31994732085381,25.781603930713697],[-80.3204044770951,25.782594333501002],[-80.3180229947679,25.782412271085995],[-80.317857717332,25.7820357523738],[-80.3180229929713,25.781904518365298],[-80.3179436887997,25.781722612625995],[-80.3187157108363,25.781714297187204],[-80.3188414516199,25.7814287707129],[-80.3171077381558,25.7809511404597],[-80.3170096079908,25.780806493672795]]]},"properties":{"FZONE":"AH"}},{"type":"Feature","geometry":{"type":"Polygon","coordinates":[[[-80.32044749091976,25.784576442965243],[-80.3196368496169,25.784373464708498],[-80.31953853837923,25.784541416707636],[-80.3190590496328,25.784256195322104],[-80.3193881115046,25.783885480515604],[-80.3201712708541,25.783720204367793],[-80.3201900977458,25.7830610606394],[-80.3204109117275,25.782726272096603],[-80.32044749091976,25.784576442965243]]]},"properties":{"FZONE":"AH"}},{"type":"Feature","geometry":{"type":"Polygon","coordinates":[[[-80.3105934800072,25.6903898568192],[-80.3098747990338,25.690029104109303],[-80.3097663139885,25.6897184758671],[-80.3098871939881,25.689521352446103],[-80.3103549404683,25.689332543317796],[-80.3122847588539,25.6893764704984],[-80.3118914530663,25.689545825927596],[-80.3110191044838,25.689585359753295],[-80.310795309892,25.689790171086404],[-80.3107168681031,25.689567397267098],[-80.3105158233459,25.6896143835441],[-80.3103094434942,25.689779345366095],[-80.3107084760417,25.690060950584197],[-80.3105934800072,25.6903898568192]]]},"properties":{"FZONE":"AH"}},{"type":"Feature","geometry":{"type":"Polygon","coordinates":[[[-80.2989012229665,25.6909219257903],[-80.2993430826952,25.690514578165395],[-80.2996286104116,25.690470964687304],[-80.2997796100243,25.690641498023396],[-80.2995737799416,25.690826226747095],[-80.2996777159183,25.6909693818599],[-80.3007611497279,25.691060609853103],[-80.3009671370158,25.690803949739596],[-80.3008875184339,25.6900786798547],[-80.3001564443029,25.6894331055569],[-80.2998166358854,25.689423771755298],[-80.2995565242033,25.689875909008293],[-80.29869264763221,25.689950976591497],[-80.2988086623562,25.6901539836893],[-80.2986301284817,25.690678678226504],[-80.2985552170719,25.689297715171296],[-80.2989201271133,25.689144832415792],[-80.2991714532719,25.689139970408196],[-80.29948859180492,25.689380314115798],[-80.2996126877732,25.689271908352495],[-80.2997546674021,25.689371136548097],[-80.3008404538995,25.6892207642224],[-80.3027325412465,25.689684903401098],[-80.3027308937363,25.690029260346492],[-80.3016759356228,25.69047135811209],[-80.3015364658867,25.690370246278295],[-80.3015297985907,25.689603088285097],[-80.3011064486484,25.6896492124076],[-80.3009115214183,25.690011847590704],[-80.30110041017312,25.690626907326404],[-80.3014499446501,25.6906756975936],[-80.3010938973873,25.6911041454022],[-80.301171554947,25.691210434245505],[-80.2989012229665,25.6909219257903]]]},"properties":{"FZONE":"AH"}},{"type":"Feature","geometry":{"type":"Polygon","coordinates":[[[-80.3012964351445,25.6911934895598],[-80.3022578130599,25.690264428633697],[-80.3028234552448,25.690788182029298],[-80.3029790057228,25.6901095848462],[-80.3033850181801,25.690409153264604],[-80.3037278871577,25.689845551191794],[-80.3040555368778,25.690601099986],[-80.3042844285105,25.690172729700592],[-80.3041252703984,25.68989700833791],[-80.3042314027559,25.6896732155308],[-80.3046698111573,25.6905887054989],[-80.3043929908109,25.691019977199296],[-80.3041633940007,25.6907423732489],[-80.3038337814617,25.690907021845995],[-80.3038340958721,25.6910631201499],[-80.3041801008684,25.691307152153502],[-80.3012964351445,25.6911934895598]]]},"properties":{"FZONE":"AH"}},{"type":"Feature","geometry":{"type":"Polygon","coordinates":[[[-80.2969750122151,25.6909820895888],[-80.297557598423,25.691227847635595],[-80.2976972235676,25.691392809651397],[-80.2973250964611,25.6913634730136],[-80.2969466955207,25.691914210516693],[-80.2969750122151,25.6909820895888]]]},"properties":{"FZONE":"AH"}},{"type":"Feature","geometry":{"type":"Polygon","coordinates":[[[-80.3070165475477,25.692066701155003],[-80.3091109354966,25.6922326050811],[-80.3089392279199,25.692317870113694],[-80.3089980585879,25.6925589221985],[-80.3088297241851,25.69250056033909],[-80.3087633611435,25.692632186140596],[-80.3084966603188,25.692487854391192],[-80.3085538443748,25.6926266159617],[-80.3083846457928,25.6925505284736],[-80.308300870706,25.692650933380897],[-80.3084403386454,25.692768988551897],[-80.3088681595029,25.692722864828095],[-80.3089507577966,25.6930234523082],[-80.30909799257,25.6927929125249],[-80.3091435676976,25.693534577588096],[-80.3089759384723,25.693358867617597],[-80.306738942972,25.693414875042002],[-80.3067463154456,25.693236028093196],[-80.3069404593448,25.693185746970794],[-80.3067999709192,25.692868060029],[-80.3070165475477,25.692066701155003]]]},"properties":{"FZONE":"AH"}},{"type":"Feature","geometry":{"type":"Polygon","coordinates":[[[-80.2981617549774,25.6963725133788],[-80.2978155927759,25.696097418334993],[-80.2980116959008,25.6958570736126],[-80.297969493947,25.695604257539102],[-80.2988851422246,25.6955958632193],[-80.2990296317464,25.6957076428072],[-80.2989042035766,25.6963347828905],[-80.2981617549774,25.6963725133788]],[[-80.2980222861397,25.696090594437],[-80.2988844361488,25.696118204913397],[-80.2988722001963,25.695706700571897],[-80.2980747630236,25.695732274485003],[-80.2980222861397,25.696090594437]]]},"properties":{"FZONE":"AH"}},{"type":"Feature","geometry":{"type":"Polygon","coordinates":[[[-80.2977725266429,25.6987479574886],[-80.2976006627594,25.6991858177585],[-80.2972494789755,25.698971438599205],[-80.297464408992,25.69928590947759],[-80.2971063234518,25.6996681550876],[-80.2971881375163,25.698981792379296],[-80.2967762419922,25.6990701163762],[-80.2969039455947,25.6993842753536],[-80.2965533897331,25.6990515263719],[-80.29664751970022,25.698825222017803],[-80.2970206663945,25.698660653172798],[-80.2970193332946,25.698393088176292],[-80.2975549322232,25.698689125128297],[-80.2974194626851,25.698455449126797],[-80.2975066118441,25.698310567525194],[-80.2972580300386,25.698251265460105],[-80.2976229400801,25.6979829961186],[-80.2977272677223,25.6983864999634],[-80.2980192264778,25.698591701699804],[-80.2977725266429,25.6987479574886]],[[-80.2973066639298,25.69878451106741],[-80.2976112520999,25.698872366533998],[-80.2970474927838,25.6984383484364],[-80.2973066639298,25.69878451106741]]]},"properties":{"FZONE":"AH"}},{"type":"Feature","geometry":{"type":"Polygon","coordinates":[[[-80.2982631792646,25.700164846061693],[-80.29832538310642,25.701202157562502],[-80.2981604209792,25.701261223419298],[-80.2979010935264,25.700865564749098],[-80.29771479461452,25.700855524388196],[-80.2976179184977,25.699962153098603],[-80.2979036034193,25.699992981865105],[-80.2979785148291,25.7002050870591],[-80.2982631792646,25.700164846061693]]]},"properties":{"FZONE":"AH"}},{"type":"Feature","geometry":{"type":"Polygon","coordinates":[[[-80.3001395784334,25.7022938274024],[-80.2993674009882,25.701309779447804],[-80.2984460268491,25.701347195914796],[-80.2983746440216,25.700212775213696],[-80.29885008008071,25.700178731368595],[-80.2987729713917,25.699647994836596],[-80.2988971437168,25.699689569987893],[-80.2988419997347,25.6999839605299],[-80.2992059683418,25.700178259459207],[-80.2989072623401,25.7001983411038],[-80.29899088112,25.7007009161609],[-80.2998314616808,25.7006610679127],[-80.2997893378806,25.701195097599697],[-80.3003938861005,25.701434894077405],[-80.3004887221433,25.701928761644997],[-80.3009719995965,25.7020026528022],[-80.3006103064221,25.7021761653479],[-80.3002894021514,25.702136238268697],[-80.3001395784334,25.7022938274024]]]},"properties":{"FZONE":"AH"}},{"type":"Feature","geometry":{"type":"Polygon","coordinates":[[[-80.3014755951448,25.7030646731533],[-80.3013762100333,25.702185342738094],[-80.3016771124158,25.702173107296904],[-80.3013900943943,25.701952841618],[-80.3013384798931,25.701133442300197],[-80.3014404539492,25.701035234901596],[-80.3015358379644,25.701127245200198],[-80.301400527428,25.701778860891],[-80.3018514861922,25.701681827712594],[-80.30184591843411,25.702111294663695],[-80.3020035071895,25.702027283987096],[-80.3021902750219,25.7026119861875],[-80.3024970595729,25.702827229739807],[-80.3019582464722,25.703080048283095],[-80.3014755951448,25.7030646731533]]]},"properties":{"FZONE":"AH"}},{"type":"Feature","geometry":{"type":"Polygon","coordinates":[[[-80.3090548509785,25.71968564693529],[-80.3090760314562,25.718637352954197],[-80.30987542695621,25.7184246202006],[-80.3099883038649,25.7187950990971],[-80.3098593480109,25.7188712669283],[-80.3095488749774,25.718830477046705],[-80.3093336323471,25.719027286477495],[-80.30949443707121,25.719333443635495],[-80.3100254860329,25.719349838834102],[-80.3100484694294,25.719670350836104],[-80.3090548509785,25.71968564693529]],[[-80.3091700823716,25.7196439160965],[-80.3099643017789,25.7196184217785],[-80.3099519086212,25.7194307901954],[-80.3093082172111,25.7194524394794],[-80.3092746435757,25.7188139263864],[-80.3099239036422,25.718797452609603],[-80.3098982540459,25.7185862878046],[-80.3091024643835,25.718660023749898],[-80.3091700823716,25.7196439160965]]]},"properties":{"FZONE":"AH"}},{"type":"Feature","geometry":{"type":"Polygon","coordinates":[[[-80.3084629303765,25.7198178990313],[-80.3076939689001,25.719704393961297],[-80.3077035386528,25.719401296175793],[-80.3083256579196,25.7193552515638],[-80.3083474654215,25.719053094129798],[-80.3076906738796,25.718917545621796],[-80.3076149009854,25.718683634166695],[-80.3084776789168,25.718606840607304],[-80.3086744863209,25.718808514441402],[-80.3084932871449,25.719071920569004],[-80.3086031070867,25.719717178744997],[-80.3084629303765,25.7198178990313]],[[-80.3077176583724,25.719652465727897],[-80.3084892878453,25.719660153435495],[-80.3084251993379,25.718656965313098],[-80.3076778890565,25.718694380372703],[-80.3076880867316,25.718874796385396],[-80.308312401481,25.7188172195229],[-80.3083697418439,25.718933941687098],[-80.3083921763698,25.7194988773826],[-80.3077349159073,25.7195017010953],[-80.3077176583724,25.719652465727897]]]},"properties":{"FZONE":"AH"}},{"type":"Feature","geometry":{"type":"Polygon","coordinates":[[[-80.3092613880353,25.7383841432415],[-80.3086886078371,25.738198237335098],[-80.3087259463119,25.738303113344905],[-80.3083040094196,25.738327666614307],[-80.3082748285459,25.738170076663096],[-80.3087884627675,25.737976326915597],[-80.3081345745806,25.738039628438997],[-80.3077706059736,25.737926673211902],[-80.3075481462783,25.7380557872018],[-80.3073994211998,25.737247761403097],[-80.3073875769128,25.7383135470487],[-80.3072492839698,25.73824632190389],[-80.3072968192214,25.736867163492597],[-80.307404755396,25.737148140206497],[-80.3074836670038,25.736687296713097],[-80.3077154619915,25.736880576798203],[-80.3079635730797,25.7366303475148],[-80.3082200771277,25.736764953342703],[-80.3085512572268,25.736686120133893],[-80.3084263779276,25.7365675946892],[-80.3088677678374,25.73673859765921],[-80.3091012893871,25.736559280133598],[-80.3090539104424,25.7363740017426],[-80.3093975618526,25.736488526680702],[-80.3091270970869,25.7361862120994],[-80.3093359859332,25.7362303752668],[-80.3092762919842,25.7361310671892],[-80.3095142036007,25.73600987566561],[-80.3097170548699,25.736042743191906],[-80.3102003332214,25.736663842810096],[-80.3102754790916,25.736486171899905],[-80.3095047919515,25.735763490714596],[-80.3097080339879,25.735590135589298],[-80.3094791414568,25.735102149928096],[-80.3096206494703,25.7350990911051],[-80.30968552130851,25.735318414184597],[-80.3097773767413,25.7351229377848],[-80.3096586940209,25.735016650128998],[-80.3099319848865,25.7349715453956],[-80.309613747714,25.7349345214522],[-80.3094546686536,25.73467033072579],[-80.3093066487526,25.7348337233377],[-80.3095068320255,25.735005432008297],[-80.30933951451561,25.735146705966198],[-80.3091641984064,25.73443492731],[-80.3089172641112,25.734262433683],[-80.3087737160238,25.734287221651098],[-80.3087977199065,25.7344309265412],[-80.3085369012503,25.7343734276124],[-80.3082712990652,25.7340224031499],[-80.3087326917614,25.7341326916645],[-80.3090168073262,25.7338587739395],[-80.308404257812,25.733937057944395],[-80.3080922953718,25.7336690244327],[-80.3080096171279,25.733979965228595],[-80.3077030679355,25.733093969515902],[-80.3074319743491,25.733039531244298],[-80.3072888197238,25.732531700078795],[-80.3072499109938,25.733095537796103],[-80.306683485478,25.732842015888895],[-80.3066733668546,25.733156644061992],[-80.3062499387589,25.7331669196093],[-80.3060226155847,25.732888138629296],[-80.3059146803084,25.732387054184795],[-80.3056690791131,25.732631949060202],[-80.3051219503078,25.732626614620795],[-80.3047886528795,25.732427137813595],[-80.3044287617255,25.731678805075695],[-80.3044795138441,25.731570634484108],[-80.3046550662102,25.7316742555523],[-80.3045340308021,25.7315094505255],[-80.3047539806045,25.7313785321077],[-80.3044550410409,25.731107123962595],[-80.304147470464,25.7311308128322],[-80.3042001054514,25.7313631573979],[-80.3038352726651,25.731180074465996],[-80.3036356400595,25.7314189284421],[-80.3044342540252,25.7321543968288],[-80.3043881300269,25.732941243364],[-80.30462235495752,25.733026273686],[-80.30573348023411,25.7329012392129],[-80.3060357157165,25.733096714410802],[-80.3047539042477,25.733363650286496],[-80.3054190869526,25.7334364448434],[-80.3050177798708,25.7335228092203],[-80.304990481866,25.733920272285],[-80.3051799194914,25.7341915226836],[-80.30500624909581,25.734215995880497],[-80.3051011632921,25.7349668390108],[-80.3048498371335,25.7349440920209],[-80.3054211270266,25.735760745881198],[-80.3049008237124,25.735685205484902],[-80.3046428302578,25.7353660273394],[-80.3044361359957,25.73589056542499],[-80.3043773053278,25.7354683932515],[-80.3038315868775,25.735447999540504],[-80.3040391444205,25.7351468629533],[-80.3036197165228,25.7350572038329],[-80.30365156359622,25.735794474473398],[-80.30343545858331,25.7357642748371],[-80.3035535115847,25.735566680660597],[-80.3033878424833,25.7352362072228],[-80.3031681280396,25.7352858612412],[-80.3031043566376,25.7356137466907],[-80.30328226169141,25.7357903175733],[-80.3030938445521,25.7359475141685],[-80.3032988904056,25.7361098101696],[-80.3030988652362,25.736195467786594],[-80.3030070888552,25.7357684325474],[-80.302913115195,25.7361971161372],[-80.30292033226,25.735825695322003],[-80.3027188158873,25.735630690715897],[-80.302869501988,25.735506672922003],[-80.3028566363165,25.735112504610097],[-80.3026676721032,25.734847136872695],[-80.3028697382449,25.734697941960697],[-80.3029402550964,25.734881886952103],[-80.3030095196964,25.7344117861296],[-80.3031602057971,25.73489090806879],[-80.3033799992926,25.734999234245],[-80.3035113886827,25.7348403119601],[-80.3039509747754,25.734909498947097],[-80.3039058712633,25.734579259164104],[-80.30423830630892,25.734693470237495],[-80.3041762587739,25.734508504532492],[-80.3044230367622,25.734338051859098],[-80.3039799984439,25.73410853080909],[-80.3046255718245,25.733997535823004],[-80.30477021765331,25.733850537688795],[-80.3046007064574,25.733696635090897],[-80.3047261346273,25.733548459165192],[-80.3033895690453,25.7335042173159],[-80.3036659968279,25.733408520955095],[-80.3032862618893,25.7332241043331],[-80.3034575778005,25.733138288394297],[-80.3034448693342,25.7329468132744],[-80.3028814244284,25.732766789236802],[-80.302735602705,25.7330014870734],[-80.3024861585169,25.732774319915503],[-80.3022415778077,25.733141975226992],[-80.3024593303309,25.733341059979395],[-80.3021717643371,25.733422874159803],[-80.302400499663,25.733510729945],[-80.3022544407843,25.733656944363002],[-80.301892904815,25.7336544333463],[-80.3018856877501,25.733842145257903],[-80.3015173272796,25.733789196296307],[-80.3013770733143,25.733945058705995],[-80.3011064495467,25.733675062848594],[-80.3006666289938,25.733753113109405],[-80.3006682774023,25.7335648540224],[-80.3011171969908,25.7334843727308],[-80.300475780115,25.73339251693149],[-80.3007916645998,25.7331538206735],[-80.3005284941542,25.7327048994372],[-80.3007076532561,25.7323996053558],[-80.3006181505111,25.731967471255103],[-80.3007267936599,25.7316456255962],[-80.3007122032231,25.731345664100996],[-80.3005484178889,25.7312223547759],[-80.3009545875513,25.7311193612838],[-80.3010620512121,25.730875643975505],[-80.30080225483871,25.730917217926304],[-80.3006376053252,25.7307286452179],[-80.3007294598597,25.7303314935618],[-80.3005572815658,25.7297274950884],[-80.3006746293897,25.72949381772739],[-80.3005794025797,25.7277953228793],[-80.3006992602964,25.727587767180403],[-80.3009982016567,25.72770778172],[-80.3013802102313,25.727708253520195],[-80.3014453174281,25.7275942777058],[-80.30233876564,25.727644401051695],[-80.30240316676111,25.7275074420768],[-80.3021560752607,25.727527209160993],[-80.3019887613441,25.7273666405535],[-80.3020605349386,25.727244740889294],[-80.3023677902068,25.7273059270425],[-80.3025009052606,25.7270937414824],[-80.3020506507756,25.727027851757896],[-80.3017705363071,25.726823980938796],[-80.3023208819794,25.726546533330392],[-80.3016281650126,25.726481192797795],[-80.30170950746161,25.726335683332803],[-80.3015646271726,25.7261187148531],[-80.300704672646,25.726114398996998],[-80.3006300738499,25.7264694251858],[-80.3003440772129,25.7262622612883],[-80.3003985151191,25.726115027802496],[-80.3003021106178,25.726236142011693],[-80.2999333566852,25.7261363634902],[-80.2998295797103,25.726233944836096],[-80.2996547325217,25.7259958751512],[-80.2997436064461,25.7259804212457],[-80.299568917361,25.725330376175098],[-80.2996140217714,25.7256597522541],[-80.2994959678717,25.725589860668602],[-80.2992760162727,25.725729015800095],[-80.2991219578964,25.725377442211297],[-80.2988001121913,25.725358852270304],[-80.2986993930817,25.725213970242304],[-80.2983615456865,25.72532747410069],[-80.2979257244332,25.7249966072145],[-80.2977408376729,25.7250743435068],[-80.2973032907559,25.724725514689197],[-80.297566305793,25.7245524720381],[-80.2975661485878,25.724378803557695],[-80.2969914855208,25.724211878608696],[-80.2968654303269,25.723841869786398],[-80.2967690258255,25.724004323129392],[-80.2965933162543,25.7236127428304],[-80.2963891345801,25.723626313824404],[-80.29617812660811,25.7232588152259],[-80.2955566334669,25.723178020235697],[-80.2950287232189,25.723426286166],[-80.2944888078853,25.723193629889696],[-80.2945073994185,25.7228725697774],[-80.29473472349102,25.722779380961704],[-80.2944950062608,25.722237898987096],[-80.294733233186,25.7222742964397],[-80.2948403060796,25.721898482129003],[-80.2943481640512,25.721679002377098],[-80.2942610148922,25.7217596397622],[-80.2942769393273,25.721276990554202],[-80.2941453136802,25.7211085761721],[-80.2942330108116,25.7205050463836],[-80.2941380984119,25.720442214636797],[-80.29399054832982,25.7206198844342],[-80.2938274690715,25.7205317164414],[-80.2935709650236,25.719889830247897],[-80.2933399551634,25.719818370862804],[-80.2932320180905,25.7200443593216],[-80.2931441646523,25.719821900291905],[-80.2933034009179,25.719689176368203],[-80.29306423166,25.719437537488588],[-80.2928504793348,25.719683607455497],[-80.2927589383124,25.7195432765948],[-80.2926212732917,25.7199292075102],[-80.2924571744455,25.7199106175269],[-80.29256479441321,25.719835313901793],[-80.2924186591777,25.719482796220195],[-80.29214152531931,25.719490014533896],[-80.2919749147836,25.719263160667804],[-80.2921795689716,25.719002813391697],[-80.291836230175,25.7188704033808],[-80.2920518671657,25.718560952696894],[-80.2919222806944,25.718354416010005],[-80.2920996368776,25.7181624687163],[-80.2920310792517,25.7178126201038],[-80.2917151956652,25.717785244509702],[-80.2918451720054,25.7176030252724],[-80.2922335361606,25.717564195966997],[-80.2919338105711,25.717062248943794],[-80.2924633710244,25.716412987940693],[-80.2923757511482,25.716282068280297],[-80.2926204890625,25.7162118636345],[-80.2923619467372,25.716111065835495],[-80.2924155995158,25.715924533473398],[-80.2920087228793,25.715395757790095],[-80.2918552133736,25.7149074610163],[-80.2919640128293,25.7147823459814],[-80.2918152877508,25.714363782232898],[-80.2922106318158,25.714127594819992],[-80.2920408062097,25.713793668163095],[-80.2923471990952,25.7136831454956],[-80.2925795429535,25.713905762498598],[-80.2927507007612,25.713505004002897],[-80.2929395113626,25.7135887799571],[-80.2934742461119,25.713412286180198],[-80.2936380323444,25.713600545606095],[-80.2938172713964,25.713556775476],[-80.2938819851311,25.7138283394125],[-80.2940780900526,25.713599055576605],[-80.294168767794,25.713834536660595],[-80.2946589479018,25.713840419877698],[-80.2945383832109,25.7136283147021],[-80.2948457184292,25.713360436945596],[-80.294843207638,25.7130176464234],[-80.2949402400617,25.7131375056992],[-80.2950572743735,25.713033571443397],[-80.2949030587921,25.7128821776405],[-80.2942772510427,25.7127667129565],[-80.29414797988,25.712943049055802],[-80.2942673686762,25.7131043250935],[-80.2939984714707,25.7130226677097],[-80.2942215590883,25.71275431834889],[-80.2942741931774,25.7122672765855],[-80.2941504906712,25.712130002865294],[-80.2943157672088,25.7116679827099],[-80.2938876328393,25.7113635500259],[-80.29385562856072,25.7112200803074],[-80.294135272312,25.7109771477845],[-80.2938836335397,25.710535286419397],[-80.2941954378765,25.710530266646998],[-80.2944266049418,25.710985069962504],[-80.2946004316442,25.710479122745294],[-80.294475865857,25.7097924443927],[-80.294106720259,25.709875123007798],[-80.2941028763679,25.709489504275897],[-80.2945377552885,25.709759106642895],[-80.294573132741,25.7095086438423],[-80.2950095046617,25.709456715205604],[-80.2955014885866,25.7099000666046],[-80.2956236998894,25.7095696707668],[-80.2958132938217,25.709501113309205],[-80.2958736938465,25.7100727161668],[-80.2960372438221,25.710091228367908],[-80.2960319096259,25.7098407646476],[-80.2961688694691,25.7101944586033],[-80.2964681243413,25.710253446343998],[-80.2966236721244,25.709678783258795],[-80.2968302091812,25.709817939197595],[-80.2969130446302,25.7102889798067],[-80.297126718802,25.7101521781023],[-80.2969430088348,25.7098766138933],[-80.2970332167573,25.7098450794754],[-80.2971355052238,25.710076795455794],[-80.2974200906075,25.710135076664095],[-80.2976234898491,25.710411193081395],[-80.2972677578949,25.7106650290917],[-80.2972661885381,25.7109843641862],[-80.2975564216299,25.711256086156297],[-80.297337963031,25.711355313836002],[-80.29722414378952,25.711199293128498],[-80.297106794169,25.7112516143609],[-80.2972036693876,25.7110400581837],[-80.2968466043335,25.710895725279105],[-80.29686527402,25.711247535112097],[-80.2966925441605,25.711438697138902],[-80.2967874601535,25.711487096043903],[-80.2968511534021,25.7112953068297],[-80.29710059759022,25.7114433259457],[-80.2974782933531,25.7114012806069],[-80.29761109669141,25.711750973248595],[-80.2977606033041,25.711471015417192],[-80.2981763445159,25.711417909998303],[-80.298185365398,25.710930396563597],[-80.2979376477719,25.7107415873921],[-80.298149202818,25.710711623397497],[-80.2981312401055,25.710574192481797],[-80.2978312028006,25.710532932743497],[-80.2976942429575,25.7103635772194],[-80.2977653113745,25.710179553833996],[-80.2981205735098,25.710223873157904],[-80.2978608534932,25.710250935642502],[-80.2979426675577,25.7103989544389],[-80.2981768152331,25.710293529338898],[-80.2981387706826,25.710053655201197],[-80.2985712987121,25.710268349485204],[-80.2987496735848,25.7097791882898],[-80.2990133156459,25.7099243845425],[-80.2991298019855,25.709468559773697],[-80.2987783055878,25.709339524011096],[-80.29840280530752,25.7089214299881],[-80.2982527462309,25.707987192086],[-80.2978464193632,25.707826387467296],[-80.2975459885962,25.7080436693634],[-80.2975008850841,25.7079129080393],[-80.2977944922482,25.707686054761698],[-80.2976198022648,25.707393389485294],[-80.2977788822235,25.7074084508178],[-80.2979518447466,25.707183872618305],[-80.2977171482006,25.706984004285204],[-80.2976357249032,25.7070510714626],[-80.2975845820175,25.706816217193797],[-80.2973177239876,25.706673060898797],[-80.297411538646,25.706497352511597],[-80.2970301579938,25.7064267551959],[-80.2969046516705,25.7062217871245],[-80.297360788324,25.706269244380696],[-80.2975540689422,25.706091339468497],[-80.2977808423475,25.706559085164095],[-80.2983151081762,25.706461191435498],[-80.298405864071,25.705818755013997],[-80.2980931964533,25.705907942436294],[-80.2977454657933,25.7057146630059],[-80.2987759520018,25.7056823464019],[-80.2985303517048,25.705316493763092],[-80.2989583270725,25.705007197231293],[-80.2989762915815,25.7046840191633],[-80.2993137473112,25.704712336697995],[-80.2994753362645,25.704586986734192],[-80.299672538029,25.704734457313698],[-80.2998327947807,25.704594674605804],[-80.2997890234702,25.704003382100996],[-80.2998964889276,25.703929333538596],[-80.3002843823656,25.704437400145295],[-80.3003318403621,25.7040455045205],[-80.3004810352594,25.70433362179419],[-80.3003464299006,25.704593968791595],[-80.3006558806514,25.7046429160291],[-80.3008357476258,25.7044821902622],[-80.3013104767107,25.7044562256595],[-80.3012992585494,25.704636719111793],[-80.3008552006432,25.704716572388698],[-80.3007071816406,25.704608715613997],[-80.3006535288619,25.7047093564164],[-80.3010997813524,25.7050087666913],[-80.3010615813932,25.705218441985693],[-80.3012259937515,25.705223304146198],[-80.3015247779066,25.704594517578293],[-80.301362324774,25.704242786826995],[-80.3014449248643,25.7040250333827],[-80.3015723140565,25.704286400117397],[-80.3018023833805,25.7043056975485],[-80.30223985124582,25.7042386280146],[-80.3023553961509,25.7039958512195],[-80.302584365937,25.704316364110888],[-80.3023193126225,25.7046010285528],[-80.3028298099271,25.704897772068097],[-80.3023329607267,25.704869611604597],[-80.3021957673215,25.705192634570295],[-80.3023015852687,25.705384894985997],[-80.3017272357137,25.7056947393179],[-80.30174182615062,25.705848953350998],[-80.3020261761757,25.7059335934803],[-80.3015812558868,25.7064016530366],[-80.3017708489208,25.706456640947497],[-80.3017299037101,25.706607641459705],[-80.3015046188133,25.706602619902704],[-80.3015414856725,25.7069578823945],[-80.301320201872,25.707053423588597],[-80.3012162676919,25.707372758661794],[-80.3008886961252,25.7074151963646],[-80.3010944489529,25.707704725166895],[-80.3010325577247,25.7083233139283],[-80.30116763380072,25.708523575805497],[-80.3007807608489,25.7087066571912],[-80.3009185821765,25.709227666571696],[-80.3003564703705,25.709376233786802],[-80.3009150517974,25.7096099118223],[-80.2999561819783,25.709806172365298],[-80.3001067126704,25.7101621407877],[-80.3004979011289,25.710121663579198],[-80.3009716869828,25.710297922660303],[-80.3001220864382,25.710514341291898],[-80.3000287415987,25.710426644962794],[-80.299973048746,25.710918315803],[-80.3001061637998,25.711035978118293],[-80.3001876634539,25.710927729666597],[-80.3006007366694,25.710959184478696],[-80.3001397356386,25.7112222761416],[-80.3004711510964,25.7114488952442],[-80.3008509668833,25.711429127916002],[-80.3004993123822,25.7115838144763],[-80.3006518813517,25.7118534169546],[-80.30045083569621,25.711808313957196],[-80.3005078634454,25.712564725368],[-80.3006940833055,25.7127978524398],[-80.3004776620855,25.712752748991097],[-80.3003894951353,25.712968543185703],[-80.3000721203455,25.7129844657843],[-80.3001031831897,25.713196179567397],[-80.300291913841,25.713069417299202],[-80.3008563774363,25.713218457240995],[-80.3008263350782,25.7133232549231],[-80.3000828659929,25.713451820174402],[-80.3001995867927,25.7138930547886],[-80.3008744982522,25.7139567487217],[-80.300140363561,25.7142883221286],[-80.30040424098071,25.714670879719105],[-80.30051421633111,25.714347151634602],[-80.3007863304037,25.7147897191662],[-80.3003169364132,25.7149877056013],[-80.3001935465207,25.714772854725],[-80.2998568768169,25.7146477403579],[-80.29982910809481,25.715183730656598],[-80.2996790490182,25.7149688016275],[-80.2998356181857,25.7145951057809],[-80.2995845264873,25.714583025392397],[-80.29969646286,25.715112427076896],[-80.299528521021,25.715745136806493],[-80.2995923714747,25.716140404468096],[-80.2991999289681,25.716236494306695],[-80.2991734160908,25.716573557578098],[-80.2989907257115,25.716653410129098],[-80.2992515425711,25.716835945652896],[-80.2991080744337,25.7170996653143],[-80.2992485628593,25.717374915769504],[-80.2991712969651,25.7175891403798],[-80.2987194740216,25.717806423063],[-80.2983119703609,25.7177916754481],[-80.2982160365768,25.718056887011098],[-80.2983240509049,25.718335276247796],[-80.29918620091391,25.7183063314894],[-80.2991465888032,25.718098460587598],[-80.2993415932884,25.717958442685802],[-80.2997921621838,25.718274483668097],[-80.2995598174271,25.718485335008292],[-80.30035796067561,25.719464989587802],[-80.2999596360005,25.719489463387802],[-80.2998393057699,25.720089620250302],[-80.3000900821596,25.720339849545997],[-80.29975749080711,25.7205274805044],[-80.3001160470645,25.7210512350901],[-80.3002872066689,25.720863445523996],[-80.3004241656137,25.7209445544797],[-80.3004979792823,25.721536003974194],[-80.301445473735,25.7216102876085],[-80.3017743792998,25.7217301455107],[-80.30046424934,25.7217509324682],[-80.3005631637343,25.722356109332896],[-80.300759503116,25.7222238568219],[-80.3006794928686,25.7220170060119],[-80.3008618697359,25.722127923968404],[-80.3008925409147,25.7219813959311],[-80.3009547429599,25.722275001339796],[-80.3011889705854,25.722411254158104],[-80.3019411461425,25.7223593262972],[-80.3020209210313,25.722238917086496],[-80.3022299688793,25.722420981120198],[-80.3020439044278,25.722598023184],[-80.30153246479051,25.722661718121405],[-80.301521719143,25.722792793428795],[-80.3017108414598,25.7231299352373],[-80.3019342425895,25.723088675806903],[-80.3019242030179,25.723558382765297],[-80.3024003424578,25.723699890452302],[-80.3022194567939,25.7237825691138],[-80.3025044347414,25.724081587446296],[-80.3024807461673,25.724694999857697],[-80.3027785089379,25.7249293834411],[-80.3034820515021,25.7249496219557],[-80.303532724569,25.724825605968196],[-80.3036263838188,25.724931893023495],[-80.3037423985428,25.724808976023198],[-80.3042468564738,25.7249062436476],[-80.3042101468197,25.725038808795205],[-80.3039655652122,25.724955034430597],[-80.3037977787818,25.725149647861198],[-80.3036685076191,25.7250478298496],[-80.3027441510732,25.725083442249304],[-80.3027493289625,25.725582331962702],[-80.3029146055001,25.725725956735904],[-80.30361249945781,25.725739684488396],[-80.3037405947257,25.7259152374014],[-80.3038220171248,25.725778590433894],[-80.3039271280978,25.7258102808649],[-80.3035739850883,25.7260431748043],[-80.3033085383117,25.725867936888204],[-80.3029884182703,25.726071649110303],[-80.303572573835,25.7263034435459],[-80.3038138586254,25.726186330451693],[-80.3038937916177,25.726376865564998],[-80.3041226059952,25.7262873633035],[-80.304442490678,25.726524255725096],[-80.304428292805,25.7264121635694],[-80.3045607017829,25.7264726420388],[-80.3044563741407,25.726234101835],[-80.3046602432012,25.7261546401209],[-80.3068031868879,25.7261198907276],[-80.306932616154,25.725880958126996],[-80.3070330217516,25.726013289117095],[-80.3071293472013,25.727211874976895],[-80.3069876038292,25.727548389216697],[-80.3071149930213,25.727967816178698],[-80.3069994481162,25.728029001150595],[-80.3072372025275,25.728968415456798],[-80.3070614947529,25.729457105258096],[-80.3068144050492,25.729501190809597],[-80.3067466307542,25.729660112948796],[-80.3070996956104,25.730963182802398],[-80.307262462255,25.730895096514196],[-80.30735957283221,25.729445184182904],[-80.3075587365172,25.729325481340396],[-80.308142419568,25.729409335978904],[-80.3085739253147,25.729308695029893],[-80.30916733712,25.7295415877819],[-80.3089053416708,25.7295544524332],[-80.3090710089755,25.729769381810804],[-80.3089613489338,25.73012597754459],[-80.3088379590413,25.729843665966804],[-80.308601067911,25.7298168385755],[-80.3086508767986,25.7296055970353],[-80.3082547485044,25.729589201631995],[-80.3081990529567,25.729877160746693],[-80.3084424577712,25.730086600421497],[-80.3082611004917,25.7305631307924],[-80.3083597022723,25.7312032138478],[-80.3086930787523,25.731409437704095],[-80.3089090283567,25.7305199107161],[-80.3090872478209,25.7308728189143],[-80.3092818606407,25.730786768216596],[-80.3094920843834,25.730913059237093],[-80.3089940583899,25.731031349166397],[-80.3091481176645,25.731236238076896],[-80.3090885818191,25.731579577356197],[-80.3094518443503,25.73160020721849],[-80.3093172389915,25.731370687356296],[-80.3094309001295,25.7314197910893],[-80.3096439472772,25.731132461253004],[-80.3098740947546,25.7312898930224],[-80.3100829836009,25.7313202499784],[-80.3101351478712,25.7312035286418],[-80.3105542595619,25.731306129580396],[-80.3104298518782,25.7315473373727],[-80.3106283103857,25.731668372408],[-80.3105163749114,25.731784231452995],[-80.3098030272359,25.7318723991953],[-80.3101200867171,25.732152669926595],[-80.3099837556946,25.732208678514688],[-80.3101338147713,25.732360384358202],[-80.3099547329245,25.732588571127092],[-80.3091552565761,25.732968775696296],[-80.3097039547382,25.7330174094178],[-80.309846170624,25.732876058480397],[-80.3099555962054,25.7330643178489],[-80.3102270033039,25.733078045563296],[-80.3099416318943,25.733183313709997],[-80.3101064377147,25.733265991441996],[-80.31019617492,25.7334577800265],[-80.3098369134851,25.733357375561305],[-80.3095386782006,25.733730208898198],[-80.3097844357028,25.733878227608596],[-80.3100104257771,25.733478725160104],[-80.3101589163953,25.7338225337849],[-80.3107046330489,25.734094804832104],[-80.3104162819275,25.734618165453895],[-80.3108179025214,25.734953267692596],[-80.3109453707653,25.7354070526938],[-80.3107848795532,25.735937316545396],[-80.3109612934037,25.736116713502305],[-80.3108637139059,25.736260496291894],[-80.3104402058602,25.736010581293495],[-80.3104519737904,25.735863582411895],[-80.3101662888688,25.7359282178243],[-80.3104469531063,25.736372668174706],[-80.3107966456868,25.736420753481998],[-80.3106425864122,25.7366769421683],[-80.310825668457,25.736731066422397],[-80.31095101847342,25.737127902959205],[-80.3106374085229,25.73723317156519],[-80.3105725384813,25.737564037575],[-80.3107498946645,25.738000564667296],[-80.3105919914988,25.737837170744395],[-80.3102672433371,25.737885412442797],[-80.3102902267336,25.737369111076298],[-80.3098420913743,25.737849878323505],[-80.3094119187275,25.738045198110495],[-80.3090994846717,25.737950832482092],[-80.3091743969799,25.7381581532249],[-80.3090590883317,25.738134855786097],[-80.3092613880353,25.7383841432415]],[[-80.29866550683252,25.720538698372497],[-80.2987732849037,25.7221001544286],[-80.2989595056621,25.7221986778747],[-80.2988735332961,25.720519792852794],[-80.2983607614572,25.720500183228896],[-80.29866550683252,25.720538698372497]],[[-80.2977493887361,25.721466268589005],[-80.2979166253976,25.7214283809577],[-80.2979027401383,25.7204901437153],[-80.298212507096,25.7205231668732],[-80.2978817977141,25.720381344630493],[-80.2977111088269,25.718616096853594],[-80.2977493887361,25.721466268589005]],[[-80.3097219183489,25.734563649386295],[-80.3101178912345,25.7352045961794],[-80.3104310295695,25.735423132511897],[-80.3105733236089,25.7351842784891],[-80.3102159441444,25.734673625850803],[-80.3102954028263,25.7342323914549],[-80.3093804624212,25.7338755604169],[-80.3090518703684,25.73405691636909],[-80.3097219183489,25.734563649386295]],[[-80.2962674712496,25.717514856662195],[-80.2967581229729,25.7184236797639],[-80.2966558345065,25.7170202031626],[-80.2963705439453,25.717003259722695],[-80.295741363022,25.717429040716798],[-80.2941248410749,25.71756333241],[-80.2941727688903,25.7177042928379],[-80.2958794987598,25.717667896414696],[-80.2962674712496,25.717514856662195]],[[-80.2996101778803,25.723662710852196],[-80.2999742246407,25.723965102599497],[-80.29982040072471,25.723736760082705],[-80.299965518169,25.723367298482405],[-80.299895940057,25.7227392965084],[-80.29935885172162,25.722712469942],[-80.299177337237,25.722456514186003],[-80.2991953790012,25.722713175648796],[-80.2988863199159,25.723148683338994],[-80.2989042044749,25.723556187158795],[-80.2996101778803,25.723662710852196]],[[-80.3049456918659,25.730093266185488],[-80.3049266305139,25.73179929131591],[-80.3055113340508,25.7318620450403],[-80.3056325266641,25.7316864936243],[-80.3055831085437,25.730147391818704],[-80.3049456918659,25.730093266185488]],[[-80.2995769186552,25.7075965538155],[-80.2995799774187,25.709058703362803],[-80.2991866716311,25.709471934107498],[-80.2992954710868,25.710983500581396],[-80.2994713351683,25.710891175769902],[-80.2994331343108,25.709509976902],[-80.2998084782843,25.709123417285994],[-80.2997533343023,25.7077551612278],[-80.3002122943607,25.707215563146594],[-80.2999208054241,25.7040131089493],[-80.3000394881444,25.7071144517721],[-80.2998329519859,25.707492304719704],[-80.2995769186552,25.7075965538155]],[[-80.2967105086696,25.713227712287903],[-80.2976308623226,25.7132426166753],[-80.2979953016468,25.71409794408929],[-80.2980167165849,25.715295509655796],[-80.2975277114735,25.7165705767842],[-80.2976678082336,25.7184009312278],[-80.29780100233911,25.717688917169397],[-80.2982867905835,25.716749110262],[-80.2982393334853,25.714044916731496],[-80.298757361367,25.713248971779304],[-80.2995018509385,25.712769221986303],[-80.299454392942,25.7111519932383],[-80.2993262976741,25.7111437578431],[-80.2993008825381,25.7128345643861],[-80.2969646582332,25.7130841646902],[-80.296562803179,25.71297889736699],[-80.2964783211181,25.7113518626651],[-80.2962278582405,25.7113642558],[-80.296302141728,25.7131357008221],[-80.29689508281612,25.714248316558695],[-80.2969785434925,25.7148004649147],[-80.2964781648113,25.7162488885515],[-80.2965173852566,25.7168245704243],[-80.2966763071118,25.7168032354941],[-80.2972410878124,25.714913500384892],[-80.2971999827016,25.714296714320803],[-80.2967105086696,25.713227712287903]],[[-80.293098276911,25.7177368457388],[-80.2938752396817,25.7177138623654],[-80.2939741531776,25.7176010626435],[-80.2930720775457,25.7175572931759],[-80.293098276911,25.7177368457388]]]},"properties":{"FZONE":"AH"}},{"type":"Feature","geometry":{"type":"Polygon","coordinates":[[[-80.3172230450074,25.718338021483497],[-80.3110197324062,25.7185854250643],[-80.3112955322664,25.723589052462895],[-80.3128063171146,25.7236180768649],[-80.3131615001981,25.723475234558805],[-80.3132435505196,25.723147662819493],[-80.3133762721112,25.723233713380598],[-80.3133255990443,25.723416089087497],[-80.3135551203961,25.723528888959905],[-80.3135812398113,25.723149231230902],[-80.3137854241804,25.7233087817778],[-80.3140162777337,25.7232011611748],[-80.3140830315425,25.7237640566153],[-80.3140050604707,25.724410021739093],[-80.3130969436686,25.7243336996441],[-80.3128671097031,25.7246024388558],[-80.3124173259353,25.724661662237597],[-80.3121838043856,25.724508937393193],[-80.3118145024807,25.724587064888397],[-80.3113655810956,25.724356682547597],[-80.3114296687046,25.7245680831303],[-80.31106805368361,25.723620272470296],[-80.3112296426369,25.72321088564439],[-80.3110034953574,25.721281695862302],[-80.3109725106666,25.718593975581094],[-80.3116581677735,25.7183544152006],[-80.3131541268263,25.7184521534661],[-80.31532672120551,25.718249303884804],[-80.3164027816434,25.7183420219845],[-80.3168593117589,25.718109834075694],[-80.31710067649941,25.718279660932602],[-80.317492805494,25.718261069882196],[-80.3172230450074,25.718338021483497]]]},"properties":{"FZONE":"AH"}},{"type":"Feature","geometry":{"type":"Polygon","coordinates":[[[-80.3101036143097,25.724900360977692],[-80.3098749580356,25.721822157612895],[-80.3099324556037,25.720923454178795],[-80.3082127028575,25.720947143458595],[-80.3077776658334,25.721164347170202],[-80.3076883211918,25.721457718278803],[-80.3073911054953,25.721696807868796],[-80.3074719008702,25.7235357905952],[-80.3074598221229,25.7245669048126],[-80.307674907548,25.724566434618495],[-80.3076865946299,25.725232088395895],[-80.3075969364763,25.725390384194498],[-80.30746750810852,25.725278684279797],[-80.3075115929311,25.7248427061039],[-80.3072885044151,25.723898897137392],[-80.3074108747197,25.7236789468332],[-80.3073008984711,25.723598466942498],[-80.3074169140934,25.722627675033294],[-80.3072575987761,25.7218962864918],[-80.3074526050579,25.721291266720698],[-80.3079397264022,25.720815673601905],[-80.3092518173843,25.720695345378196],[-80.3098035752082,25.720793397351],[-80.3099872851754,25.720955613683998],[-80.3101170270553,25.722123921976195],[-80.3099304155297,25.722453846738105],[-80.3101462079289,25.7229990164954],[-80.3100493327104,25.723755035463597],[-80.3102350827516,25.7240995503893],[-80.3102503002125,25.725086580639605],[-80.3099746566591,25.7251846314199],[-80.3101036143097,25.724900360977692]]]},"properties":{"FZONE":"AH"}},{"type":"Feature","geometry":{"type":"Polygon","coordinates":[[[-80.3077047145475,25.725398384722],[-80.308457911489,25.7252269122433],[-80.3098473456204,25.725197809733896],[-80.3086029489832,25.725433761516804],[-80.3077047145475,25.725398384722]]]},"properties":{"FZONE":"AH"}},{"type":"Feature","geometry":{"type":"Polygon","coordinates":[[[-80.2971937879194,25.728119130086892],[-80.2973021139629,25.7283667682375],[-80.2971782560482,25.7284931395174],[-80.2973923218854,25.7285488317915],[-80.2970469439132,25.72906450707049],[-80.29715825416,25.7292951246843],[-80.2975965053562,25.729257944405898],[-80.2977299348203,25.729517742410298],[-80.2985989883824,25.729598536329995],[-80.2985687888192,25.728410384014392],[-80.2980363277059,25.7281826666893],[-80.2973279207644,25.72723383845819],[-80.2968917087439,25.726948232766997],[-80.2954289316611,25.727306318727],[-80.295038684637,25.727604553733897],[-80.2949897363355,25.729553825264297],[-80.2952438095423,25.729529351107598],[-80.2953191135159,25.7292334701883],[-80.2953186427987,25.728601154294697],[-80.2950368017682,25.7282945249186],[-80.2952782437638,25.727451435320305],[-80.29540430075431,25.727433158888903],[-80.2954109680504,25.727709272382],[-80.2963693671523,25.7277560234828],[-80.2966337152892,25.727931262662704],[-80.2969052786946,25.7278008153416],[-80.2969721888102,25.728038884649795],[-80.2962866889085,25.72785125097541],[-80.2954753691714,25.7278055195823],[-80.2952079613726,25.7279172996682],[-80.2951448942497,25.72838065429969],[-80.2953673548433,25.728501219143293],[-80.29542140108411,25.729363368883604],[-80.295382964868,25.729556021569298],[-80.2949588306965,25.729745065501998],[-80.2947687669453,25.7284752549268],[-80.2948889408691,25.727363660839405],[-80.29545363982301,25.727254626072202],[-80.2957551701279,25.727003063894795],[-80.2968797854051,25.7268242957443],[-80.2973272155869,25.726952546974296],[-80.2979612581925,25.727944675358003],[-80.2988686716138,25.7282604810153],[-80.2990418685972,25.729192052643597],[-80.2994020723649,25.729270338103095],[-80.2993630082265,25.729428397079992],[-80.2991900448051,25.729529194113],[-80.297953885719,25.729694157260695],[-80.2971339367653,25.729412316451],[-80.296888022058,25.7290011263162],[-80.2969820729733,25.728177333668697],[-80.2971937879194,25.728119130086892]]]},"properties":{"FZONE":"AH"}},{"type":"Feature","geometry":{"type":"Polygon","coordinates":[[[-80.3018627052518,25.736558888479593],[-80.3005329650694,25.7365897943477],[-80.299821734723,25.736623916786],[-80.3005031571716,25.736547356533805],[-80.3005650457048,25.7360014817688],[-80.3008357485241,25.7359301008485],[-80.3010094189197,25.735657987754795],[-80.3013351067192,25.735775572188597],[-80.3013924488787,25.735629827290097],[-80.301875570025,25.7355818994586],[-80.3020556714597,25.7357825516061],[-80.3017961077499,25.735697442334896],[-80.3015119930835,25.735818086343496],[-80.3020120573543,25.736003992736],[-80.3021330936608,25.735898410687298],[-80.3021012465873,25.736106987660495],[-80.301704958393,25.736098593770496],[-80.3018563514678,25.736363960332397],[-80.3020797534958,25.736383570577],[-80.3018627052518,25.736558888479593]]]},"properties":{"FZONE":"AH"}},{"type":"Feature","geometry":{"type":"Polygon","coordinates":[[[-80.2999789318128,25.736730909437295],[-80.3008428083839,25.736700396877904],[-80.30173609939061,25.736668235157396],[-80.3016943699507,25.7367820541888],[-80.3010819758452,25.736880813084703],[-80.3000383113514,25.736851631698595],[-80.2999789318128,25.736730909437295]]]},"properties":{"FZONE":"AH"}},{"type":"Feature","geometry":{"type":"Polygon","coordinates":[[[-80.3139341492589,25.7401455484933],[-80.3141309593578,25.740306823244598],[-80.3143822855164,25.740282976795797],[-80.3146233358465,25.740514535564397],[-80.3137593047652,25.740547167184094],[-80.3137237701075,25.740175513164],[-80.3139341492589,25.7401455484933]]]},"properties":{"FZONE":"AH"}},{"type":"Feature","geometry":{"type":"Polygon","coordinates":[[[-80.3164965208432,25.748301426238],[-80.3152819312055,25.7482082387466],[-80.3157540722441,25.748138346664096],[-80.3158740871661,25.748071592323896],[-80.3132463739245,25.747927259864902],[-80.3131194572462,25.746911755769805],[-80.3132158599509,25.746636819670396],[-80.3136493285165,25.746538217763096],[-80.3140808351616,25.7466237197918],[-80.3144030725321,25.7479325159415],[-80.3154222624259,25.747947106893097],[-80.3154467361275,25.747818305454604],[-80.3152077258714,25.747853211947998],[-80.3154785840993,25.7475819611756],[-80.3154810948905,25.7473739343224],[-80.3154467370258,25.747566194516796],[-80.3153035824005,25.747506892733092],[-80.3153921419144,25.747201753999],[-80.3156149151217,25.747631771861],[-80.3158289836539,25.7477202523066],[-80.3163781516349,25.7477106835759],[-80.31669670321781,25.7479933087295],[-80.3172855641579,25.7479033356511],[-80.3174748436798,25.748008447451],[-80.3159615480404,25.7480665725177],[-80.3167368650975,25.748209884503197],[-80.3164965208432,25.748301426238]]]},"properties":{"FZONE":"AH"}},{"type":"Feature","geometry":{"type":"Polygon","coordinates":[[[-80.31392065746161,25.768774506313996],[-80.3136543483024,25.768428108157092],[-80.313321600643,25.768409832365798],[-80.3129995986311,25.768626251175196],[-80.3126406498099,25.7685112564595],[-80.312530519051,25.7686205243767],[-80.312502827584,25.768420577311495],[-80.31268543981,25.768476350375398],[-80.3126671626872,25.768303386807798],[-80.3136104224816,25.767876585912493],[-80.3137269860762,25.7679793452928],[-80.3136845505605,25.767841052675],[-80.3137799345757,25.767713819602996],[-80.3138575130836,25.7679669515885],[-80.3137066706761,25.768162191921295],[-80.3141852418555,25.768301896654997],[-80.314786575005,25.7679856974703],[-80.3151528971981,25.7679580082195],[-80.3145279518313,25.768585305247896],[-80.31455893831871,25.768798744253303],[-80.3143708337932,25.768707360700198],[-80.3136752934215,25.7690627789908],[-80.31392065746161,25.768774506313996]]]},"properties":{"FZONE":"AH"}},{"type":"Feature","geometry":{"type":"Polygon","coordinates":[[[-80.3084965058086,25.771885262703496],[-80.3081699547281,25.7720062970891],[-80.3081625813562,25.771769953223295],[-80.3080076579023,25.7717133169256],[-80.307984831711,25.771210351181193],[-80.3081260262124,25.771004756220705],[-80.3082435321397,25.771250119966002],[-80.3082905957758,25.770659535153104],[-80.3084965058086,25.771885262703496]]]},"properties":{"FZONE":"AH"}},{"type":"Feature","geometry":{"type":"Polygon","coordinates":[[[-80.3023062924408,25.774444102028397],[-80.3020446114019,25.774225329279698],[-80.3014108832066,25.774445670571698],[-80.3013654643859,25.774228075651102],[-80.3014111194636,25.774056366244597],[-80.3017726554328,25.774056209308892],[-80.3021512135784,25.773824571944395],[-80.3020391990523,25.7734532291508],[-80.3021751393076,25.7732854428509],[-80.3021597628449,25.7725219714193],[-80.301765282061,25.772345321660094],[-80.30214988047851,25.772186869999196],[-80.3020650067521,25.7719461322145],[-80.3022080041723,25.771647898493697],[-80.3024303102557,25.7722063230541],[-80.303156678113,25.772269546471797],[-80.3032390410481,25.772383679241],[-80.3031444403638,25.772596569414],[-80.3029069195145,25.772408311214797],[-80.3024792567606,25.7724094866312],[-80.3024454477665,25.7726897579898],[-80.3025936248727,25.77272819473699],[-80.3026148817072,25.772549662032205],[-80.3027468208662,25.7725533492596],[-80.3028616596955,25.7726854438253],[-80.3027530156484,25.772777456109598],[-80.3030830989047,25.7729198273883],[-80.3030012857385,25.772997720003698],[-80.3031904071569,25.7730789066276],[-80.3033008523262,25.772781142521097],[-80.3035961070005,25.773142051920797],[-80.303372626819,25.773088633486793],[-80.303357565665,25.773224415472196],[-80.3035496694902,25.7732642636683],[-80.303493505022,25.773537554191396],[-80.3025384799923,25.774062092780802],[-80.3026028029599,25.774362836253],[-80.3023062924408,25.774444102028397]]]},"properties":{"FZONE":"AH"}},{"type":"Feature","geometry":{"type":"Polygon","coordinates":[[[-80.3011289640227,25.775139173351903],[-80.2964134528732,25.777302825400398],[-80.2963779191138,25.777144295422396],[-80.2961140398974,25.777118096732693],[-80.2957463846044,25.7774587674193],[-80.2954326201437,25.777481045180497],[-80.2953938695172,25.776316657683605],[-80.2955025099711,25.776173110248003],[-80.2956203303088,25.777024907590203],[-80.2958718127743,25.776969449980793],[-80.2959661780999,25.776785896167098],[-80.2957531309522,25.776576457124897],[-80.2959130732936,25.776120163168496],[-80.295574284464,25.775915352482798],[-80.2960556799466,25.775852991714295],[-80.2961769507133,25.775475293785295],[-80.2959408420157,25.7752581691284],[-80.2959365274073,25.775408384128],[-80.2957640347031,25.775306801714493],[-80.2957386986188,25.775010372287998],[-80.2958905606143,25.7749369503932],[-80.2957566613313,25.7743182043236],[-80.2955224346041,25.774348716926596],[-80.2956857492211,25.774491874231593],[-80.2955469083057,25.7745350176392],[-80.2954753700697,25.7749760149595],[-80.2953155840352,25.774871452844295],[-80.2953145644473,25.7743061243431],[-80.2949201609185,25.774200700109905],[-80.2952474971265,25.774138180695704],[-80.2953479808776,25.773758132164698],[-80.2956342928233,25.774107981100798],[-80.29606007181,25.774013145004094],[-80.29614808425,25.772519618970797],[-80.2957149291964,25.7724047793028],[-80.2961669883968,25.772370972120697],[-80.2961498880671,25.771732222390302],[-80.2960889382734,25.77123184460929],[-80.2959235844807,25.771183368101696],[-80.2959999089405,25.771529607749503],[-80.2958684396004,25.771764619732398],[-80.2952592632601,25.771895381198096],[-80.2951323447852,25.770070753840695],[-80.2952318089484,25.769919595290897],[-80.2953729243981,25.7702744647036],[-80.2956018959809,25.77014652719709],[-80.2956182129797,25.7699740336509],[-80.2957786242416,25.770050671862602],[-80.2959673557912,25.769926420614997],[-80.2960508164677,25.769206954706696],[-80.2964174521728,25.769949717481097],[-80.296480833706,25.769556960249204],[-80.2967264340029,25.7693363817478],[-80.2966337152892,25.769238330996604],[-80.2968157786445,25.7692271921517],[-80.2968536659899,25.7693678380924],[-80.2970747934836,25.769082860327096],[-80.2973366299311,25.7693222634413],[-80.2972717580928,25.770342395751896],[-80.2970199621153,25.769890414740598],[-80.2967728715133,25.76996564215399],[-80.2970729097165,25.770330473116296],[-80.2970714194114,25.7706982848203],[-80.2963084973086,25.770866933094197],[-80.2964722826428,25.771049310926596],[-80.2962956325354,25.771254512652305],[-80.2963623081908,25.7722946476656],[-80.29686425533052,25.772443216142296],[-80.2964085884959,25.772525815585396],[-80.2963143812737,25.7727096033061],[-80.2963987061294,25.7738750090727],[-80.2965446832614,25.7740498550295],[-80.2970674192134,25.774078644644696],[-80.2972013184964,25.773859399605303],[-80.297155900574,25.773253202860804],[-80.2969616012662,25.7733621582014],[-80.2968001686198,25.7739304681284],[-80.296609242486,25.7736441568448],[-80.2967507504994,25.7735484564182],[-80.2965492341267,25.773442639979393],[-80.2966861930715,25.772859270633496],[-80.2970380811346,25.773197431232695],[-80.2973165498895,25.773233750786403],[-80.2974729609535,25.774046483337898],[-80.298276281193,25.7742112875958],[-80.2974566457513,25.774337029287704],[-80.29753257764742,25.7753974812632],[-80.2978461085461,25.775453488875897],[-80.2978888584722,25.775710306043198],[-80.2981619139792,25.7757337603251],[-80.2982001148367,25.775289859304493],[-80.297647964449,25.775080185455703],[-80.2982537685136,25.774990605014796],[-80.2982319610118,25.77432071367179],[-80.2983840601625,25.7744310820673],[-80.2985010172192,25.775517025240003],[-80.299245191482,25.775250637907295],[-80.2992509173437,25.7744365723735],[-80.2983523702942,25.774201875508595],[-80.2991362366178,25.774027342838306],[-80.2992113034363,25.773223867002198],[-80.2994565902212,25.773510177682002],[-80.2994594145244,25.774026872839904],[-80.299948810403,25.7741584973854],[-80.2994365101797,25.774276160194198],[-80.2995074204932,25.775019157382097],[-80.2996970135272,25.7750709295629],[-80.3002308867921,25.7748499600754],[-80.3002326133541,25.774212307676702],[-80.2999612053573,25.774098960535696],[-80.3002395941622,25.774015969039294],[-80.3002749707164,25.773186528973696],[-80.3003582768826,25.773982081421398],[-80.3008352787052,25.774120609567294],[-80.3003924766438,25.774241096443497],[-80.300489900733,25.774679192369398],[-80.3009678457866,25.77452222985489],[-80.3010539735611,25.7746161247437],[-80.3004804890837,25.774909810417498],[-80.3004241674104,25.775078459986496],[-80.3006441163144,25.775291742513705],[-80.3011289640227,25.775139173351903]]]},"properties":{"FZONE":"AH"}},{"type":"Feature","geometry":{"type":"Polygon","coordinates":[[[-80.3080903352478,25.7754982773122],[-80.3079070959978,25.772336770157104],[-80.3099824225948,25.7714417525772],[-80.3100737291569,25.774234113622995],[-80.3099253957439,25.7741046854519],[-80.3097919671781,25.7744588498933],[-80.3096597154054,25.7742127776743],[-80.3097480395607,25.774862352252004],[-80.30950965543042,25.774893572538797],[-80.3094363906325,25.775075948227396],[-80.3094590623136,25.775259344516602],[-80.3095170297006,25.775093049220196],[-80.3096313969143,25.775151409372896],[-80.3095873129901,25.7754578021308],[-80.3092557412255,25.775524714187004],[-80.3090396353142,25.775862717537205],[-80.3090996427752,25.776220881755002],[-80.3093948183977,25.775591309911196],[-80.3092736266828,25.7762345300601],[-80.3091638076393,25.776372273339703],[-80.3089472310108,25.7763163438182],[-80.3087042178618,25.777094955779],[-80.3084285752068,25.776873201356395],[-80.3083442512494,25.775149683904797],[-80.3081664225524,25.775209221036196],[-80.3080903352478,25.7754982773122]]]},"properties":{"FZONE":"AH"}},{"type":"Feature","geometry":{"type":"Polygon","coordinates":[[[-80.3161608698289,25.774073466575395],[-80.3162873175866,25.7762217440768],[-80.3162226038519,25.775782707391997],[-80.3157987831924,25.7757641164396],[-80.3155426717083,25.776159225727397],[-80.3154577979819,25.775969320528404],[-80.3152549494076,25.776003990626496],[-80.315373002409,25.776290458002297],[-80.3139599569586,25.776446714408],[-80.313194055144,25.7763594089049],[-80.3131789149382,25.7765647697054],[-80.3130777260097,25.7762021331294],[-80.3127880417884,25.776131535956896],[-80.3128094567265,25.775701284790898],[-80.3126062919452,25.775573346663695],[-80.312494120214,25.7757334448402],[-80.3124408591008,25.7753602992348],[-80.3127077171307,25.775246481579096],[-80.3127252872793,25.7748129340012],[-80.312502827584,25.7745235646123],[-80.312744114171,25.7743822897602],[-80.3132939109727,25.774464104795396],[-80.312836126809,25.774177400842593],[-80.3138250389861,25.7740515020459],[-80.3140322021687,25.773737187661695],[-80.314172692391,25.7740646029434],[-80.314472259877,25.77373169651419],[-80.3146332218062,25.7737318526414],[-80.3145922739006,25.774075819801997],[-80.3148110487066,25.774111353599597],[-80.31488501868202,25.7738102948089],[-80.3151906273383,25.773951961063798],[-80.31539025994391,25.773871165759296],[-80.3152006669099,25.773732638131104],[-80.3153034260936,25.7735269642186],[-80.3157972928873,25.773686200389204],[-80.3158085101503,25.7739576083281],[-80.3161608698289,25.774073466575395]]]},"properties":{"FZONE":"AH"}},{"type":"Feature","geometry":{"type":"Polygon","coordinates":[[[-80.3102308489916,25.7763682723655],[-80.3102412793304,25.7754407019995],[-80.3105224142851,25.775527064957995],[-80.3105904230403,25.775747487961894],[-80.3110229510698,25.7757396420959],[-80.3109778475577,25.7754875321984],[-80.311275925637,25.775840047138605],[-80.3108759498584,25.7758889957796],[-80.3109117198747,25.7761998592203],[-80.3106596876403,25.7760816474357],[-80.3105861093303,25.776335092425697],[-80.3108514770552,25.7763719594744],[-80.3108839529493,25.776254611800596],[-80.311129552348,25.776350859309],[-80.3110985676572,25.776470011611796],[-80.3107546018366,25.7764385563409],[-80.3105532435673,25.776619208252594],[-80.3102970530315,25.776530019686998],[-80.3100883977472,25.7763511723655],[-80.3101073027923,25.776281439221002],[-80.3102308489916,25.7763682723655]]]},"properties":{"FZONE":"AH"}},{"type":"Feature","geometry":{"type":"Polygon","coordinates":[[[-80.3076790667478,25.7786022081522],[-80.3060397168128,25.778661589048195],[-80.3058392200279,25.7785145119107],[-80.3057352858478,25.778639075305296],[-80.3043615389962,25.778703006331998],[-80.304316905303,25.778472780701296],[-80.3043593426153,25.7781512487194],[-80.3044594347009,25.7782974631916],[-80.3049212190626,25.7783789640938],[-80.3050282138028,25.778281225776496],[-80.3062739444383,25.778400535497294],[-80.3065456641505,25.778290717622998],[-80.306841703054,25.77841395058349],[-80.3076022724691,25.778314093738697],[-80.3076790667478,25.7786022081522]]]},"properties":{"FZONE":"AH"}},{"type":"Feature","geometry":{"type":"Polygon","coordinates":[[[-80.2905236702724,25.780690009439095],[-80.2923945016831,25.7798330355177],[-80.2945729000774,25.778579619168696],[-80.2943070616354,25.778934330020803],[-80.2944051136469,25.779073643501498],[-80.29417684814,25.7790818005784],[-80.2942336405306,25.7793205768364],[-80.2935097816679,25.779669407133],[-80.293275242327,25.779653169096704],[-80.2935180183207,25.780204143175094],[-80.293779150489,25.7800152547748],[-80.2936516031934,25.77993877345549],[-80.2937574220389,25.779761574974096],[-80.2943027479254,25.7794256875165],[-80.2948028121963,25.7793705448869],[-80.2950376668458,25.7790654063416],[-80.29532852606351,25.7793314793407],[-80.2960245380507,25.7791770289907],[-80.2975409697087,25.779415569664092],[-80.2975391658916,25.7787507760114],[-80.297184219065,25.7786421362427],[-80.29766467311332,25.778628565870495],[-80.2977624107145,25.778752424580297],[-80.2978355183072,25.7778740374668],[-80.2984256332955,25.777717938253996],[-80.2981188478462,25.777642320191998],[-80.2982646713663,25.7776072566271],[-80.298103395925,25.777439784401395],[-80.2980672342432,25.7775888228917],[-80.2978952131545,25.7775204227715],[-80.2978821121244,25.777106722421095],[-80.2981252025285,25.777132843456293],[-80.2982911842435,25.7773843261771],[-80.2990581074426,25.7775474844934],[-80.2990700307814,25.777402759944298],[-80.2994480400563,25.777365030093396],[-80.2991630630072,25.777187203276995],[-80.2992993149779,25.777040517450097],[-80.2991971064615,25.776900890953797],[-80.2993186116885,25.776529391957204],[-80.299594412447,25.776448910655],[-80.2996138663628,25.7763355640327],[-80.298340602364,25.776788877068498],[-80.2984016303111,25.77697493936069],[-80.2982391789751,25.7770532240703],[-80.2981346159744,25.7768866149974],[-80.2979173332701,25.776952191517694],[-80.2976162745807,25.7772236000752],[-80.2961116890063,25.777739432121102],[-80.3014804613186,25.775219653924697],[-80.3020723810223,25.7764839745622],[-80.3025703261674,25.77686080696299],[-80.3074598230212,25.776597950390002],[-80.3078470094851,25.776831627310592],[-80.30796522059,25.777270350295804],[-80.3081374006805,25.776453460081402],[-80.3080899435823,25.7755049453816],[-80.3081833665752,25.7756313150551],[-80.3081844652149,25.7771561397165],[-80.3080374658001,25.777350831849695],[-80.3075627367151,25.7773159251301],[-80.3069861925759,25.776700238702105],[-80.3065356245788,25.776904027975196],[-80.30579819576552,25.776852414335302],[-80.30596394302022,25.776949995279995],[-80.3059870818253,25.777157865964405],[-80.305859221916,25.777209480280295],[-80.3051100278673,25.7770409874365],[-80.3052453402003,25.777258270615796],[-80.3043410663909,25.7774135056935],[-80.3043518120383,25.777110722561396],[-80.3044305682376,25.777232148799296],[-80.3046334168119,25.777132058797996],[-80.30480057532,25.7772475240436],[-80.3047261364239,25.776989686910998],[-80.3044629641817,25.7768447270923],[-80.3037155730518,25.77681923372189],[-80.3033865102818,25.777258742219196],[-80.3032330016744,25.777129547891406],[-80.3031249873464,25.7772305811018],[-80.3032215481546,25.7773382021092],[-80.3028267529602,25.7770936218594],[-80.302860324799,25.777322985425904],[-80.3030929830677,25.7774589243505],[-80.3029499838509,25.7776703234718],[-80.3031292238012,25.77772162451191],[-80.3028462050794,25.777867447995796],[-80.3033912174539,25.7779445543282],[-80.3024695298027,25.778018369114804],[-80.301778303141,25.777932946317698],[-80.3022680134299,25.777801084900695],[-80.3019101632483,25.777687267159703],[-80.3029097438178,25.777694327433405],[-80.3027825118308,25.777528658420795],[-80.3023565738422,25.777541758125498],[-80.3025151821854,25.777276861334098],[-80.3022923299264,25.777268624858404],[-80.3022457361092,25.7769511714604],[-80.3020263351775,25.7770114939648],[-80.3019675027129,25.776756009492704],[-80.3016568751691,25.7766321511254],[-80.3012954173533,25.777075031921395],[-80.3013671909479,25.7772899602577],[-80.3010756238578,25.777478378158897],[-80.3010365597193,25.777189870305094],[-80.3006578452669,25.777207126306894],[-80.2996889349779,25.7767171032535],[-80.2995370720841,25.776813506509896],[-80.2995963734693,25.7775907060643],[-80.2990710512676,25.777718644443],[-80.2994427067585,25.777820696392695],[-80.2981464602614,25.777897648251596],[-80.2982444341195,25.778381945763996],[-80.2988167436005,25.7784545040303],[-80.2990053170466,25.778955117485996],[-80.2988730652739,25.7795061684172],[-80.2981984673264,25.779514641748197],[-80.2981488138474,25.77975286869519],[-80.299243151408,25.7798266815477],[-80.2991017206497,25.78001494253691],[-80.3006670997109,25.779854292800696],[-80.301266081071,25.7796484620557],[-80.3014013916074,25.7800497675717],[-80.301657031476,25.779813110502097],[-80.30217349179742,25.7797021153556],[-80.3021357616572,25.7795401345393],[-80.3020030373706,25.779657012222895],[-80.3016105957623,25.779607908208195],[-80.3016815069742,25.779350384400498],[-80.3025424810886,25.779397527722395],[-80.3027565478242,25.779066739429997],[-80.3033870591524,25.779055679163392],[-80.3034512249148,25.7792246423593],[-80.303774091106,25.7793437173561],[-80.3041389220957,25.779239232701],[-80.3039887067123,25.779365131655396],[-80.3041775936704,25.7794212959416],[-80.3043568327224,25.779320890693896],[-80.3074661768052,25.7793383041234],[-80.3072997234747,25.77948216644],[-80.3040344381467,25.779498560619302],[-80.3036128147665,25.779427021409802],[-80.3032720649146,25.7791895007976],[-80.3026690061014,25.779395173792395],[-80.30242387562332,25.779789657026598],[-80.3017561039737,25.7798899834135],[-80.3015976519374,25.780227988887493],[-80.3016520116902,25.782664067788097],[-80.3018456067187,25.782865742092497],[-80.302905900825,25.782884175007894],[-80.3039661940329,25.782477690054],[-80.3052454965071,25.7826525370838],[-80.3060390897887,25.7826416340759],[-80.3063985075305,25.782459727849194],[-80.3048486612388,25.783428559476697],[-80.3036285819963,25.783881167567092],[-80.3020623396541,25.7841724983095],[-80.296665563261,25.784402175783992],[-80.2937156917007,25.7843830345285],[-80.2931810333082,25.784244429389194],[-80.2956509996909,25.784221445939],[-80.2957687418752,25.783346901075905],[-80.2955526350656,25.783223356157194],[-80.2957155580171,25.783411459685396],[-80.29554055542,25.7835061378173],[-80.294197636054,25.783225161587403],[-80.293663369327,25.783437893179094],[-80.2934167503404,25.783287914025095],[-80.2929351194992,25.783310191500497],[-80.29308933508061,25.784021263895095],[-80.2930244641407,25.784173361382397],[-80.2929348050888,25.783655176774896],[-80.2928261637367,25.783855830204995],[-80.2927891396722,25.783359295600395],[-80.2921869441401,25.783363137797604],[-80.2917306493831,25.783234102996897],[-80.2916361286489,25.783069610560595],[-80.2915336829772,25.783237554507],[-80.291177951023,25.782946064544095],[-80.2911787352523,25.7826851684484],[-80.29137444761,25.782711054486597],[-80.2913536605943,25.782396739586297],[-80.2910766830427,25.782498007742294],[-80.2910144792009,25.783129149379597],[-80.29086426202082,25.783096123401098],[-80.2908655969173,25.782523422238892],[-80.2906671402064,25.782670501686102],[-80.2906065048231,25.7825372283612],[-80.2904683690852,25.7825873527901],[-80.2905028832567,25.782867075947102],[-80.29060258277852,25.782798673208095],[-80.2907228330591,25.782942063791698],[-80.290506021072,25.782899078747597],[-80.2905953657135,25.783133148507993],[-80.2903820050538,25.7831633482321],[-80.2905563806268,25.783495941042503],[-80.2908393185003,25.783751423941393],[-80.2910017707346,25.7835823830696],[-80.29126643328192,25.783655020660802],[-80.2909820042051,25.7839227415689],[-80.2905352001491,25.783790489649597],[-80.2905823437352,25.783638939284295],[-80.2904572299757,25.783626310213297],[-80.2902738344188,25.783802490203],[-80.2887631286224,25.7838415526589],[-80.2885179990426,25.782864800548],[-80.2885803600896,25.7817066903398],[-80.2895276982354,25.781908754540797],[-80.2895699783426,25.781753675799802],[-80.2901821352929,25.7816681748028],[-80.290013330173,25.781601421519493],[-80.2900155265538,25.781365703439498],[-80.2902861494231,25.780995223886595],[-80.2904694677248,25.781034681201103],[-80.2905854824488,25.7808864252021],[-80.2907815065219,25.781146145879898],[-80.29121732867351,25.781122300352],[-80.2909350187224,25.780662005254296],[-80.2907728009485,25.780825947741192],[-80.2905236702724,25.780690009439095]],[[-80.3000282717798,25.7829968949577],[-80.3013082812282,25.782896960273096],[-80.3012459201811,25.7800794196426],[-80.299736705588,25.7800105477481],[-80.2993015113587,25.780183355119796],[-80.2977835902939,25.780249089172198],[-80.2978113581177,25.7817573627412],[-80.2976358848033,25.782903157963496],[-80.3000282717798,25.7829968949577]],[[-80.2955968770934,25.7823380659126],[-80.2931706793262,25.7823848165443],[-80.2926499843465,25.7829248086241],[-80.2937907594174,25.783102791043497],[-80.2940707175791,25.7829593221923],[-80.2952309456674,25.782949281485497],[-80.2954600726587,25.7827221152214],[-80.2954140286105,25.7829932080548],[-80.2962178186689,25.7829954826426],[-80.2965363702518,25.7827494127608],[-80.296658032684,25.782970539018894],[-80.2972854870453,25.783042156171003],[-80.297402991176,25.7823821488241],[-80.296466086064,25.7825048331517],[-80.2963683484627,25.782365676581],[-80.2956568827577,25.7823361836242],[-80.29741946538,25.782289744396298],[-80.2973839307224,25.779434239317503],[-80.296155301315,25.7793179098563],[-80.2953544909684,25.7793959592446],[-80.294701857728,25.7798893565103],[-80.2935540236956,25.7802494038361],[-80.2921412118072,25.7810174233294],[-80.2922367548243,25.781614677700198],[-80.2928132226067,25.78229264669689],[-80.2955968770934,25.7823380659126]],[[-80.2988187046228,25.7840542871894],[-80.2999571270059,25.7840032210362],[-80.2998407978716,25.783779584319696],[-80.300247830815,25.784026518373796],[-80.3009339586392,25.7838556724733],[-80.3016754658039,25.783930977582592],[-80.3023327289613,25.7837337749664],[-80.3032557497124,25.783729617317597],[-80.3047033093343,25.7832028824783],[-80.3048025381389,25.782769571860598],[-80.3043323581225,25.7826171603421],[-80.3037216133238,25.782967715196904],[-80.3018402716243,25.782967322886996],[-80.3013284403214,25.783275441031293],[-80.3009851015249,25.783269087245696],[-80.3009190555886,25.7834417369915],[-80.3007500914668,25.783269401092802],[-80.3003564721672,25.783248299727596],[-80.29999101235681,25.783517746900298],[-80.299621554145,25.783309485344798],[-80.2988307851667,25.7833968698569],[-80.29854211873672,25.7836352524014],[-80.2980116976974,25.7834244802788],[-80.2977429567987,25.783532965215596],[-80.2977691570623,25.783791822685004],[-80.2985210191073,25.783763269193493],[-80.2988187046228,25.7840542871894]]]},"properties":{"FZONE":"AH"}},{"type":"Feature","geometry":{"type":"Polygon","coordinates":[[[-80.3079972248686,25.777511086985598],[-80.3091686702199,25.777287921766597],[-80.3093303400216,25.7775756447266],[-80.3093224168808,25.7771610029791],[-80.3095386799972,25.777062638358103],[-80.3112119152831,25.7771028784034],[-80.3113298919277,25.7768447262834],[-80.31150575690751,25.777020043513097],[-80.3123472789027,25.7771097809713],[-80.312344926215,25.7773411045309],[-80.3120143722416,25.777343927677997],[-80.311518856141,25.7777276647329],[-80.3112669029583,25.777661067781004],[-80.3108348474426,25.777866976394797],[-80.3103227026278,25.7779138857192],[-80.3102408885633,25.777616356199903],[-80.3090020623791,25.7776964451919],[-80.3094847119099,25.7779785985538],[-80.3094766324622,25.778235572847898],[-80.3092469566003,25.778285227495097],[-80.3092387981009,25.778600405078205],[-80.3088904404168,25.778481173214395],[-80.308740693954,25.778778075273603],[-80.3086175403184,25.7782967570061],[-80.3085563560644,25.7788005089077],[-80.30837092133191,25.778593031807898],[-80.3082672997655,25.7787752505429],[-80.3083804901863,25.7798023649702],[-80.3084961132448,25.7797192164904],[-80.3084825432941,25.779221661519195],[-80.3086728424039,25.779288571452593],[-80.3085591794693,25.7794367477487],[-80.3086788826759,25.780625450966095],[-80.3087325363528,25.779497619048],[-80.3091026233853,25.7798370355661],[-80.3096213564444,25.7798684130897],[-80.3096710889752,25.7797407876502],[-80.3099126890742,25.779965288613695],[-80.3097852998821,25.780036042050497],[-80.3098714285549,25.780235047392203],[-80.3102481056282,25.780321725569003],[-80.3104559748867,25.779938302671695],[-80.3104926854391,25.7793103004284],[-80.3112025027356,25.778797998845295],[-80.3113716222659,25.778900443807697],[-80.3115560383089,25.778344057676705],[-80.3118859643599,25.778277853396197],[-80.3121001874024,25.77804770621469],[-80.312314961112,25.778132188155993],[-80.3123627317222,25.778718067526597],[-80.3113186746647,25.779280964449697],[-80.310288894532,25.7806380018932],[-80.3092597414234,25.781195093140493],[-80.3092716647622,25.781492152613392],[-80.3089258160727,25.7815670636731],[-80.3089383673339,25.781171796864495],[-80.3087613237644,25.781166776031096],[-80.3088905958254,25.7827492550277],[-80.30857714308,25.7829482614797],[-80.3084458327417,25.781907184478495],[-80.3086010688093,25.781704727960797],[-80.3085425516534,25.781430966867596],[-80.3087596762542,25.7810696652898],[-80.3088905958254,25.781055311371798],[-80.3087085324701,25.7809342757013],[-80.3086773133191,25.7806791062508],[-80.3086362881584,25.781189367757506],[-80.3083517818264,25.781141282780595],[-80.308534393154,25.780410364465197],[-80.3082926367481,25.7798670775835],[-80.3081781123292,25.781901379858304],[-80.3078453619749,25.78228158673109],[-80.3080953550336,25.782353988113993],[-80.3080418594601,25.783738638768295],[-80.3069593652883,25.784217601342995],[-80.3068100131857,25.7837641314605],[-80.3071066009599,25.7834667597866],[-80.3072859972171,25.7831458560934],[-80.3074132292041,25.782551112135298],[-80.30720049467011,25.781465952457197],[-80.3073025477779,25.780338590414498],[-80.3080017748355,25.778236279842705],[-80.3079972248686,25.777511086985598]]]},"properties":{"FZONE":"AH"}},{"type":"Feature","geometry":{"type":"Polygon","coordinates":[[[-80.3138073897857,25.781968056127997],[-80.3137668344439,25.7815691028995],[-80.3135965390189,25.7815556889791],[-80.31360967021482,25.78196435812595],[-80.31289296542818,25.781507757062126],[-80.313250532226,25.7813105584761],[-80.3129754375432,25.781131713508],[-80.3133168943693,25.781065665282902],[-80.3138159390523,25.781254787399895],[-80.3138657497365,25.781085746205697],[-80.3143420463816,25.78108229463299],[-80.3142487796955,25.781220430261996],[-80.3144768098439,25.781347113361996],[-80.3138831626799,25.781415043733393],[-80.3141086820371,25.7817152395497],[-80.31413435899262,25.782219973538833],[-80.3138073897857,25.781968056127997]]]},"properties":{"FZONE":"AH"}},{"type":"Feature","geometry":{"type":"Polygon","coordinates":[[[-80.3088273290459,25.784605663422752],[-80.3087598343577,25.783005209497695],[-80.3090899167156,25.782775061780995],[-80.3089237759987,25.781765520442498],[-80.3092028717777,25.7817731289039],[-80.3094024262299,25.781608009165296],[-80.3095513866669,25.78179038504789],[-80.3099648524461,25.7818261551587],[-80.3091065454298,25.782228874529704],[-80.30924970185181,25.782496123838595],[-80.3106985945736,25.7818353336796],[-80.31173259610897,25.782191711320717],[-80.31162447458654,25.782545445689717],[-80.3103884359504,25.783005210306605],[-80.3111019408311,25.782872800440195],[-80.311247607146,25.7830026995243],[-80.311321185456,25.7828091054291],[-80.31152581765829,25.782771035981998],[-80.31127614257011,25.78317891121515],[-80.3112690211857,25.783054393803493],[-80.3107993136832,25.7830703159088],[-80.3101190689259,25.7833483910397],[-80.3097990270379,25.7832090793438],[-80.3098796652077,25.78338494529759],[-80.3096312415058,25.783534141330698],[-80.3096843454138,25.783650156046704],[-80.31031541691807,25.783993022171106],[-80.3088273290459,25.784605663422752]]]},"properties":{"FZONE":"AH"}},{"type":"Feature","geometry":{"type":"Polygon","coordinates":[[[-80.29141378852546,25.785888976655116],[-80.2915590199598,25.785651748341397],[-80.29188400348022,25.7854819231483],[-80.2931668363334,25.785401599178496],[-80.2930132477761,25.7853191567231],[-80.2930953762509,25.785187689348195],[-80.2894886349953,25.7853186875783],[-80.2910912725813,25.784514661335],[-80.2949159253619,25.784779322759196],[-80.3021516842956,25.7845057968653],[-80.3044426469849,25.784032559082597],[-80.3060435607039,25.7834119296466],[-80.3063740347272,25.783459229895495],[-80.3043348698121,25.784331734751504],[-80.3067496922127,25.7834201656958],[-80.3067245133336,25.783246102797595],[-80.3072659944307,25.7828860572877],[-80.307026432609,25.7835105308588],[-80.3068383307784,25.783659882848095],[-80.30665862100922,25.7839416442792],[-80.3070254139195,25.784777988926],[-80.307177669377,25.784774693573503],[-80.3071114626423,25.784503756880497],[-80.307694518669,25.784396135902895],[-80.3079226278691,25.784411587870895],[-80.3078456772836,25.784661032165296],[-80.308096846237,25.7847714774905],[-80.3058757751717,25.785044062053398],[-80.306304929129,25.7854260715289],[-80.3067216328138,25.78543916399411],[-80.30526788402427,25.785874496666864],[-80.29141378852546,25.785888976655116]],[[-80.2953680627158,25.785554167274903],[-80.29634536506622,25.7853268442259],[-80.2982021540124,25.7855106323378],[-80.2987667757112,25.7854830992441],[-80.2991163119848,25.785248246281203],[-80.2992106755139,25.7854257584964],[-80.29963112389781,25.785249264649497],[-80.3003093285811,25.7852168693718],[-80.3017359439821,25.785381988130997],[-80.3020461026053,25.785209652624896],[-80.3017674784418,25.7850703398798],[-80.3019631108495,25.785010331271405],[-80.3014920702471,25.784939656026904],[-80.3018991031905,25.784786931027295],[-80.3009504310465,25.7848895325922],[-80.3011824613928,25.7850787335438],[-80.3006287425466,25.7851716081796],[-80.300207434475,25.7849256940717],[-80.2979716139711,25.7849289101505],[-80.29640035274141,25.785067203074195],[-80.2963406578941,25.7852165555299],[-80.2961232970364,25.785065006986798],[-80.2940272615772,25.785259462891396],[-80.2950500609018,25.785471568004898],[-80.2951903921222,25.785285976051295],[-80.2953680627158,25.785554167274903]]]},"properties":{"FZONE":"AH"}},{"type":"Feature","geometry":{"type":"Polygon","coordinates":[[[-80.27550290177912,25.6894737387521],[-80.273216173748,25.6895667715064],[-80.2729447657512,25.6893758439272],[-80.2728408297745,25.688672929375798],[-80.2731342024783,25.687819799298097],[-80.2729598269053,25.6873926859353],[-80.2731254951083,25.687262080027796],[-80.2730790566997,25.686857400275393],[-80.2744458227432,25.6867118917404],[-80.2756355452173,25.686969885078696],[-80.2756925720682,25.687264433354297],[-80.2755260405841,25.687349227554694],[-80.2757698379624,25.6884388597164],[-80.2757241846813,25.6891314202039],[-80.27550290177912,25.6894737387521]],[[-80.2732517066091,25.689485819260504],[-80.2754749749535,25.689245395622898],[-80.275583930716,25.6882006318435],[-80.2751289699572,25.687062603258905],[-80.2738742974914,25.686863440257596],[-80.27331140055801,25.687036952196905],[-80.27339439141551,25.6880813238454],[-80.2739736044495,25.688114504140298],[-80.2742080665353,25.6877331208361],[-80.2744268395446,25.687664092606305],[-80.2746653799818,25.6877755582537],[-80.274696129314,25.688077949714796],[-80.2743262776401,25.6883882657091],[-80.2736183423142,25.688223302770197],[-80.2733575245563,25.688348023956404],[-80.2731446346137,25.688670576886697],[-80.2731134145643,25.689186014567095],[-80.2732517066091,25.689485819260504]]]},"properties":{"FZONE":"AH"}},{"type":"Feature","geometry":{"type":"Polygon","coordinates":[[[-80.284593489535,25.687505171042698],[-80.2846800880267,25.6885835849465],[-80.2848479535089,25.689013915142898],[-80.2856735492724,25.689591714501304],[-80.2862500161566,25.689675177001295],[-80.2862993561235,25.6895234701569],[-80.28630570990751,25.689667017834395],[-80.2867791049943,25.689736202759995],[-80.2865987673027,25.689459305768896],[-80.2864027423313,25.689531236715297],[-80.2863643851669,25.6892961455042],[-80.28547454279261,25.689050624710095],[-80.2849902448532,25.688633160483896],[-80.2851749753066,25.688537930747795],[-80.2856670391816,25.6887659611365],[-80.2858324729243,25.688428976975597],[-80.2855625561309,25.6883138229083],[-80.2856297797585,25.68817435525869],[-80.2857556777473,25.6883306109548],[-80.2859870029161,25.6881829039126],[-80.2861245107316,25.6883608890139],[-80.286248683955,25.6879118109035],[-80.28690751287591,25.6880456323714],[-80.28690900407932,25.687741357041304],[-80.2866371262636,25.687650992708292],[-80.2870413331072,25.687688880568896],[-80.2870297259754,25.687059229099393],[-80.2871779021832,25.6869660413836],[-80.2874252272455,25.6872644333543],[-80.2873754165614,25.687084723105993],[-80.2877373477893,25.6870652698809],[-80.2881454003206,25.6874027250027],[-80.2881616373694,25.68776794943999],[-80.28822831212642,25.687658365954704],[-80.2885110155396,25.6877683420642],[-80.2886124398267,25.687713667716892],[-80.2884852078398,25.6875064258238],[-80.2889538966527,25.687633343220494],[-80.288875925581,25.6872132891717],[-80.2890077066366,25.687071152802098],[-80.2891456860676,25.6871502220832],[-80.2891860833059,25.687684488032296],[-80.2893224933801,25.687664877855298],[-80.2896162559528,25.6866600405905],[-80.2897753350131,25.686985809535702],[-80.290080552004,25.687014438904693],[-80.2905028814601,25.6867831168069],[-80.2906177193911,25.686888227577295],[-80.2909951797953,25.6865633229567],[-80.2924443078757,25.6866816909781],[-80.29249607958221,25.686516256950394],[-80.2931265936054,25.6864865289117],[-80.2933471704318,25.6867142450778],[-80.2939853704406,25.68682806333],[-80.2942542685444,25.687368681542903],[-80.294151666566,25.687712178172898],[-80.29461941394452,25.688122190647],[-80.2943910702841,25.688184944741703],[-80.2944750816278,25.6888137321618],[-80.2946776957418,25.688783375693596],[-80.2946300823368,25.6885351063005],[-80.2949110600863,25.688257188936603],[-80.2947114256841,25.688064535763797],[-80.2947947300537,25.6875056413833],[-80.2952421602354,25.687508464235894],[-80.2953209164347,25.6877151580704],[-80.2951298321973,25.6880544959426],[-80.2953941803343,25.688300253553997],[-80.2961574958992,25.688544990651494],[-80.29644514004652,25.689163423966697],[-80.2966806998735,25.689095257900796],[-80.2967569443833,25.688777804525195],[-80.297303604268,25.688420582959598],[-80.2979007000643,25.6888205548577],[-80.2979260379452,25.6889964220956],[-80.2977976291652,25.689061999355104],[-80.2976568263292,25.688794904983798],[-80.2975168086209,25.688956181357792],[-80.2976985566675,25.6891478138965],[-80.29699932960992,25.689282576261792],[-80.2971206794283,25.689499153718195],[-80.2973171733203,25.68944871558969],[-80.2972424191156,25.6892784970697],[-80.29737051528191,25.689300538791],[-80.2975386152244,25.6896274055121],[-80.2974253448536,25.689849865934896],[-80.2971990412672,25.689618542057797],[-80.2970006636081,25.6897407522681],[-80.2970243530804,25.690124802983497],[-80.2972836805333,25.690345223304195],[-80.29709926449031,25.690467984049196],[-80.29703690254492,25.6907757891806],[-80.2858250995524,25.689691649142603],[-80.2853243283074,25.689526764913296],[-80.2847005615303,25.688943473412802],[-80.284593489535,25.687505171042698]],[[-80.2926171158886,25.690324672097102],[-80.2968253466006,25.6906662853665],[-80.2968008720007,25.690069815624497],[-80.2965735488264,25.6900386742431],[-80.2965246005249,25.6903016890968],[-80.2964044292961,25.69023713089299],[-80.2964255298238,25.689661604563902],[-80.296282217095,25.689466521856],[-80.2948187330381,25.689395924155498],[-80.2948330881163,25.6897171417762],[-80.2951392456432,25.6896215996218],[-80.2952641240441,25.689718161772902],[-80.2951412075638,25.690278862328892],[-80.2949931885612,25.690196419434994],[-80.2950148370612,25.6898958329149],[-80.2947709624279,25.689842649061504],[-80.2944117000946,25.689931522215495],[-80.294408014307,25.690196577290894],[-80.294209713903,25.6901853598008],[-80.2941322135485,25.6897482840513],[-80.2943651062775,25.6896446620864],[-80.2944964956675,25.6897369102814],[-80.2944575896326,25.6896317987866],[-80.2946341606882,25.6897199661955],[-80.2945441108692,25.689419378472998],[-80.2935391170518,25.689512095556],[-80.2935513539026,25.6899811757153],[-80.2931708329381,25.689841158734602],[-80.2931718543226,25.6894581287226],[-80.2923784173479,25.689691649142592],[-80.2923430398954,25.690108015999403],[-80.2926171158886,25.690324672097102]]]},"properties":{"FZONE":"AH"}},{"type":"Feature","geometry":{"type":"Polygon","coordinates":[[[-80.2830477979515,25.6835686609652],[-80.2830533684045,25.6843656276847],[-80.2828944438544,25.68457530047199],[-80.2827799203337,25.684454266105792],[-80.2826691616525,25.6846901391885],[-80.2818976893848,25.6845552194311],[-80.2821418775302,25.684287812989396],[-80.2818248944057,25.683854973081502],[-80.2813962911157,25.6838222627648],[-80.2812668627479,25.6840629993138],[-80.2814654757656,25.684211176151095],[-80.2814289233167,25.68438837463],[-80.2817647315362,25.684488622887294],[-80.2817983815284,25.684784739738493],[-80.2815778038037,25.684842394589896],[-80.28174598279791,25.685055284510696],[-80.2820696314217,25.684989393367395],[-80.2821197565163,25.6847383028633],[-80.2822944464997,25.685083288559397],[-80.2825655400861,25.685063835007497],[-80.2827319934167,25.684840354513096],[-80.2829953210675,25.6849733132093],[-80.282572913458,25.685334379145896],[-80.282608132807,25.685868016934805],[-80.2828850322051,25.685594021281094],[-80.2832275077207,25.6860194879996],[-80.2832945750415,25.686377965891996],[-80.2830343843076,25.686221710063105],[-80.2827361499215,25.686292621319495],[-80.2830397984539,25.686484254095596],[-80.2833825883798,25.686490765250795],[-80.2834400850495,25.68670804722729],[-80.2836585427502,25.6867033405523],[-80.2834189836235,25.6870032235435],[-80.2830518772012,25.68671793173],[-80.2833222647118,25.687017656014696],[-80.2832697878278,25.687242312731],[-80.2838752774822,25.687474421615892],[-80.284400679634,25.6869539622387],[-80.2844279767405,25.688614882137895],[-80.2846313750838,25.689130086916],[-80.2850692355128,25.6895166450727],[-80.2855588676483,25.689779346985098],[-80.2869708944091,25.6899843142218],[-80.2959211509446,25.690861918197495],[-80.2949171003583,25.690877528043],[-80.2953095410683,25.691073630853396],[-80.2952001154869,25.6913463729237],[-80.2949574966983,25.691472820760996],[-80.2951952520079,25.691886521353],[-80.2949341979931,25.691995790907498],[-80.2949933439697,25.692258569921098],[-80.2946525950161,25.692190638764004],[-80.2945787804492,25.6919071516222],[-80.2946007433596,25.691807216411398],[-80.2948703484376,25.691871459675593],[-80.2948239109273,25.691480664095696],[-80.2945696032603,25.691456034776397],[-80.2943099613971,25.6916295465017],[-80.2939880375386,25.691478155426704],[-80.294012903804,25.6916416276009],[-80.2936507381157,25.6917490913693],[-80.293303791685,25.691579580409304],[-80.29308948959091,25.6917355207872],[-80.2927988639352,25.691350060242097],[-80.292697439648,25.6913393131861],[-80.2927604277191,25.6914667810125],[-80.2925134943223,25.6914610545438],[-80.292567854075,25.691581461706992],[-80.2924002239514,25.691423481163294],[-80.2921267776773,25.691522944752396],[-80.292027000002,25.691392967505802],[-80.2916533834888,25.691412263788703],[-80.2917315108674,25.6916563744087],[-80.2925028259299,25.691634567071205],[-80.29266057189051,25.691763133082897],[-80.2926142915853,25.692044423569993],[-80.2931155326493,25.692062230257694],[-80.2928700895574,25.691899463740786],[-80.2930102635727,25.691874284043802],[-80.2934086690961,25.692174009114897],[-80.2931897388816,25.6922707270499],[-80.2933129697723,25.6924709106967],[-80.2937145122127,25.692401019854096],[-80.2936249313143,25.692160753478593],[-80.2933319529709,25.692038383850498],[-80.2935025637046,25.691827846694398],[-80.2936974109846,25.6918134139965],[-80.2938494328802,25.692038540894497],[-80.2939454439194,25.6919086419233],[-80.2940809125592,25.6924508301774],[-80.2942784278357,25.6924229824758],[-80.2943454951565,25.6919463721949],[-80.2945734471514,25.692184599861402],[-80.2945551700286,25.692354738944193],[-80.2944207209767,25.692283826439798],[-80.2943032159476,25.692528408022497],[-80.2940052941752,25.692669367341196],[-80.29402859198211,25.693042905369598],[-80.2926132710992,25.6931228376588],[-80.2923963019069,25.6933402775311],[-80.292058691667,25.693102913482495],[-80.2922249859957,25.6934184060636],[-80.2920022127884,25.693533558433597],[-80.2921792545612,25.693686127138207],[-80.2920852036459,25.6937283284911],[-80.2918674493261,25.6934837469442],[-80.2920313936621,25.6926685821252],[-80.2918612527473,25.692717688070793],[-80.2917468846352,25.693087460161795],[-80.2917091553933,25.6928118961139],[-80.291159356795,25.692825622806797],[-80.2909563510155,25.6929945872004],[-80.2905732438013,25.6928018550739],[-80.2902965016084,25.692849076448898],[-80.2902456713364,25.692621439200195],[-80.2908957946839,25.692593827912997],[-80.2907305181463,25.692262882957696],[-80.2904495403968,25.692344385397398],[-80.2903422330429,25.6922089157517],[-80.2902492008171,25.6923057915116],[-80.2900619613692,25.6922093860737],[-80.2904649941146,25.692036580272497],[-80.2907978989792,25.6921195715464],[-80.2907249494899,25.691597384738003],[-80.28978121808,25.6915688325644],[-80.289562759481,25.6917787420008],[-80.2892897039739,25.691670100425195],[-80.2890547720692,25.691784782543003],[-80.2890572819621,25.692154712955496],[-80.2899566922926,25.692193149036896],[-80.2898747210229,25.692367838324802],[-80.2895102816987,25.692247822946996],[-80.2890100602226,25.692309790459092],[-80.2889845660349,25.692687173935497],[-80.2887759907006,25.692511151056408],[-80.2883715458035,25.692569983231195],[-80.288167363231,25.692426120918],[-80.2882135653827,25.6923198323501],[-80.2883393070646,25.692425178656805],[-80.2888930250124,25.692360622413595],[-80.2887750492662,25.691648843555697],[-80.28706259353501,25.691710812189005],[-80.2870850262643,25.6924003123486],[-80.28773483699811,25.692421491371704],[-80.2879499224232,25.692551705489297],[-80.2878184548797,25.6927150207658],[-80.2883349933546,25.6929104972361],[-80.2876347449125,25.6929802315463],[-80.2873663184241,25.6928665705494],[-80.2875785804443,25.692795814583302],[-80.2873620038158,25.692523858620895],[-80.2869380277478,25.692719492447996],[-80.2867858504438,25.691529926766293],[-80.28611878487,25.691405046200504],[-80.2856514291569,25.691595033116098],[-80.28524369103592,25.691493921426694],[-80.28513897083,25.691829885842],[-80.2849213737154,25.69162570295679],[-80.2848859962628,25.69101025090849],[-80.28481218349262,25.69168853372789],[-80.2841559417197,25.691420813829197],[-80.2839200683806,25.691623194290898],[-80.2835130354371,25.691433051184898],[-80.2833051652804,25.691603033487297],[-80.2831515776213,25.691467956419903],[-80.2829764169207,25.691554634592595],[-80.2825375360055,25.6914223033268],[-80.2819511077032,25.691524592103],[-80.2819653828313,25.691984103263994],[-80.2820983424765,25.692080506455696],[-80.2823057410178,25.6918745196102],[-80.28252412415831,25.692104589229995],[-80.2826547275225,25.692006065962598],[-80.2833165397485,25.692149065851304],[-80.2835459029967,25.692023794133995],[-80.2838456276879,25.692109138647595],[-80.2836732921888,25.691988103031896],[-80.2839088511176,25.6919408036029],[-80.2845087721155,25.6920265391671],[-80.2846822862042,25.691800707165793],[-80.2848187726352,25.6918655778011],[-80.2847684921321,25.692386742650296],[-80.2845711331625,25.692236684172],[-80.2844011503512,25.6922454689095],[-80.2843785586201,25.6923970176716],[-80.2839760747453,25.692185776071202],[-80.2839121461381,25.692287670772796],[-80.2838171519917,25.692163497698992],[-80.2834253374075,25.6921412994636],[-80.2830305404165,25.692375996497194],[-80.2826116649827,25.692251508618497],[-80.281960521149,25.69236446512519],[-80.2818992587416,25.692716589578303],[-80.282064141817,25.6928690799986],[-80.2827574876045,25.692695567650794],[-80.2828357712899,25.692850096418795],[-80.2831744038127,25.6927334547163],[-80.2835024442999,25.692964779019196],[-80.2835309981495,25.692657994659797],[-80.2837794236481,25.6929566994086],[-80.283601831208,25.693194299312502],[-80.2832453150246,25.693049259933098],[-80.28305148553571,25.693141271546097],[-80.2829646507871,25.692826956053295],[-80.2828642451894,25.6930864410035],[-80.2826020943317,25.692949168637796],[-80.2822872285364,25.6931548427774],[-80.2819423994348,25.693100089952896],[-80.2816049464,25.692278494238604],[-80.281462966771,25.6923839199132],[-80.2815456432182,25.692773537134695],[-80.2814268041909,25.692534448526605],[-80.2809764715525,25.6922789645603],[-80.2816902890469,25.6921173737407],[-80.2817846552709,25.691905268710595],[-80.2816287912809,25.691349432871796],[-80.2817378251968,25.691089162958104],[-80.2816006308934,25.690974874403096],[-80.2817604950813,25.6901789273708],[-80.2820889290307,25.690477397101596],[-80.2823215872994,25.690287256213896],[-80.2823932045871,25.69055160298119],[-80.2826072713226,25.690437942095],[-80.2829588449754,25.6905576435856],[-80.2834363983636,25.6902940003023],[-80.2836778412574,25.690442177484005],[-80.2839093209365,25.6903252994728],[-80.2840020396502,25.6904810852564],[-80.2846650286693,25.690403897883705],[-80.2848892140282,25.690907101178304],[-80.2850194266253,25.690247563955698],[-80.2852036854631,25.690166220365693],[-80.285281263971,25.690288589488894],[-80.2853944552901,25.6901072323855],[-80.2857799960403,25.690198537133806],[-80.2859760991652,25.690441001256897],[-80.28671658674212,25.690440137503096],[-80.2869237499247,25.690107232385497],[-80.2870444727191,25.6903192588565],[-80.2872069249534,25.690243485606196],[-80.2869694041041,25.690017888222496],[-80.286036812702,25.689873162306604],[-80.2855293750592,25.68986963279889],[-80.2856507239794,25.689995922728702],[-80.2852586722399,25.6900007871299],[-80.2850526067986,25.6901958713913],[-80.2849696159411,25.689728829642203],[-80.285154501803,25.6896825493129],[-80.2844281339457,25.689055801626797],[-80.2842601903101,25.6884500765615],[-80.2838848481332,25.6879597385112],[-80.2839061058661,25.687838233196693],[-80.28406385272491,25.6878615307715],[-80.2839264221646,25.6876548363814],[-80.2831854629721,25.6877299053644],[-80.2831968383386,25.6879539341587],[-80.2825984076458,25.688174824787005],[-80.2818990224847,25.688061321110595],[-80.2809305829128,25.688371322241],[-80.2806435657897,25.6883288850356],[-80.2799983068194,25.6887084636135],[-80.27930982451092,25.6887384266702],[-80.2784690885416,25.688997599146397],[-80.2779754553098,25.68897485065269],[-80.2776515704291,25.688709090997698],[-80.2774968050786,25.68874180159159],[-80.2775463022508,25.6885171444653],[-80.2772577939242,25.688428662068496],[-80.2774693498686,25.688239068391493],[-80.2774106764058,25.687880120903596],[-80.27716711618291,25.687719000931896],[-80.2770400414011,25.6880030380006],[-80.2772329276589,25.688497691474204],[-80.2768556244598,25.6885981742748],[-80.277009369324,25.688845578152005],[-80.2774669980792,25.688745645229496],[-80.2776151733887,25.6890031670665],[-80.2772399875187,25.689500565525705],[-80.2767484734127,25.6894317722724],[-80.2766308111784,25.6886511214921],[-80.2761786738246,25.688384028628],[-80.2764543182763,25.6880452397481],[-80.2763962709392,25.687829682899004],[-80.2760499515326,25.687585259241096],[-80.2761642405929,25.6874942665897],[-80.2759293859434,25.6869799266104],[-80.275965783882,25.6861394254606],[-80.2760559909062,25.6861906478205],[-80.275942958589,25.685813187091693],[-80.2764289812937,25.685693328638],[-80.2763848973694,25.685297198084204],[-80.276218914756,25.6852106764587],[-80.2763434796449,25.685081719646295],[-80.2756678630079,25.684870869039596],[-80.276286139282,25.684706925316995],[-80.2764332950037,25.6843311121944],[-80.2771008339896,25.6839542017416],[-80.27726072966938,25.683597629002286],[-80.2830477979515,25.6835686609652]],[[-80.2785591383606,25.688863856462696],[-80.2813077307034,25.687976368748597],[-80.2827013213396,25.6879853885649],[-80.2830942354618,25.687729435024693],[-80.283413414967,25.687691233886998],[-80.2834394571271,25.687468459380195],[-80.2825015324272,25.686985810345295],[-80.2818393285357,25.687044327100402],[-80.2808769301342,25.687453633528797],[-80.277966355376,25.6872575296154],[-80.2776493740482,25.687732651305904],[-80.2777369157709,25.688366300724397],[-80.2779990666287,25.688812555918595],[-80.2785591383606,25.688863856462696]],[[-80.2793572816091,25.687087547587698],[-80.2796646940824,25.6867894700854],[-80.2801339308677,25.6870885676069],[-80.2803161505299,25.6869691783505],[-80.2800417619229,25.686676828060502],[-80.2801227127065,25.6862072774954],[-80.2803344267543,25.686192844116498],[-80.2803040708842,25.686336548002],[-80.280636663135,25.686477820656098],[-80.2806157198125,25.686652510231195],[-80.2807620913049,25.686343921329797],[-80.281119156359,25.686373886600396],[-80.2812670181564,25.686159662476697],[-80.2814598280574,25.686229710795196],[-80.2813644431439,25.685441844557094],[-80.2810351459136,25.685300492957488],[-80.2812527430282,25.685067678764103],[-80.2812527430282,25.684817920142105],[-80.2807595032586,25.684926091949993],[-80.2807128303896,25.6845589069597],[-80.2805684971746,25.684438498364404],[-80.2806742360701,25.684671235260602],[-80.2805265296812,25.684600323039],[-80.280500723778,25.6844090045789],[-80.2802210791284,25.684228119401393],[-80.2800898469435,25.684364606832595],[-80.2796997571246,25.68432993590689],[-80.2788627078412,25.684565417410596],[-80.278668643892,25.684780817446004],[-80.2787197086244,25.68522456269969],[-80.2790410836122,25.685502871675],[-80.2791155252032,25.6857731031404],[-80.2792200091522,25.685778986125396],[-80.2791175634806,25.685372972862],[-80.2797547447998,25.686086555652896],[-80.279160627817,25.6861876670753],[-80.2795470327465,25.686269950834998],[-80.279403718221,25.686290267973796],[-80.2795051443048,25.686447699979304],[-80.2792102830926,25.6863026620987],[-80.2792917045933,25.686400948839797],[-80.2791575699517,25.6866101517485],[-80.2790727752771,25.686470291904303],[-80.2792110673218,25.686400870314095],[-80.2787995625649,25.686225710024395],[-80.2787061377754,25.686532966724595],[-80.2788827106276,25.686660590269494],[-80.2788187811221,25.686887050505593],[-80.278994176283,25.6870660543244],[-80.2793572816091,25.687087547587698]]]},"properties":{"FZONE":"AH"}},{"type":"Feature","geometry":{"type":"Polygon","coordinates":[[[-80.2806512535719,25.692684819906596],[-80.2801721326235,25.692260060217702],[-80.2798690338601,25.6923363065541],[-80.2797255648244,25.692039952671905],[-80.2789691537108,25.691895778058498],[-80.27898664480772,25.6920401097159],[-80.2788012100751,25.6919954760098],[-80.27857592607661,25.691393516353397],[-80.2785973401164,25.690948909283197],[-80.2781553222842,25.690863095229897],[-80.2781385363648,25.690092091959798],[-80.2774033039323,25.690174926732595],[-80.2777717434545,25.6902729795662],[-80.2775874846167,25.690778612765296],[-80.2777835104864,25.691104302447496],[-80.2780618974946,25.690982639247796],[-80.2782113286489,25.691161329297397],[-80.2782364302729,25.6917946666244],[-80.2779170944607,25.691596366376398],[-80.2777013811132,25.69117960644319],[-80.2776819271974,25.691347941754305],[-80.2774811959523,25.6913463737332],[-80.2773226666608,25.691535182907096],[-80.2761836936104,25.691021703889],[-80.2761245494304,25.6908445039443],[-80.2763688157292,25.690738059347705],[-80.2762357015738,25.690441786487707],[-80.2770138402392,25.690583999786696],[-80.2772301042539,25.691157485737502],[-80.277490765705,25.6910285280775],[-80.277293955606,25.690520776627295],[-80.2775695991594,25.690470808450705],[-80.277028117164,25.6901495912435],[-80.2769246528028,25.689932857922997],[-80.2770748690846,25.689771110111295],[-80.2779578061094,25.68941435861969],[-80.2787616752195,25.689515782121692],[-80.2789775475688,25.689255279105502],[-80.279198516959,25.6894151438572],[-80.279080148649,25.689238022474694],[-80.279476119738,25.6891793473209],[-80.2795748787237,25.6890021486828],[-80.2799495148247,25.689142088125795],[-80.2797616474544,25.689014698763994],[-80.2799607311894,25.6888323221453],[-80.2801443630031,25.689107102875695],[-80.2797951420381,25.689229785563505],[-80.2801364416589,25.6893506645062],[-80.2800449006366,25.6895932056409],[-80.2802219424094,25.689523627204295],[-80.2803796883699,25.689668979304905],[-80.2805741448828,25.6894951522477],[-80.2809987488732,25.689459933149205],[-80.2809721569442,25.6892832829763],[-80.2805291985759,25.6890113246599],[-80.2802978752037,25.6890797263457],[-80.2803381143385,25.688901586079794],[-80.2808355124097,25.688675910058805],[-80.2807722880817,25.68850255350799],[-80.2812505466474,25.688689166082995],[-80.2813733068208,25.6883664577732],[-80.2818415258149,25.688431172420692],[-80.2822555386681,25.688307940048603],[-80.28218501912171,25.6886605363071],[-80.2824666256919,25.688500593637297],[-80.282975554538,25.68866500733199],[-80.28302199115001,25.6884883559802],[-80.2832852406474,25.688520987300898],[-80.2830405817848,25.6883452003141],[-80.2832681403176,25.688224793117296],[-80.2832850052888,25.6880388865367],[-80.2836843522466,25.687904123573805],[-80.2838773184545,25.6880903428442],[-80.2834553797655,25.6881074442111],[-80.2833831363521,25.6884316435671],[-80.2839287748523,25.688679282553398],[-80.2841170347864,25.688427641251298],[-80.2841785334507,25.688652299355905],[-80.2837984832035,25.6888094959053],[-80.2834382803341,25.688553854995195],[-80.2834483208041,25.68874195864],[-80.2828888769945,25.688955005116096],[-80.2828087086437,25.689165072159405],[-80.2834558504828,25.68912498852649],[-80.2836184608205,25.6892366883785],[-80.2836122633434,25.689504880281298],[-80.284167786905,25.6897278104551],[-80.2841302921234,25.689990667329504],[-80.2839734866989,25.6899265031932],[-80.2840141201942,25.690104173214998],[-80.2836045755612,25.689964546567296],[-80.2835219772674,25.6901248823162],[-80.2833504259976,25.690046833384596],[-80.2833427382154,25.690175632632396],[-80.2828366345709,25.6899825106127],[-80.2821345041583,25.690012865965805],[-80.2816818969855,25.689878183759692],[-80.2814544157078,25.6899578801742],[-80.281414176573,25.6901330398328],[-80.281051931833,25.6900081610403],[-80.2812080311816,25.6904646124148],[-80.2810249491368,25.6905380330722],[-80.2810566390051,25.690839953668902],[-80.2813649138611,25.690871174173093],[-80.2814782623854,25.691194196263],[-80.2813615415856,25.691005387358093],[-80.2810142016927,25.691040138101602],[-80.2800543131841,25.69016182792039],[-80.2794671006526,25.690129038383596],[-80.2792898998779,25.690513088656402],[-80.2791980444452,25.6902179906566],[-80.2789794295393,25.6901161751361],[-80.2788444298201,25.690249368370303],[-80.2788114077503,25.690523757264096],[-80.2789717408588,25.6907034671808],[-80.2797691780315,25.690668952717395],[-80.2797579607685,25.690971814445298],[-80.2795005943379,25.6909130632419],[-80.2793282579405,25.691067748129996],[-80.2794995747501,25.6913594724153],[-80.2797002287401,25.691414303752897],[-80.2795991952201,25.691040608428203],[-80.27988534996061,25.690963814031697],[-80.2808363756907,25.691412577878403],[-80.2808490823604,25.6916087599492],[-80.2804688758062,25.691814747254405],[-80.2807208307856,25.691909347812704],[-80.2807915847923,25.6917807827683],[-80.2808958333827,25.6924698907236],[-80.2806512535719,25.692684819906596]]]},"properties":{"FZONE":"AH"}},{"type":"Feature","geometry":{"type":"Polygon","coordinates":[[[-80.296926771786,25.696557635521504],[-80.2967854200795,25.6930007822953],[-80.2963936818521,25.6929436769952],[-80.2968459764111,25.692808679160397],[-80.2969403408384,25.692001359496896],[-80.2970653773428,25.69212106103519],[-80.297050786906,25.6928284471523],[-80.2973822023637,25.692867745133597],[-80.2972057094616,25.692751730811306],[-80.2973562383571,25.6927049003865],[-80.2974791557357,25.692849233491895],[-80.2970886742514,25.693002508956194],[-80.2971103254464,25.693158214335703],[-80.2973686315148,25.693270229346805],[-80.2973557685382,25.693458802335904],[-80.297182726065,25.693359573498505],[-80.2970830265432,25.693506102780994],[-80.2972524595856,25.693685812245],[-80.2974806469391,25.693478413987293],[-80.2979518447466,25.6938443426715],[-80.2978871301136,25.6939522002939],[-80.2977802144251,25.6937971216911],[-80.2975832480193,25.6939000365938],[-80.297357571457,25.693818221945],[-80.297415618794,25.693982164460003],[-80.2979043876485,25.694155363279204],[-80.29766992556272,25.694298676288103],[-80.2976494529574,25.694557297545497],[-80.2975394767087,25.6944901520942],[-80.2974189129161,25.694576751975305],[-80.2976180757028,25.694735359735997],[-80.2971511916053,25.6949283251031],[-80.2970882026359,25.696073258658394],[-80.2972434405001,25.696055374050996],[-80.2973631410117,25.696280658063],[-80.2971414646474,25.696226690249404],[-80.2970749470956,25.6965480651022],[-80.296926771786,25.696557635521504]]]},"properties":{"FZONE":"AH"}},{"type":"Feature","geometry":{"type":"Polygon","coordinates":[[[-80.27911740717371,25.708674497612403],[-80.27948051429641,25.709749224862303],[-80.2794146237686,25.710287960795704],[-80.27903151565611,25.711324016956603],[-80.2792997849393,25.71216922406],[-80.278892909201,25.711922604365697],[-80.2789695462746,25.711433677404596],[-80.2788330580469,25.7114037912841],[-80.2790456335791,25.7105226568592],[-80.2794094467776,25.710136646056398],[-80.2793155521692,25.7094744440161],[-80.27916917798181,25.709057684341197],[-80.2789708793744,25.708952101031297],[-80.27890781314991,25.7085088294681],[-80.27911740717371,25.708674497612403]]]},"properties":{"FZONE":"AH"}},{"type":"Feature","geometry":{"type":"Polygon","coordinates":[[[-80.2673005852441,25.7123201444807],[-80.267687851658,25.7128155046723],[-80.2678584614934,25.712842957490196],[-80.2679333738016,25.712598377174896],[-80.2677324054011,25.712336382819302],[-80.2679746334226,25.7120063004972],[-80.2678532836041,25.711889815156507],[-80.2681384178584,25.71199908334809],[-80.2679390987649,25.712417020062492],[-80.26849030861652,25.7133034887156],[-80.2683293457889,25.714270044483804],[-80.2681355935552,25.714347701994996],[-80.2682780447997,25.7144774437477],[-80.2679267056072,25.714427476723394],[-80.2675845427054,25.714623424194688],[-80.267636158105,25.7147862672856],[-80.2679883587818,25.7148115254995],[-80.2676691819715,25.7150026882751],[-80.2678698350632,25.715417879657398],[-80.2675810132246,25.715550838200794],[-80.2675307327215,25.715357872272005],[-80.2676807908999,25.715302414196792],[-80.2675285363407,25.7153092369935],[-80.267430640636,25.713829674851905],[-80.2675773265387,25.713603213252497],[-80.2674543301083,25.713604233044595],[-80.267440761056,25.71338067581],[-80.267560226209,25.713361299723804],[-80.267425150133,25.713324432542805],[-80.2673005852441,25.7123201444807]]]},"properties":{"FZONE":"AH"}},{"type":"Feature","geometry":{"type":"Polygon","coordinates":[[[-80.2676512974125,25.719541628822697],[-80.2676876162994,25.717886120204497],[-80.2675774837439,25.717869569412795],[-80.2675422625982,25.717022165801197],[-80.2676697308421,25.716976277279507],[-80.2675446170826,25.716979806792796],[-80.2675265753184,25.7166057983838],[-80.2676750650382,25.7165581841915],[-80.2678115532659,25.717508346394297],[-80.2679563571981,25.71762632187839],[-80.2679828700754,25.717458693045298],[-80.2680959823427,25.717481989679598],[-80.2682063493585,25.717722255934696],[-80.2684034729695,25.717774889937395],[-80.2683365628539,25.718055867257203],[-80.2686219333652,25.718162940554397],[-80.2686359740331,25.7184018732834],[-80.2687875225164,25.718451135334295],[-80.2689449549649,25.7187428596864],[-80.2690855996974,25.718789609456095],[-80.2691600412883,25.718883817907297],[-80.2692042842144,25.718991596997395],[-80.2685087411478,25.718567462907096],[-80.2685910268278,25.7187751767899],[-80.2682197630024,25.7188782489568],[-80.268486463827,25.7191248679912],[-80.2687241427799,25.718907821610497],[-80.268661938938,25.7191510689522],[-80.2684932892266,25.7191746792716],[-80.2688305877512,25.7195267252243],[-80.268545608007,25.71953605828429],[-80.2684378299359,25.719394236483296],[-80.2684130427222,25.7195664158131],[-80.2683222859291,25.7195748092516],[-80.2680259335135,25.718467920749497],[-80.2681409286496,25.718154077606098],[-80.2678879549808,25.71784431022949],[-80.2677295819962,25.718268914689094],[-80.26773091509611,25.719017796369194],[-80.2679048990037,25.719303244674],[-80.2677680963657,25.7195491595296],[-80.2676512974125,25.719541628822697]]]},"properties":{"FZONE":"AH"}},{"type":"Feature","geometry":{"type":"Polygon","coordinates":[[[-80.275960923098,25.720188064430392],[-80.2766330093559,25.7194018457036],[-80.2765141703287,25.719453617847794],[-80.27628331677542,25.719190053129296],[-80.2762174262476,25.718912841838804],[-80.27664642210152,25.718999519451096],[-80.2772393613929,25.7187939247688],[-80.2774914717808,25.718477255511203],[-80.2775241821352,25.717751749561298],[-80.2780574274778,25.717839289955997],[-80.2780426816324,25.718240440942996],[-80.2782008965135,25.718039394994],[-80.2785532561921,25.718008723865296],[-80.2787199448813,25.71762483109],[-80.2789787234635,25.717779282173296],[-80.2789755856482,25.7176783286921],[-80.2793711659701,25.7177656336257],[-80.2783144013446,25.718177531113795],[-80.2776594145181,25.718771960538096],[-80.2766784272784,25.719030347332705],[-80.2771417800986,25.719065723593804],[-80.2780297387058,25.718792982716295],[-80.2782051338667,25.718962416885905],[-80.2778937993488,25.7192149186971],[-80.2776107824236,25.7191182008031],[-80.2771249932809,25.7194269475483],[-80.2771888455313,25.719660467450698],[-80.277058475729,25.7198205665384],[-80.2766846229589,25.719686274156203],[-80.2769060630663,25.719973763568994],[-80.2764645168497,25.7198537476988],[-80.2761491821338,25.7202622712125],[-80.275960923098,25.720188064430392]]]},"properties":{"FZONE":"AH"}},{"type":"Feature","geometry":{"type":"Polygon","coordinates":[[[-80.2764972263058,25.7194915052989],[-80.2749286303775,25.7210344500395],[-80.2736802344406,25.7227796933501],[-80.2733196381092,25.7226736414952],[-80.2734180036328,25.7216194659279],[-80.2739332090078,25.721654058822],[-80.2737393795189,25.721276363341598],[-80.274015649198,25.721291267529995],[-80.2740426336909,25.721132657119792],[-80.27415276624642,25.721336056158698],[-80.274380717343,25.721326878626698],[-80.27437655993991,25.721115244867196],[-80.2741960650431,25.721020720934604],[-80.2747365283489,25.720774965318196],[-80.2745393247879,25.720441038706095],[-80.2749103550514,25.720578468745295],[-80.2749217286212,25.7203218075318],[-80.2750838673434,25.7204336650622],[-80.2753271131561,25.72029333427709],[-80.2751988633779,25.719980979424896],[-80.2754033585641,25.7196159128932],[-80.2759617836841,25.7195385695992],[-80.2762193863716,25.7196365415939],[-80.2762747657122,25.719502721646],[-80.2764972263058,25.7194915052989]]]},"properties":{"FZONE":"AH"}},{"type":"Feature","geometry":{"type":"Polygon","coordinates":[[[-80.27382048840592,25.722802677363198],[-80.27479080905,25.7214409324762],[-80.2758149423728,25.720359380693],[-80.2758998942526,25.7205559553216],[-80.2756623725049,25.7205640354869],[-80.2756993965694,25.72097726430909],[-80.27555208454092,25.721018839292796],[-80.2754657205094,25.721338722822395],[-80.2751046543591,25.721284755850196],[-80.2752270237654,25.721454032702304],[-80.27503154676631,25.7213517453664],[-80.2751357944584,25.721647155458893],[-80.2746737747381,25.721661040687195],[-80.2746074125948,25.721837062542196],[-80.2747751990253,25.7220690926452],[-80.2744810429905,25.7225049927757],[-80.27382048840592,25.722802677363198]]]},"properties":{"FZONE":"AH"}},{"type":"Feature","geometry":{"type":"Polygon","coordinates":[[[-80.2737001581753,25.723019804040295],[-80.2738962621985,25.723099578618104],[-80.2739388558177,25.723378202886497],[-80.273756480747,25.723758409392193],[-80.2734567551575,25.72384673442299],[-80.2731000018188,25.7244221027482],[-80.2730016371935,25.724985470695],[-80.27282828031,25.7249404438933],[-80.27249584616271,25.725350615430695],[-80.2727156387599,25.7245781222997],[-80.2737001581753,25.723019804040295]]]},"properties":{"FZONE":"AH"}},{"type":"Feature","geometry":{"type":"Polygon","coordinates":[[[-80.2668891595389,25.723872071641896],[-80.2678677168358,25.725584449841197],[-80.269547620316,25.726867752661093],[-80.26961123630952,25.727506580210402],[-80.2681384187567,25.7282442440413],[-80.2670437667858,25.7292071136442],[-80.2665120126466,25.729572887151498],[-80.2671537430345,25.729055800311304],[-80.2672445779811,25.728746505610193],[-80.2679364334634,25.728273032621892],[-80.2681509700179,25.727959894322495],[-80.26796576974571,25.727761437448393],[-80.2681910537442,25.7274934021524],[-80.2686128334313,25.7276239299278],[-80.2682165470336,25.727702762672095],[-80.2682507476931,25.727959580329195],[-80.2687711282625,25.727646284207097],[-80.2690158661768,25.7276454223418],[-80.2687191211974,25.7274119019326],[-80.26842708428852,25.727454181964003],[-80.2687662665802,25.727009417454298],[-80.2684642646598,25.726819746844402],[-80.2694018758476,25.726908149718895],[-80.2688163889798,25.7264887230654],[-80.2684586178499,25.7266747864786],[-80.267814533876,25.726311053942695],[-80.2677697438759,25.726181546838102],[-80.2680151878661,25.7262774812773],[-80.2680691559534,25.7260895340624],[-80.2673791833399,25.725302843692496],[-80.26720198436192,25.725327474909996],[-80.2672150844936,25.7246666830324],[-80.267051141056,25.7245761622136],[-80.267038747,25.724139792195096],[-80.2667041146752,25.723909408987794],[-80.2668273482608,25.723909408987797],[-80.2667183916,25.7237765301955],[-80.2668891595389,25.723872071641896]]]},"properties":{"FZONE":"AH"}},{"type":"Feature","geometry":{"type":"Polygon","coordinates":[[[-80.2671915504298,25.7294309866834],[-80.2689221278752,25.728100383578095],[-80.2692544075123,25.727964443178795],[-80.2691829456331,25.7281213264185],[-80.2694842405794,25.728289819888],[-80.2691015232341,25.728592759874697],[-80.2684223780147,25.7286395114374],[-80.2680657037277,25.728943941988895],[-80.2679194876439,25.728872874868],[-80.26798655676131,25.729011872399198],[-80.2675181823587,25.729396393623798],[-80.2671915504298,25.7294309866834]]]},"properties":{"FZONE":"AH"}},{"type":"Feature","geometry":{"type":"Polygon","coordinates":[[[-80.2702530466474,25.728384498276103],[-80.270877832114,25.728956180342],[-80.2712388982643,25.7296698409365],[-80.27167840620362,25.730003217242597],[-80.2714670865162,25.7301309981087],[-80.27137185611292,25.729957015695195],[-80.270842612765,25.729987293685298],[-80.2707748393683,25.729731651391294],[-80.2707136551143,25.729871513814],[-80.2705374748259,25.729703884436297],[-80.2705085293108,25.7292840654464],[-80.2699549685681,25.728760389200296],[-80.2700533340917,25.7285151035713],[-80.2702679496979,25.728514161595797],[-80.2702530466474,25.728384498276103]]]},"properties":{"FZONE":"AH"}},{"type":"Feature","geometry":{"type":"Polygon","coordinates":[[[-80.2725371057837,25.72996768319479],[-80.2733026949846,25.7325408006784],[-80.2744411173677,25.734205956715698],[-80.2735509623797,25.734125946823596],[-80.2732319409779,25.733833988309797],[-80.2731742862046,25.733540379882196],[-80.2728707185207,25.7335050823757],[-80.2730041470864,25.7333107820341],[-80.2726874783724,25.732631635079297],[-80.2730081472844,25.733143623619902],[-80.2730836075649,25.732846564558496],[-80.2733513288758,25.7327187841835],[-80.2728158871523,25.732530054105098],[-80.2727845116944,25.732179028245394],[-80.273033484267,25.7319487229253],[-80.2725363997079,25.731693396404594],[-80.2727568211258,25.731426695503597],[-80.2725706012657,25.731233179963596],[-80.2725996249342,25.7307321743232],[-80.2723836744315,25.730551287515496],[-80.2725276941345,25.7304701009506],[-80.2725371057837,25.72996768319479]]]},"properties":{"FZONE":"AH"}},{"type":"Feature","geometry":{"type":"Polygon","coordinates":[[[-80.2742599181918,25.735627003151205],[-80.2739059900547,25.735342888767896],[-80.2735931643334,25.7346516613163],[-80.2737298097662,25.734506388431395],[-80.2738579050341,25.734695980423105],[-80.2738987729897,25.734455245128405],[-80.2744317057185,25.734377273013497],[-80.2745693698409,25.7350427699042],[-80.2759208384734,25.736360274408803],[-80.2763630916642,25.7364786422655],[-80.2767498074109,25.736934624085503],[-80.278218702919,25.737650088222004],[-80.2785390592174,25.738067475984504],[-80.2797758462258,25.738166860935795],[-80.2814835983781,25.737946284007798],[-80.2813187916595,25.7383166065982],[-80.2805412800182,25.738557342973305],[-80.2805983050724,25.7387106963125],[-80.2814629676693,25.738458743262495],[-80.2816457353038,25.737880236841097],[-80.2829392374477,25.737871999250704],[-80.2832873588748,25.7379978983773],[-80.2832807706305,25.7381549374973],[-80.2836452881082,25.738035472426496],[-80.2842913340026,25.73833370722109],[-80.2837798943653,25.738421717977797],[-80.28361108924531,25.7381420745859],[-80.2833346605644,25.738285935035304],[-80.2835877914384,25.738976064324998],[-80.2837980151812,25.7388967583995],[-80.2838149583058,25.739087764317496],[-80.2835849671352,25.7391644807243],[-80.2831394979757,25.7397083147727],[-80.2831487542164,25.7399738399659],[-80.2828539711576,25.7401943386863],[-80.2823786159469,25.7397585964654],[-80.2824121096322,25.7393720364407],[-80.2819906425588,25.7394157282889],[-80.2819854664661,25.7395517462218],[-80.2817209620223,25.739442320469294],[-80.2813404401595,25.7395871228509],[-80.2812525085679,25.739133652398298],[-80.2809632160122,25.7393609765218],[-80.2803662756244,25.738909232010393],[-80.28013157818,25.7389474328909],[-80.2792853517076,25.7385511470136],[-80.2794230167283,25.7383391967689],[-80.2792324041065,25.738215808924295],[-80.2786991596623,25.738370416949],[-80.2785433738257,25.7385578139213],[-80.2777068725146,25.7380369621498],[-80.2775035523247,25.7380608098585],[-80.2764801268744,25.7375616844339],[-80.2764873430411,25.737172302062497],[-80.2762293495864,25.737120529540793],[-80.2763859178556,25.737471163722596],[-80.2762309953,25.7374830872297],[-80.2751689764284,25.736742990812992],[-80.2747984968322,25.7360509809091],[-80.2744679446554,25.7360273682761],[-80.2742255603271,25.7354108972522],[-80.2742599181918,25.735627003151205]]]},"properties":{"FZONE":"AH"}},{"type":"Feature","geometry":{"type":"Polygon","coordinates":[[[-80.2747020914325,25.734474462408496],[-80.2753572363625,25.734488425442198],[-80.275500234681,25.734975545336994],[-80.275950175654,25.7353520652181],[-80.27583416093,25.7357409793567],[-80.2761018813425,25.7356566549881],[-80.2763290482099,25.736042587015096],[-80.2772564617227,25.736206215646895],[-80.27739020469882,25.7364028684657],[-80.2777304838335,25.736427969149098],[-80.278565886505,25.7370198902648],[-80.2797715325158,25.737331693800698],[-80.2798818213782,25.737214738034798],[-80.2806338397301,25.737226974727296],[-80.2810009470507,25.736923014493],[-80.2814308061855,25.7369588620497],[-80.2818899234491,25.737326831334194],[-80.2824818440511,25.737166967826905],[-80.2832771629963,25.737349500994302],[-80.2837089822551,25.737682091883805],[-80.2840042369294,25.7377031932568],[-80.28404463506611,25.7379411059812],[-80.2843151797819,25.737959540208102],[-80.2844234285702,25.738157997050905],[-80.2830305413148,25.737759514815405],[-80.2820897941083,25.7377119001918],[-80.2811546910167,25.737957500232596],[-80.27888114306741,25.737952637791796],[-80.278639778327,25.737296708960994],[-80.2779890270571,25.737378681448902],[-80.2764589472949,25.736413223034397],[-80.2759336241948,25.736227003310507],[-80.2755884025295,25.735673911361697],[-80.2748201471288,25.73508167766079],[-80.2747020914325,25.734474462408496]]]},"properties":{"FZONE":"AH"}},{"type":"Feature","geometry":{"type":"Polygon","coordinates":[[[-80.2920848910322,25.738315585399693],[-80.2905251596791,25.7383784174122],[-80.2905727730841,25.738203257558204],[-80.2907087133394,25.738244832183096],[-80.2904028684262,25.737972796406996],[-80.2907607186079,25.7376557355944],[-80.2909350160275,25.7378155215709],[-80.2914510047334,25.737717469878596],[-80.2916274203805,25.737817404565195],[-80.291517601337,25.737630320393293],[-80.2917100186743,25.7374484147844],[-80.2919705238184,25.7377319034825],[-80.2924276800598,25.737758494421296],[-80.29256479441321,25.737601610952204],[-80.29302195334951,25.737843839310493],[-80.2927337594333,25.737966757400198],[-80.2925606388067,25.7378153637781],[-80.2922370683363,25.7380252741734],[-80.2921366618403,25.7378481539317],[-80.2917150384601,25.7381114021688],[-80.2920848910322,25.738315585399693]]]},"properties":{"FZONE":"AH"}},{"type":"Feature","geometry":{"type":"Polygon","coordinates":[[[-80.2859236231795,25.738395518026095],[-80.2865719418117,25.738254245502205],[-80.2866466969147,25.738382810505392],[-80.2865124050679,25.738067162017895],[-80.2867766750514,25.7377290000924],[-80.2869258708471,25.738121756588598],[-80.2872456764781,25.738127013098993],[-80.2874919037992,25.7383107237827],[-80.2887748157042,25.738255736032002],[-80.28909069929071,25.7384145000042],[-80.2866933697836,25.7384948258301],[-80.2859236231795,25.738395518026095]]]},"properties":{"FZONE":"AH"}},{"type":"Feature","geometry":{"type":"Polygon","coordinates":[[[-80.2847825336983,25.738522672459805],[-80.28592903552911,25.738685594492797],[-80.2866886626115,25.7386058991537],[-80.2865507631305,25.738959827196297],[-80.2853654334182,25.738704342569196],[-80.285295698101,25.738861617847395],[-80.2849936216204,25.738787178298395],[-80.2847825336983,25.738522672459805]]]},"properties":{"FZONE":"AH"}},{"type":"Feature","geometry":{"type":"Polygon","coordinates":[[[-80.2921802759457,25.747957461264996],[-80.2919971939009,25.7478015970045],[-80.2920094298534,25.7472424661798],[-80.292312685822,25.747398407232],[-80.292454429194,25.7478898442955],[-80.2921802759457,25.747957461264996]]]},"properties":{"FZONE":"AH"}},{"type":"Feature","geometry":{"type":"Polygon","coordinates":[[[-80.26272681746661,25.746850573235697],[-80.2627978068319,25.747316123667996],[-80.2632173910365,25.74714276759429],[-80.2633630573514,25.7472748629226],[-80.2643136105676,25.747161672116793],[-80.2645033626034,25.7472569002451],[-80.2645073610047,25.7469251711781],[-80.2647660614335,25.746869476995496],[-80.2649375354482,25.746931525291004],[-80.2646810305019,25.7469840023376],[-80.2649536152917,25.747227406655497],[-80.266052032102,25.747195559299197],[-80.2662424102636,25.74734444076179],[-80.2658888737919,25.747427432293698],[-80.2660088887139,25.7476295766991],[-80.2664717735118,25.747640165745498],[-80.2663958407175,25.7473308716664],[-80.2665515475023,25.747276196368105],[-80.2667129801487,25.747632556714297],[-80.2667990297698,25.747428216339202],[-80.26695167868941,25.747482577625796],[-80.26687590399861,25.7478165019131],[-80.266997800891,25.7479278108791],[-80.2685836534559,25.747954481257903],[-80.2682460414194,25.7480459438954],[-80.2684796393258,25.7481793724638],[-80.2682902825488,25.748230045423895],[-80.2683906872481,25.748356415003798],[-80.268918756498,25.748444975821798],[-80.2689977471575,25.748133483830692],[-80.2691333712059,25.748131287868905],[-80.269426195039,25.748417285250593],[-80.2697911823356,25.7484587033779],[-80.2694832209916,25.748494078973398],[-80.2692249140249,25.748830514350097],[-80.269868918947,25.7489403327794],[-80.2699031196065,25.748559970553394],[-80.2701611130612,25.7485849149361],[-80.2699943471169,25.748617624442304],[-80.2700186636133,25.748927390123796],[-80.269799027323,25.749011087718596],[-80.2706425866973,25.749007400569102],[-80.2711307285277,25.749201151748807],[-80.2712578033095,25.749455850811298],[-80.2713978219162,25.7493308943076],[-80.2724477620405,25.749925716544],[-80.27222475167801,25.749941326731093],[-80.2721426241014,25.7501434692861],[-80.27292500012,25.7502124976781],[-80.27319758401151,25.75054108955659],[-80.273545236518,25.750585173760097],[-80.2737561663366,25.750799240626804],[-80.2740718145646,25.750730683475496],[-80.2742149718849,25.7509756546336],[-80.2748883903443,25.7511955269187],[-80.2752622440128,25.7511701129955],[-80.2751480322075,25.751236630954697],[-80.2754257939883,25.751414300846292],[-80.2756531171625,25.751396886556496],[-80.2756439399736,25.751591029488697],[-80.2761889514498,25.751582949814296],[-80.2765342503702,25.752059874595094],[-80.2770782431568,25.7521751053196],[-80.2771090706425,25.752357167193097],[-80.2772480696613,25.7522865695933],[-80.2775357156052,25.7525799423754],[-80.2780254249958,25.7526561872694],[-80.2783075004866,25.752876450471195],[-80.2785218034791,25.752798714562093],[-80.2786295815502,25.7530094091958],[-80.2782513351201,25.752931594082796],[-80.2783695471232,25.753329921062896],[-80.2779137239818,25.7530838503525],[-80.2777602144761,25.7531453476484],[-80.2776875776006,25.7534566816702],[-80.2772343425055,25.753493705505996],[-80.2771652351107,25.7537102841964],[-80.2768080119531,25.753178920815305],[-80.2762368792651,25.753121581448998],[-80.2760002998502,25.753245753194197],[-80.2755575759422,25.7531547622143],[-80.2754251669643,25.753613094352694],[-80.275176742364,25.7534670355618],[-80.2749604801459,25.753554264048994],[-80.274805556692,25.753241125205705],[-80.2749758530153,25.753100087978396],[-80.2745824690743,25.752923750754096],[-80.2739683502034,25.753175548530905],[-80.2738317847206,25.752743570888796],[-80.2737365570123,25.7528096178845],[-80.2735135466498,25.752602925480897],[-80.2725505212241,25.752330811731696],[-80.2723080578441,25.752112194838695],[-80.2721062288577,25.752239426830204],[-80.271921497506,25.7518855763721],[-80.2713914681322,25.751837021573],[-80.2713490317182,25.751681707736108],[-80.2707949993599,25.751574948621997],[-80.2707810368455,25.7517016318105],[-80.2704090660459,25.751682414079898],[-80.2701772719565,25.751327465629192],[-80.2699502622943,25.7513866894501],[-80.2696356336543,25.750964045603798],[-80.2695103626896,25.751168072437604],[-80.2688919292103,25.751086964684998],[-80.2686877457395,25.750944436147293],[-80.268795838221,25.750866073535605],[-80.2680738631255,25.7504482161378],[-80.2680689987482,25.750280271910896],[-80.2675097885007,25.750057498079293],[-80.2676180390857,25.7499053997525],[-80.26731596080852,25.7497072562379],[-80.2668415461339,25.7496447384881],[-80.266771811715,25.7492112713677],[-80.2662671193238,25.749280298683097],[-80.2665565681864,25.749082156553193],[-80.2665724917231,25.748737798181295],[-80.2649332199415,25.7488825228872],[-80.2647924970557,25.749196131990395],[-80.2643531463216,25.749046073154997],[-80.2640505973271,25.7491154937974],[-80.2635812024383,25.748887699628],[-80.2631287524707,25.749213937406097],[-80.2629902241691,25.748967160708904],[-80.2632053104925,25.7486930862243],[-80.2628936624626,25.748678966272088],[-80.2628258100142,25.749036033624794],[-80.26272681746661,25.746850573235697]]]},"properties":{"FZONE":"AH"}},{"type":"Feature","geometry":{"type":"Polygon","coordinates":[[[-80.2952131401602,25.778004798671198],[-80.2945539950322,25.778378415647698],[-80.2944513939521,25.7782171408279],[-80.2946285938284,25.7781488947646],[-80.2937860540419,25.7781998825463],[-80.2933241897302,25.778005113341198],[-80.2929284522031,25.7782241994523],[-80.2924739612632,25.778032411157103],[-80.2913293431996,25.7781174407478],[-80.2914717917491,25.7774666107448],[-80.291599573505,25.7774230752661],[-80.2915078761758,25.7775048914403],[-80.29166044424701,25.7776334568265],[-80.2918218777917,25.777563173558995],[-80.2915827875856,25.777258585287797],[-80.2910384821853,25.7774609636476],[-80.2908639503054,25.7770325940126],[-80.2907841745183,25.777213166554098],[-80.2904492286814,25.7771898703051],[-80.2902643428195,25.776540609391798],[-80.2901057344763,25.7768972038614],[-80.2898751935368,25.776140793384904],[-80.2900429018138,25.7759062527795],[-80.2902291216739,25.776028151049502],[-80.2904143228444,25.775854794829897],[-80.2908300631579,25.775873229643796],[-80.2909376840239,25.775556089615392],[-80.291116766769,25.775948690282195],[-80.2913172626556,25.775947827149498],[-80.2910791929357,25.7751751776339],[-80.2909441159613,25.775529419773697],[-80.2908783826387,25.77502151059],[-80.2906681588959,25.7751968280869],[-80.290506021072,25.775088029747398],[-80.2905715980877,25.774510306830294],[-80.2903736120941,25.774350051686003],[-80.2905664201984,25.7742378016071],[-80.2904430321026,25.77345895571599],[-80.2906302724488,25.773517236586407],[-80.29055598806302,25.774004595239095],[-80.2906686296132,25.7741859514041],[-80.2908070016079,25.774154967143403],[-80.2907670732902,25.773473310553097],[-80.2908988570407,25.77331321094499],[-80.2910153406853,25.773578580114098],[-80.2913150662747,25.7734909594366],[-80.2916592683523,25.773896425168097],[-80.2918418015264,25.773721577367198],[-80.2921569799354,25.7741698711708],[-80.2927471739754,25.774364014076905],[-80.2928317341897,25.774665543076498],[-80.2932486503979,25.7749361665293],[-80.2932190778588,25.775615078892894],[-80.2935027236047,25.7757096006512],[-80.2935842223606,25.775345866158997],[-80.293735301025,25.775320059407395],[-80.2938316273729,25.7755145151082],[-80.2939662327317,25.7749993124522],[-80.2943560099369,25.774735984186393],[-80.2944145261945,25.7743760940515],[-80.2945657620642,25.774417825083894],[-80.294911375395,25.7754943572023],[-80.2947380975632,25.7757790202649],[-80.2949586743896,25.7760234438646],[-80.2947241350487,25.776309284271402],[-80.2947095446119,25.776640700700998],[-80.2950705335071,25.776797583564893],[-80.2952051388659,25.777089151732298],[-80.2950622968543,25.777294667392297],[-80.2953643751315,25.7775023797326],[-80.2946817776865,25.7778770183407],[-80.2952131401602,25.778004798671198]]]},"properties":{"FZONE":"AH"}},{"type":"Feature","geometry":{"type":"Polygon","coordinates":[[[-80.2895825287054,25.7794930697383],[-80.28867731435992,25.7796115952163],[-80.2885765161985,25.779197502555498],[-80.2888395321339,25.779097411785497],[-80.2889473874602,25.778460230354096],[-80.2890845036102,25.778552242204896],[-80.2890858376084,25.778879029424495],[-80.2891430216644,25.778752738439298],[-80.2895851949052,25.778831415108296],[-80.2896823063807,25.778797215815796],[-80.2892777833301,25.778562361748698],[-80.289336300486,25.778378573386597],[-80.2899752856223,25.778266793864997],[-80.2900447056309,25.778706457164997],[-80.2897246646412,25.778789136375092],[-80.2901769574036,25.7788198063756],[-80.2901672322424,25.7794023925109],[-80.2897652190847,25.7795257804363],[-80.2896177480544,25.779297907098595],[-80.2895825287054,25.7794930697383]]]},"properties":{"FZONE":"AH"}},{"type":"Feature","geometry":{"type":"Polygon","coordinates":[[[-80.2674013061504,25.7787641918669],[-80.2674683725728,25.778461721188204],[-80.2678432449308,25.778512237236995],[-80.2677968083188,25.778373709365],[-80.2674275064139,25.7784127736087],[-80.2673025462663,25.777994209906097],[-80.2671062086812,25.7779553817293],[-80.2672615229022,25.777829562171],[-80.266973878755,25.777913571857997],[-80.2670281585577,25.777737862812597],[-80.2672955672549,25.777781319710403],[-80.266955914246,25.777624907322497],[-80.2671179748148,25.7775326601647],[-80.2670502795716,25.7774049577914],[-80.2672990967357,25.777369893347498],[-80.267142370363,25.777130175618],[-80.2672969003548,25.777092445680502],[-80.2666249695054,25.7769870206873],[-80.2666581514754,25.7768557875651],[-80.2672385386074,25.776766913850494],[-80.2672590130094,25.776501389217],[-80.2677048747326,25.776522176299494],[-80.2676135681705,25.776904578046],[-80.2678299884922,25.776759697398393],[-80.2682760846757,25.776822058499295],[-80.2684008076681,25.776378863702604],[-80.2685719672724,25.7768394722955],[-80.2691631809003,25.7768721821073],[-80.2694840842726,25.776465306062295],[-80.2701799399529,25.77643565551489],[-80.2701502892603,25.776886615806305],[-80.270003367999,25.776656075213005],[-80.2694401584518,25.7766252477208],[-80.26932696623442,25.776950466075693],[-80.2694996161438,25.7771402176263],[-80.2716469516939,25.7771835161935],[-80.2717773223945,25.7771087617242],[-80.2717116672253,25.77690387185219],[-80.2704585641164,25.776946779793796],[-80.2704886846278,25.776665017926597],[-80.2707232248671,25.776754520255],[-80.2708877180737,25.776665331791097],[-80.2704823317422,25.776564064318496],[-80.27056343973092,25.776303402528804],[-80.2707258928635,25.7762338246712],[-80.2712327016855,25.7764583257996],[-80.27214262499972,25.776384510851397],[-80.2725025152554,25.776265986194005],[-80.2724712161542,25.776121888622598],[-80.2723788118509,25.7762658292612],[-80.2722418538043,25.776198996898298],[-80.2724019524526,25.775988381439202],[-80.2724267405645,25.776101415335994],[-80.27254950073801,25.775947200225495],[-80.2727255238213,25.776112790553],[-80.272657435116,25.7759728507164],[-80.272875033129,25.775799651349498],[-80.2741589646218,25.775926569166497],[-80.2743137290739,25.7758883688553],[-80.2743874654874,25.7756078607529],[-80.2746322025034,25.776224411935498],[-80.2749913067332,25.7761840138504],[-80.2750440980275,25.776060313436997],[-80.2752896992228,25.776170601747893],[-80.2753694741116,25.7760273663839],[-80.275414892034,25.776173974188],[-80.2755224347466,25.776028073391895],[-80.2756898286133,25.776157579549295],[-80.275777370336,25.7760309750367],[-80.2758737739391,25.776171621002995],[-80.2759886127684,25.775807494784694],[-80.2762036990918,25.776127222726604],[-80.2771533135685,25.776146676753395],[-80.2770126670394,25.7763190124837],[-80.2766031233048,25.776386236301594],[-80.2767126279379,25.7765238232815],[-80.2775412842616,25.7765637496447],[-80.2778188888372,25.776846217137802],[-80.2780471534459,25.776594734085293],[-80.2785804778402,25.7769419165224],[-80.2792389150957,25.777002943607],[-80.2791123891845,25.777122489201897],[-80.2792193057713,25.777284391617698],[-80.2796512831336,25.777294667392294],[-80.27981891235882,25.777485752307495],[-80.2792567215012,25.777524658294602],[-80.2794241944196,25.7776797369017],[-80.2792862149886,25.777706720930695],[-80.2794203514269,25.7779342009535],[-80.2792971178412,25.7779993861864],[-80.2796945828286,25.777909727057498],[-80.2797450205368,25.7782146299443],[-80.2800179179404,25.7781782326412],[-80.2798060466874,25.778100968721393],[-80.2799440270167,25.778050060171406],[-80.2800013664813,25.777506853079895],[-80.2801293844941,25.7777623367441],[-80.2802739512711,25.7775354040328],[-80.2803185068108,25.778162309879296],[-80.280929879532,25.77815564195919],[-80.2809451760446,25.7775031660063],[-80.280788763184,25.7773962505306],[-80.2802719120954,25.777472180994092],[-80.2802556750466,25.777373266562503],[-80.281105038436,25.777177790617],[-80.281471360629,25.7775075584612],[-80.2819826430612,25.777352791874005],[-80.2822163200194,25.777499871260595],[-80.2823251194751,25.7773430669821],[-80.2824994941498,25.777371225646096],[-80.2826339441001,25.776959016437296],[-80.2830070889977,25.776907401203495],[-80.2833061866648,25.7769634097213],[-80.2829512398382,25.777416174334295],[-80.2834076127486,25.777396877447],[-80.2833877671674,25.7776041204332],[-80.2841040945547,25.777733391091893],[-80.2841158606883,25.777173083477795],[-80.28372930124851,25.776879084688495],[-80.283685529938,25.77624088584029],[-80.2833785890801,25.776195779773897],[-80.2833358382557,25.7766048529872],[-80.2828577368952,25.776457774917898],[-80.2828127905883,25.775981399530597],[-80.2829891262853,25.7757190126188],[-80.2828629138862,25.775561266810996],[-80.2834940549335,25.775477648602003],[-80.2838379426006,25.775518202243497],[-80.2836806682556,25.775622138480998],[-80.2839032842578,25.7759312755463],[-80.28378711322691,25.776172953314994],[-80.2841901450741,25.776408199589994],[-80.2843495367482,25.776734910204596],[-80.2846782860062,25.776823548545],[-80.2848266194192,25.777104211513898],[-80.2850638267565,25.7771211560916],[-80.2851352859407,25.7773571851433],[-80.285503569156,25.7774331172496],[-80.2855565176555,25.777866271015604],[-80.2857342664025,25.7778981182346],[-80.2857989010855,25.777637613880096],[-80.2861711072437,25.777643026381398],[-80.2862343306734,25.777430294104697],[-80.2863593653811,25.777660440057197],[-80.2866797207811,25.7776496943303],[-80.286749771407,25.777887920977697],[-80.2880667249697,25.7778850978436],[-80.2882850272618,25.777519481993497],[-80.2890392428929,25.7778644679305],[-80.2892509560425,25.777553289326598],[-80.2894738873533,25.777919062811996],[-80.2892455445912,25.778013348956797],[-80.2894720044844,25.7780742193687],[-80.2890809732312,25.77812465792629],[-80.2889652720192,25.77831385834349],[-80.2886537820927,25.7782996602133],[-80.2885247453904,25.778483055563996],[-80.288726731582,25.778651549595498],[-80.2885795758604,25.7786986147303],[-80.2884790139559,25.779049404425297],[-80.2884068468992,25.7785324755218],[-80.2882465910458,25.778844122345603],[-80.2881854067918,25.778741051234196],[-80.2878010428345,25.778851340288796],[-80.2872783095774,25.778647000253297],[-80.2871401738396,25.778151797975507],[-80.2868750414734,25.778201765709294],[-80.2866623078377,25.7791752251166],[-80.2867916571537,25.779346541264395],[-80.2876412568,25.779360817733703],[-80.2874774723641,25.780312157039095],[-80.2875988994377,25.7804774314644],[-80.2874572342191,25.7803378065863],[-80.2873081956286,25.7794721254388],[-80.2855013727752,25.77934254119941],[-80.2850220946216,25.7790199899174],[-80.284100565074,25.7790141066914],[-80.2838963816031,25.779167145701596],[-80.2837862499459,25.779828330101598],[-80.2831480499372,25.779637087986696],[-80.2831336939606,25.779498403690692],[-80.2796145716828,25.779584453074296],[-80.2794387848565,25.779493227475793],[-80.2790910532982,25.779522406473493],[-80.2791209402477,25.7796792895713],[-80.2785967139906,25.7796533252162],[-80.2784719927949,25.779934459554593],[-80.2770278063469,25.780532577623998],[-80.2762579815894,25.7812551020613],[-80.2760952149448,25.781125988121893],[-80.2759952800644,25.780061378610696],[-80.2753560604678,25.78052920369],[-80.2751841175325,25.780402834380094],[-80.2751200299235,25.77997987805539],[-80.2748548194038,25.779877277097093],[-80.2746551858999,25.7811703076823],[-80.2733021479106,25.781556552071],[-80.2729817925106,25.7799042598174],[-80.2728824073991,25.779731454465804],[-80.2726270792459,25.779740318483395],[-80.2724902775063,25.779997292197095],[-80.2724840809274,25.781828588312198],[-80.2719694253214,25.782002727708697],[-80.2717370823613,25.781923502286592],[-80.2708579883294,25.782060069302393],[-80.2708206498546,25.7823397136227],[-80.2697636507688,25.782627749503497],[-80.2695553098948,25.782148786979896],[-80.2694512185096,25.778808275297596],[-80.2679631035459,25.7789178581079],[-80.2674013061504,25.7787641918669]]]},"properties":{"FZONE":"AH"}},{"type":"Feature","geometry":{"type":"Polygon","coordinates":[[[-80.2928696206369,25.779230840241603],[-80.29115967479862,25.77994199047839],[-80.2906112883519,25.7802504222473],[-80.290609328228,25.7789549605568],[-80.2911105692919,25.7789495497331],[-80.2906899663978,25.7791618109254],[-80.2909025428283,25.779775380608893],[-80.2915434099351,25.779614576046704],[-80.2917159026394,25.77939666461469],[-80.2913678584674,25.779180557465498],[-80.2915740802156,25.778958490655896],[-80.2913890371485,25.7786338990528],[-80.2920605745358,25.778671943168295],[-80.292547382368,25.7791453390441],[-80.2926899108677,25.7791517698972],[-80.2927347799195,25.778968767094398],[-80.2928696206369,25.779230840241603]]]},"properties":{"FZONE":"AH"}},{"type":"Feature","geometry":{"type":"Polygon","coordinates":[[[-80.2887213982842,25.780596977602695],[-80.288632995077,25.779862686024895],[-80.2888480805021,25.780289799728],[-80.2893541859433,25.780223124132792],[-80.2896420672458,25.780395932003795],[-80.2887213982842,25.780596977602695]]]},"properties":{"FZONE":"AH"}},{"type":"Feature","geometry":{"type":"Polygon","coordinates":[[[-80.2878084162064,25.781372137407896],[-80.2879042727354,25.780856931877505],[-80.2882489437335,25.780843518685398],[-80.2882458068166,25.7817075518129],[-80.2880398976821,25.781845844448096],[-80.2883698228348,25.782255937604198],[-80.2883783729997,25.783249006692603],[-80.2882350611691,25.782176240767395],[-80.2879249025459,25.7821704369693],[-80.2881232820017,25.782528129165904],[-80.2881213982345,25.782702504539603],[-80.2879551021091,25.7827097214391],[-80.2876982845492,25.782359165821898],[-80.2874228772528,25.7822524067942],[-80.2874012269561,25.782130979223698],[-80.28759717467241,25.782079051581],[-80.2874719809628,25.7819893931088],[-80.2876589086953,25.781936757622397],[-80.28731156790421,25.7819083630363],[-80.2871177393137,25.7817208087906],[-80.2870686356036,25.7813857066574],[-80.2878084162064,25.781372137407896]]]},"properties":{"FZONE":"AH"}},{"type":"Feature","geometry":{"type":"Polygon","coordinates":[[[-80.2785958516079,25.781254787399895],[-80.2778200656303,25.781736889618198],[-80.2782070966856,25.781943269213496],[-80.278110221467,25.782051206267],[-80.27841582922501,25.782676696961595],[-80.2789063246415,25.7830652183116],[-80.2789036566451,25.782831698460505],[-80.2790680699017,25.782759845795],[-80.2792629189783,25.782971009790696],[-80.2795619366954,25.782712546076198],[-80.2793242604375,25.782513067646104],[-80.2794216845267,25.782364735841405],[-80.2791906737683,25.7821880069054],[-80.2791621226136,25.781851884459098],[-80.2789953548727,25.781796347407898],[-80.27920753963771,25.7818133697781],[-80.2792613496215,25.781896517598895],[-80.27961645545,25.7817675596655],[-80.279684307,25.781290166165796],[-80.2791240771647,25.781254787399895],[-80.279033398525,25.781592870683596],[-80.279000846274,25.781192740863904],[-80.2787708551034,25.781166933766404],[-80.2823764204643,25.7810857462057],[-80.2835907729469,25.781257768997893],[-80.2854822332697,25.7817669327723],[-80.2859888875816,25.781314639364393],[-80.2866996454141,25.7813820197044],[-80.2862210742347,25.781440146228],[-80.2861942478454,25.781590673722896],[-80.2863982741111,25.781684412563205],[-80.2861050586124,25.7816128730542],[-80.2861918951577,25.782009316949893],[-80.2863747427422,25.781806624409395],[-80.2865853572521,25.782018494647705],[-80.2864126273927,25.7821114469067],[-80.2864406314733,25.7824433340791],[-80.2867180788438,25.782669950833096],[-80.2870830688353,25.78250483234279],[-80.2871417431964,25.782710035287696],[-80.2869804677551,25.782706190642703],[-80.2872044168571,25.782829579984796],[-80.287436918819,25.782603040380305],[-80.2877252681437,25.782993835750403],[-80.2872277137657,25.7832369276215],[-80.2871833154311,25.7828713112793],[-80.2839259541423,25.782054891581396],[-80.2832694761125,25.782706035336194],[-80.2827950623362,25.782968342892598],[-80.2822880954106,25.7829012756841],[-80.2819103987494,25.783077299018],[-80.2815810233657,25.783859359349393],[-80.2809694143876,25.7834884103443],[-80.2803099557477,25.783383063025703],[-80.27982801229271,25.783115735635597],[-80.2788520421438,25.783114244859895],[-80.2783583325552,25.782650341760498],[-80.2778115154654,25.781788346634197],[-80.2775199483753,25.781788347443097],[-80.2767466722905,25.7823175928898],[-80.2777137778642,25.781424221477202],[-80.2785958516079,25.781254787399895]],[[-80.280418754305,25.783347764154794],[-80.2815632169601,25.78359281603049],[-80.2816336565565,25.7830971442145],[-80.2823026840508,25.782841425329007],[-80.2823590057242,25.782661244767695],[-80.2832112733669,25.782646811771205],[-80.2837676593111,25.7821070554312],[-80.2825522854441,25.781964526927197],[-80.282883231083,25.78190851996169],[-80.2828597760709,25.7817320265432],[-80.2830689793276,25.781931346125898],[-80.2831623250653,25.781862632232002],[-80.2830427817589,25.781682922578504],[-80.2839041457421,25.781674843334397],[-80.2849892288587,25.7819537799724],[-80.285196471093,25.781714611847303],[-80.2841932837877,25.781425555348097],[-80.2833970234081,25.78134476108851],[-80.2831269476128,25.7814654824883],[-80.2830368977938,25.7813439772669],[-80.2832537106792,25.781332367162296],[-80.2831802886761,25.7812611421023],[-80.28242709353121,25.7812225479576],[-80.282411955122,25.7811233195646],[-80.2819618560455,25.781254632091496],[-80.2802570081465,25.781254788208905],[-80.2801934712048,25.781806468292896],[-80.2798442493414,25.781892283040797],[-80.2802058643624,25.782083365403803],[-80.2803724748982,25.7817699143574],[-80.2804861360361,25.7819021661029],[-80.280869872071,25.7817933666324],[-80.2813115763911,25.781933385346],[-80.2813671120386,25.781776659728198],[-80.2824910230367,25.781820664385595],[-80.282365202303,25.781885615330392],[-80.2824317207532,25.7820631285337],[-80.2822155357902,25.781991196131198],[-80.2812177599361,25.7822854305809],[-80.2804440912876,25.7823102190417],[-80.28044973989411,25.782521619224603],[-80.2802640689046,25.782611590334497],[-80.2803892608176,25.782879861214095],[-80.2801009096962,25.783090712766402],[-80.280418754305,25.783347764154794]]]},"properties":{"FZONE":"AH"}},{"type":"Feature","geometry":{"type":"Polygon","coordinates":[[[-80.2697689059132,25.782706976073],[-80.2717560655599,25.782624847211093],[-80.2734981737803,25.782867075947102],[-80.2741122144978,25.783084045123292],[-80.2740921326596,25.782924966357],[-80.2743050226022,25.783191509558904],[-80.2742126182988,25.783394829044095],[-80.2739040290324,25.783165465892893],[-80.2736894125279,25.783260929647792],[-80.2724031292456,25.783010781104593],[-80.2722056912242,25.782852486051596],[-80.270880501907,25.7828360907181],[-80.2706514512725,25.7827128591158],[-80.26989088185742,25.782898923441305],[-80.2697405110654,25.7830699260259],[-80.2697689059132,25.782706976073]]]},"properties":{"FZONE":"AH"}},{"type":"Feature","geometry":{"type":"Polygon","coordinates":[[[-80.2748025760819,25.783483703455403],[-80.2758737739391,25.784018753134305],[-80.2781053579881,25.784810229019794],[-80.2790890931742,25.784949854295398],[-80.2790214760845,25.784598829680398],[-80.2792359344855,25.7845145044131],[-80.279825973117,25.78500664524],[-80.281110295377,25.785139447453496],[-80.282454078024,25.785056456400596],[-80.2866870950513,25.784038913636095],[-80.2871222892806,25.783874969927798],[-80.2872200277801,25.7836519614705],[-80.287666124862,25.783609053527496],[-80.2872667779041,25.783514374668798],[-80.28722708584331,25.783251516660798],[-80.2877182082839,25.783287913216196],[-80.2879267845164,25.783467231365293],[-80.2878959579292,25.783211903968997],[-80.2880911986713,25.783240926746192],[-80.2883537420929,25.7834272264372],[-80.2884016690099,25.783807588577396],[-80.288317189644,25.783922426914692],[-80.2869447758923,25.7841351613001],[-80.2832690853453,25.785079125037797],[-80.28104150239251,25.7853157845429],[-80.2795510338428,25.785227459109997],[-80.2774581370972,25.784778695881897],[-80.27601755828341,25.784261372946997],[-80.2754020272609,25.7838341805232],[-80.2746908759662,25.7835773631471],[-80.2748025760819,25.783483703455403]]]},"properties":{"FZONE":"AH"}},{"type":"Feature","geometry":{"type":"Polygon","coordinates":[[[-80.2697527470179,25.783359139485892],[-80.2699207688069,25.7834977448508],[-80.2715394889315,25.7833767100548],[-80.2739143830144,25.7837336180435],[-80.2728943307379,25.7842943961744],[-80.2726316292129,25.784231486538097],[-80.2725687983469,25.783789781879],[-80.2722202816611,25.783650783738796],[-80.27075577891462,25.7835903052607],[-80.2705923070925,25.7839483911442],[-80.27057954539181,25.785327708116597],[-80.26973293839893,25.785486442718685],[-80.269636575987,25.783848458070203],[-80.2697527470179,25.783359139485892]]]},"properties":{"FZONE":"AH"}},{"type":"Feature","geometry":{"type":"Polygon","coordinates":[[[-80.282692774768,25.785556050321205],[-80.2873276477478,25.784600004975996],[-80.2882764779953,25.784513483611896],[-80.2884389293313,25.7846374995697],[-80.2882454151511,25.784722217053595],[-80.288358449265,25.784912438261102],[-80.2881480674187,25.7847520248781],[-80.2870622809213,25.784709979593195],[-80.2868183281345,25.784866156154507],[-80.286880217566,25.7850881463858],[-80.2866210482167,25.7851424281449],[-80.2854180684056,25.785040845977697],[-80.2838355899129,25.785466155860796],[-80.282692774768,25.785556050321205]]]},"properties":{"FZONE":"AH"}},{"type":"Feature","geometry":{"type":"Polygon","coordinates":[[[-80.287279014755,25.785164626811394],[-80.2880084431724,25.785130896872598],[-80.2880600576737,25.785327393448696],[-80.2877333484897,25.785482237798405],[-80.2872139866099,25.7854562730958],[-80.2870865983161,25.785310920805802],[-80.287279014755,25.785164626811394]]]},"properties":{"FZONE":"AH"}},{"type":"Feature","geometry":{"type":"Polygon","coordinates":[[[-80.27330664591933,25.78503281744801],[-80.274143197392,25.78423305495191],[-80.2743494209368,25.784845605107396],[-80.2769394040381,25.785223458434498],[-80.274250034927,25.784097901122298],[-80.2744080961962,25.783924937677504],[-80.27775299741111,25.785240715694304],[-80.2780280920939,25.7854777663697],[-80.2780935909562,25.785363397874],[-80.280814728089,25.785657082825693],[-80.2799971309247,25.785984341453602],[-80.2839171695171,25.786026071638002],[-80.2824949450812,25.7861499307122],[-80.2822797006543,25.786453028876398],[-80.2813939411229,25.7864644823693],[-80.2814318266717,25.786691412558],[-80.282035278947,25.786729456515694],[-80.281827251585,25.7868944194856],[-80.280624585286,25.786872848817897],[-80.2803776518892,25.786418827737002],[-80.2800469416089,25.7865499831442],[-80.27970685684748,25.786948015442757],[-80.27840158345948,25.7865574533594],[-80.2763141451593,25.785571974517193],[-80.275892521779,25.785628295211502],[-80.2751604280601,25.785414856552197],[-80.27459338191153,25.785417887502298],[-80.27330664591933,25.78503281744801]]]},"properties":{"FZONE":"AH"}},{"type":"Feature","geometry":{"type":"Polygon","coordinates":[[[-80.2681875488562,25.803107358704946],[-80.2669507381533,25.8030926725713],[-80.2663825851771,25.8028644862453],[-80.2662196622256,25.801439751952895],[-80.2664601645834,25.8011207319841],[-80.2666768193653,25.8010595458527],[-80.2666736042949,25.8012271763993],[-80.2664276895876,25.8013257765457],[-80.2664520851357,25.80170763004149],[-80.2666131252184,25.801582436591996],[-80.2667016074772,25.801758616590096],[-80.266593122432,25.802320807283195],[-80.2671788464551,25.8021119956415],[-80.2673520452351,25.8021813391438],[-80.2674427229765,25.802481455697297],[-80.26767859721392,25.802368108076298],[-80.2678681911462,25.802443255043503],[-80.2678805843039,25.8026480660139],[-80.26816786823807,25.802815132693112],[-80.2681875488562,25.803107358704946]]]},"properties":{"FZONE":"AH"}},{"type":"Feature","geometry":{"type":"Polygon","coordinates":[[[-80.2643322012024,25.708843147323],[-80.2646039218129,25.708788316727397],[-80.2652198453992,25.7093108142148],[-80.2653750805685,25.7089725753686],[-80.2652434558198,25.708784315905195],[-80.2652543586725,25.708580446193196],[-80.2654102999176,25.708617783482392],[-80.2653385281196,25.708852716753903],[-80.2655351801151,25.708844166346402],[-80.2655906385075,25.7085110261617],[-80.265802038145,25.7084045803621],[-80.2662599013605,25.7086233537225],[-80.2662297017972,25.709020346380697],[-80.2664742816081,25.709152755213395],[-80.2655980127777,25.7099188928734],[-80.264754138993,25.7094275368024],[-80.2643322012024,25.708843147323]]]},"properties":{"FZONE":"AH"}},{"type":"Feature","geometry":{"type":"Polygon","coordinates":[[[-80.2670651808256,25.7146818634276],[-80.2670876953015,25.715278725411594],[-80.2669565403717,25.71528225416599],[-80.2670898126306,25.715313473925704],[-80.2669646198194,25.715342654122896],[-80.2670831444363,25.7153729317871],[-80.2671102861343,25.716004778991],[-80.2669912899019,25.716024781077593],[-80.2671208754749,25.716055452717892],[-80.2671805694238,25.7166877697595],[-80.2671805694238,25.717032284922393],[-80.2670256477665,25.717039657967796],[-80.2671748426638,25.717132140684505],[-80.2670687130013,25.717134806633208],[-80.266908298146,25.716939017071997],[-80.2668341718637,25.715625278539004],[-80.2669909772881,25.715462669688197],[-80.266817934815,25.714976331005193],[-80.2669486953843,25.7146846079382],[-80.2670651808256,25.7146818634276]]]},"properties":{"FZONE":"AH"}},{"type":"Feature","geometry":{"type":"Polygon","coordinates":[[[-80.2656034242289,25.7220109678132],[-80.2658858931818,25.722709803309098],[-80.266163653166,25.723026785016],[-80.2660248131489,25.723108992327095],[-80.2657454029596,25.722707842382995],[-80.2655405143113,25.7227796949686],[-80.2658120786149,25.723227281117897],[-80.2660125745015,25.723133308374305],[-80.2654758005765,25.7236098407141],[-80.2656634316899,25.723587093169893],[-80.2657140266033,25.7237693129512],[-80.2650515100981,25.7244508914449],[-80.2650208398177,25.7242455319766],[-80.2648179894468,25.724164266651798],[-80.2642307760169,25.725129646499703],[-80.2632489228013,25.7254361157072],[-80.2625943294369,25.726073297601204],[-80.2624494473512,25.7260046614434],[-80.2627929442512,25.725654733929098],[-80.2623077830309,25.7258211858543],[-80.2628728763452,25.7253721082557],[-80.2628710707315,25.725190515694305],[-80.2619076527421,25.725732311982195],[-80.2620917543748,25.725069480538895],[-80.2623275495604,25.72491542171259],[-80.2620561415636,25.725023749694497],[-80.2620335498326,25.7247033945529],[-80.2624529777303,25.724556551639896],[-80.2622968783817,25.724480934525996],[-80.2620060182657,25.724666840842595],[-80.2619582467572,25.724489092925197],[-80.2617148428411,25.724496544009007],[-80.2613888406313,25.724922324076708],[-80.2611532790076,25.724490659700304],[-80.2613001230138,25.7239927915844],[-80.2614992858005,25.724108102128298],[-80.2622349098985,25.7238152020894],[-80.262610017615,25.723880463967298],[-80.2623423753559,25.723518535696904],[-80.2626073505169,25.7235032392813],[-80.2629216656449,25.7231143255749],[-80.2633295618694,25.723023491186797],[-80.263119182718,25.7228367204011],[-80.2637448305673,25.722573550832898],[-80.2634588339303,25.7223618367432],[-80.2637047477394,25.7223188508107],[-80.26367839206722,25.722170832277097],[-80.2634358505338,25.722155143177396],[-80.2635848882259,25.722010105097695],[-80.264120645258,25.722753102298096],[-80.2649127473362,25.722606417217893],[-80.2651978824889,25.722105803349],[-80.2653364871473,25.7222352315342],[-80.2656034242289,25.7220109678132]]]},"properties":{"FZONE":"AH"}},{"type":"Feature","geometry":{"type":"Polygon","coordinates":[[[-80.2571850817327,25.738142623218003],[-80.2568409569103,25.7370378520622],[-80.2566966254919,25.7373424415583],[-80.2564860891354,25.7371114309103],[-80.2562335843872,25.737285493483004],[-80.256137337091,25.737687976348795],[-80.2559425679644,25.737180145621895],[-80.2561271403142,25.7370191053414],[-80.2563132802242,25.7370660130025],[-80.2564614573303,25.7366323106389],[-80.2564674194489,25.735475141252998],[-80.2567541221617,25.735556249143304],[-80.2573386693918,25.736465230533103],[-80.25764208076892,25.7366603138809],[-80.2576365893676,25.737172458237797],[-80.2574209550718,25.73708868352159],[-80.2574959455334,25.737239526196497],[-80.2572484614693,25.737309260422798],[-80.257354121313,25.737733080860597],[-80.2571850817327,25.738142623218003]]]},"properties":{"FZONE":"AH"}},{"type":"Feature","geometry":{"type":"Polygon","coordinates":[[[-80.2566830546429,25.740324239160103],[-80.2566253998697,25.740020827378796],[-80.25630582869891,25.739689019038995],[-80.2566168497048,25.7397556154435],[-80.2566089274623,25.7393807448718],[-80.2563009661183,25.7390776454548],[-80.2564746356155,25.738929470572902],[-80.2566425010977,25.739023836233397],[-80.2565842974539,25.738870325506795],[-80.2570573772319,25.7393227773927],[-80.25696481752,25.739399726692497],[-80.2567833030354,25.739245275370198],[-80.2568223671738,25.739461538561496],[-80.2567153733319,25.739443654002702],[-80.2568723350632,25.739700629170496],[-80.2571571558055,25.739652544380995],[-80.2572662669765,25.739410788226103],[-80.2574739808264,25.73966658529689],[-80.2573458855585,25.7398560225959],[-80.2567594572562,25.7398320182664],[-80.2566910559372,25.739933286321296],[-80.2569182228046,25.740235522591195],[-80.2567728700017,25.7401735517167],[-80.2566830546429,25.740324239160103]]]},"properties":{"FZONE":"AH"}},{"type":"Feature","geometry":{"type":"Polygon","coordinates":[[[-80.2626369239544,25.749073997414598],[-80.262396186238,25.7490503080759],[-80.2626020172191,25.74883937905709],[-80.2625672685873,25.748529300016298],[-80.2609306639037,25.748631508138597],[-80.2607735458656,25.7492040532404],[-80.2606190167721,25.749244451606998],[-80.2605365729886,25.748637706000096],[-80.2590398306049,25.748665709649394],[-80.2590184165652,25.748571658302897],[-80.25920079343251,25.748641942553697],[-80.2596846206546,25.748434386038095],[-80.2601162836065,25.748499962903],[-80.2601093809519,25.748313194115998],[-80.2597981245874,25.7482083949074],[-80.2603831416364,25.7481566239574],[-80.2603779646454,25.747896433812294],[-80.2597120749663,25.747917064078898],[-80.2597064254615,25.748192002879392],[-80.259118116087,25.748411087377598],[-80.2590378695826,25.747948048714594],[-80.2587384584035,25.747967658665793],[-80.258669901676,25.748242282600298],[-80.2586488002499,25.747445317269104],[-80.2587240251718,25.747793360911004],[-80.259004688511,25.747792028280497],[-80.2590151996981,25.747357462884594],[-80.2592487203495,25.7472554098282],[-80.259492672238,25.747354481244194],[-80.2597751402925,25.747138217853696],[-80.2604658189819,25.747019849286698],[-80.2607402084871,25.747290081030297],[-80.2610925663691,25.7473839756114],[-80.2622596989087,25.747324987678898],[-80.2625082798158,25.747255095885897],[-80.2625507162298,25.7469635280714],[-80.2626369239544,25.749073997414598]]]},"properties":{"FZONE":"AH"}},{"type":"Feature","geometry":{"type":"Polygon","coordinates":[[[-80.2549873848312,25.758300760146195],[-80.2549020403876,25.756114908732],[-80.2550490389041,25.756115929777607],[-80.2552079634542,25.755829225195896],[-80.2554898035864,25.75589864511],[-80.2556258992503,25.755755175732496],[-80.2558726763403,25.755960536583792],[-80.2560909786324,25.755912216463],[-80.25628661104011,25.7556173551276],[-80.2567477701743,25.7556051170929],[-80.2567415717989,25.755443684303202],[-80.2561528689622,25.755483219693303],[-80.2559764542135,25.755312217001496],[-80.2562469989293,25.755077050276096],[-80.2567309842549,25.754961739841196],[-80.25678714782481,25.7546913515983],[-80.2568746877509,25.7548710608618],[-80.256946305937,25.7544532814713],[-80.2576821662918,25.754526233015504],[-80.2575542273308,25.754622245710504],[-80.2576427868447,25.7549394627076],[-80.2573398470831,25.7550484178676],[-80.2573929509912,25.755199574317096],[-80.2582065470592,25.755202791201505],[-80.2581319491613,25.755057752183998],[-80.2583427999282,25.7550323366599],[-80.2584033571581,25.7552411486582],[-80.2581334385681,25.755331356473597],[-80.2584762275957,25.755747411070296],[-80.2584083769439,25.7558646018326],[-80.2586931976862,25.7558486785043],[-80.2586771178426,25.7552797423524],[-80.258840510613,25.7554418816865],[-80.2589045973237,25.755256445034696],[-80.2595634289396,25.7551201141693],[-80.2596036680745,25.754933265174895],[-80.2601357375223,25.7551311742392],[-80.2603683948927,25.755449254776995],[-80.2596759132846,25.7552838993798],[-80.259650576302,25.755546757038505],[-80.2600483530047,25.755521263947998],[-80.2602428104159,25.755772903303196],[-80.2612299969294,25.755848991614798],[-80.2610154594767,25.755942729752192],[-80.2606822393035,25.7566312111627],[-80.2605365738869,25.7566410947104],[-80.2605292005151,25.7571586513271],[-80.2603977329715,25.7571990486063],[-80.2603576492453,25.756743539381],[-80.2601551914381,25.7567629925396],[-80.2602624206386,25.757046636608795],[-80.2599831685528,25.7570900946104],[-80.260002780572,25.757302984704502],[-80.26024414261751,25.757169005705],[-80.2605028439446,25.757345576917004],[-80.2608740296166,25.757028046767],[-80.2608320630215,25.757220149749198],[-80.2610629938299,25.7573266732063],[-80.2611415137723,25.757217482272395],[-80.2611410439534,25.7575198752175],[-80.2606117979105,25.7576125926215],[-80.2605812857335,25.757994994614798],[-80.26034141129821,25.7577026441053],[-80.2602792074563,25.758267892304698],[-80.2598443276374,25.758268207027],[-80.2596908163351,25.7584993731378],[-80.25986848692861,25.7585796983289],[-80.2602612438456,25.758441563044105],[-80.26036384582412,25.758613350055697],[-80.2604963329554,25.7584315226899],[-80.2606918090562,25.758646765529697],[-80.2607704080503,25.759046582217604],[-80.2606339198227,25.759240724780497],[-80.2604801731618,25.759048779595698],[-80.2603725522958,25.759501543783497],[-80.260233633227,25.759543587483297],[-80.2605125718008,25.759709414285307],[-80.2603549821472,25.759979643856404],[-80.2604081651069,25.760277015331397],[-80.2602683046037,25.760272309949002],[-80.2602429667228,25.7598546086211],[-80.2600794158489,25.7600391821254],[-80.25995296898951,25.7598087989309],[-80.2595231880081,25.759681253048896],[-80.2595900199703,25.759376271802896],[-80.2593831694014,25.7593206562729],[-80.2593608911824,25.759634108367],[-80.2592460532514,25.759618891840894],[-80.2593739922125,25.759197268375104],[-80.2595849992862,25.7591476146411],[-80.2591633759059,25.759094196381195],[-80.2591117605063,25.7592562560747],[-80.2589696254688,25.758923821857895],[-80.2587535186592,25.759317284971903],[-80.25850423167631,25.759109571548198],[-80.2575202629282,25.759092156768602],[-80.2574530384022,25.758924528158797],[-80.2576482791444,25.7589005244461],[-80.2576372181883,25.758751720574597],[-80.2571524495317,25.758766781874005],[-80.2570150980231,25.758903897376996],[-80.2566354403396,25.758489491362994],[-80.2561807176344,25.7584566235738],[-80.2561588301825,25.7585979748245],[-80.2560260295391,25.758428306702008],[-80.2556847308166,25.758433484644804],[-80.2557655252932,25.7585922491603],[-80.2556217418472,25.7584390533601],[-80.2550867690443,25.758436229763397],[-80.2550575908656,25.7587126571407],[-80.2551632507093,25.7585612648742],[-80.2555087858867,25.7585428314168],[-80.2553068769502,25.7587598790483],[-80.2550286453505,25.758753054700193],[-80.2550053475436,25.7588944840759],[-80.2549652656139,25.7584041459326],[-80.25518388051981,25.7583115068159],[-80.2549873848312,25.758300760146195]]]},"properties":{"FZONE":"AH"}},{"type":"Feature","geometry":{"type":"Polygon","coordinates":[[[-80.2133950224604,25.758627627400994],[-80.2135337852224,25.7587230121922],[-80.2134125935074,25.759000929980296],[-80.2132372773982,25.7591527140748],[-80.2130723143727,25.759049955953397],[-80.212924765189,25.7591558523744],[-80.213065098206,25.7593605843783],[-80.2138215084213,25.7590818041764],[-80.2137668351565,25.759307950181295],[-80.2133736865741,25.7595730828688],[-80.2133164243646,25.75993422740949],[-80.2130127767306,25.7597880113481],[-80.2124476843146,25.760199437984596],[-80.21250180870881,25.760357654845702],[-80.212353632501,25.7604943000777],[-80.2116686805716,25.760615334752192],[-80.21199405755401,25.7601903395034],[-80.2116995089555,25.7597444774748],[-80.2133950224604,25.758627627400994]]]},"properties":{"FZONE":"AH"}},{"type":"Feature","geometry":{"type":"Polygon","coordinates":[[[-80.2632242945894,25.758548008545493],[-80.2633196795029,25.762417919913496],[-80.2631274184726,25.762425686566594],[-80.2629230005415,25.758298249650192],[-80.2632242945894,25.758548008545493]]]},"properties":{"FZONE":"AH"}},{"type":"Feature","geometry":{"type":"Polygon","coordinates":[[[-80.2112395284109,25.765113249731698],[-80.2109107791529,25.765140548895303],[-80.21076895762741,25.7650032755571],[-80.2108990130193,25.7648684331344],[-80.210737110554,25.764130849426095],[-80.2103743178416,25.763980633905195],[-80.2106293315845,25.7639144288925],[-80.2106581189961,25.763704910502994],[-80.2102090413041,25.7633385908041],[-80.2104500925325,25.7633721618981],[-80.2105203767203,25.763154409950303],[-80.2094294895887,25.763005369512495],[-80.2100992231589,25.7628777461621],[-80.2101735075447,25.762744002406905],[-80.2096576760439,25.762162594145995],[-80.2093415562005,25.762114665691698],[-80.2095715482695,25.7617975277307],[-80.2103139968686,25.761472779969],[-80.2100319995313,25.761007776920795],[-80.2101047927137,25.7608815656195],[-80.2105384175862,25.761292286224997],[-80.2102709325322,25.7617936840262],[-80.2100531773141,25.761712340012103],[-80.2098316599516,25.762106117496696],[-80.210363414989,25.7624528277791],[-80.2104469538189,25.7626702671122],[-80.21124439188992,25.762963560846096],[-80.2109084264652,25.763235202842203],[-80.2111475166713,25.7633686329533],[-80.2110693892927,25.7638563043009],[-80.2113707605958,25.763871678042097],[-80.2111764603898,25.764316598250996],[-80.2112995358719,25.7644466551824],[-80.2113607210242,25.764084098074296],[-80.2114540658637,25.7642907907191],[-80.2115478023687,25.7649238154979],[-80.2113620541241,25.765864249503892],[-80.2112395284109,25.765113249731698]]]},"properties":{"FZONE":"AH"}},{"type":"Feature","geometry":{"type":"Polygon","coordinates":[[[-80.2054868619602,25.766901402876798],[-80.2048448180603,25.7656553607251],[-80.2043101605661,25.765529618733698],[-80.2039484673917,25.76560672580189],[-80.2037537746219,25.7656773235726],[-80.2038495520992,25.765843149088294],[-80.2034683268555,25.765880800893196],[-80.2032242159653,25.766069295967],[-80.20342173214,25.7658221263332],[-80.2033960816454,25.7654293700048],[-80.2026504161792,25.7652327166954],[-80.2027821990314,25.7651319976822],[-80.2026483779018,25.764753125736092],[-80.2028217329887,25.765091443727492],[-80.20295296607192,25.7650458698614],[-80.2030698431786,25.764492307752704],[-80.2029464559811,25.764342720483498],[-80.2031340080427,25.764328365351098],[-80.2031167505078,25.7641494389648],[-80.203457737515,25.7639112915277],[-80.203352154028,25.763377811283892],[-80.2027079137473,25.763278737862695],[-80.2027199942912,25.7630715750321],[-80.2028585989497,25.7631569187256],[-80.2032585738299,25.763045767229496],[-80.20353837388811,25.762633870704697],[-80.203105376938,25.762773967849405],[-80.2036459956524,25.762332811924693],[-80.2039698814315,25.762525072174594],[-80.2037975459324,25.762289825886796],[-80.2039829806649,25.762104155602604],[-80.2039865119423,25.762325047692595],[-80.2042682739211,25.762590571683095],[-80.204248819107,25.762710821893993],[-80.2041221359907,25.762613868370895],[-80.20414872791972,25.7627813412935],[-80.2043623248364,25.7630019983161],[-80.2051668200722,25.7629981530326],[-80.2050494722483,25.762612378146798],[-80.2051621137985,25.762888177707595],[-80.2054648981515,25.7630114104825],[-80.2059154670469,25.7626514411066],[-80.2059964950855,25.762784400212894],[-80.2057413259341,25.762964580214696],[-80.205811060353,25.7630774582395],[-80.2064334949285,25.7631203663261],[-80.205710106783,25.763305408030302],[-80.2057854107566,25.763528575273295],[-80.2060759573606,25.763677064922202],[-80.2061476528017,25.7639586691258],[-80.2065235447475,25.764134222208398],[-80.2060914892318,25.7642183896404],[-80.2061099226615,25.764503368567794],[-80.2059319403525,25.764720101923796],[-80.2061694612019,25.765069950805398],[-80.2057736455214,25.766046626933697],[-80.2059422943345,25.7660470969636],[-80.2059247223892,25.766882499878598],[-80.20605728857231,25.767034519021998],[-80.2057186569479,25.76730639763639],[-80.2052982885141,25.767041892201604],[-80.2054868619602,25.766901402876798]]]},"properties":{"FZONE":"AH"}},{"type":"Feature","geometry":{"type":"Polygon","coordinates":[[[-80.2540402038905,25.763936235113],[-80.2546376931489,25.764334402208696],[-80.25463533956291,25.764755008303403],[-80.2542378754739,25.7647633225037],[-80.2542407006754,25.765054732549],[-80.2546269457049,25.7650557518996],[-80.2546303188788,25.7652478556463],[-80.2548574857461,25.765427878198],[-80.2546191025141,25.765333514096795],[-80.2546289848806,25.765607117360105],[-80.2544175861414,25.7659143728863],[-80.2544234683099,25.766473974011195],[-80.2542216384251,25.7667884467794],[-80.2547372345673,25.766952232074296],[-80.2543993099169,25.767007378048003],[-80.2546527534047,25.7670412636125],[-80.2546401248884,25.767359422266697],[-80.2543567145011,25.767056323860302],[-80.2541842235935,25.7673595800203],[-80.2540164353664,25.767297061855896],[-80.2539847454982,25.7670684045788],[-80.2536578009556,25.7670772679243],[-80.2538437863553,25.767372679229496],[-80.2535740249705,25.767266391304],[-80.2536397600897,25.7673809940555],[-80.2534744826538,25.767386720913695],[-80.25342969355212,25.7675704308398],[-80.2536017155391,25.767748335169],[-80.2526169616634,25.768184706034095],[-80.2527431731642,25.7683895163098],[-80.2525137326609,25.7684975304125],[-80.25202621785452,25.768381671575295],[-80.2519920180933,25.7678363459744],[-80.2519305185306,25.768010879659997],[-80.2514040976893,25.767858153901404],[-80.251349266321,25.768283463900993],[-80.2508553995272,25.768316487530896],[-80.2510676624457,25.768247694561197],[-80.250847711745,25.768057788026795],[-80.2507454250752,25.767274941554405],[-80.2510104783897,25.767344989026803],[-80.2510123612585,25.7664554625004],[-80.2508814416873,25.766272066358702],[-80.25032858612211,25.7662043708269],[-80.2503412945885,25.7660803542081],[-80.2507454241769,25.766046468369296],[-80.2502502233849,25.765845971699896],[-80.2501738207717,25.7656646141162],[-80.2505337110274,25.765588448767197],[-80.2505253180677,25.7652895858435],[-80.2509563539955,25.764982801970405],[-80.250980120723,25.7651812589717],[-80.2513700551333,25.7653140607243],[-80.251329657895,25.765458550033895],[-80.2515791002864,25.7654550187241],[-80.2517854810364,25.7651243104889],[-80.25200088087192,25.765220322704298],[-80.2520176676896,25.7649127539131],[-80.2523140201052,25.765457923054495],[-80.2524459583659,25.765472982694195],[-80.2523563002124,25.765339710277598],[-80.2524709809382,25.765223225422393],[-80.2528886831722,25.765329827453996],[-80.2530381134282,25.7651554508187],[-80.2529708889022,25.7648332913662],[-80.2532216670885,25.764752497134896],[-80.2530039127687,25.764688095837993],[-80.2530683911448,25.764201287889698],[-80.2532325699411,25.764640326160595],[-80.2534456170888,25.764643698928495],[-80.2537043947727,25.763950903382],[-80.2540402038905,25.763936235113]]]},"properties":{"FZONE":"AH"}},{"type":"Feature","geometry":{"type":"Polygon","coordinates":[[[-80.2161916980271,25.768056297871002],[-80.2155290252151,25.767716960103204],[-80.2160647804505,25.767469712192195],[-80.2157989411102,25.767235014492897],[-80.2158205923052,25.766973177774705],[-80.2159642194444,25.7670732682548],[-80.2161343585626,25.766768288200296],[-80.2154477591229,25.766886185664198],[-80.21530672003,25.7675226598953],[-80.2151449738716,25.7673351063702],[-80.2151704689576,25.766837238972695],[-80.2149662854868,25.766747187945395],[-80.2151371306808,25.766558064547397],[-80.2146609903426,25.7664030644407],[-80.2149337323375,25.766230179560797],[-80.2149089442256,25.765915863878],[-80.2150556301283,25.765928100849997],[-80.2150256650254,25.766319131549597],[-80.2152096894029,25.766243591977798],[-80.2152921304915,25.766427695228703],[-80.2154653301699,25.766406907995993],[-80.2153570795849,25.766551082892995],[-80.2160799188597,25.76666725579],[-80.2160292466912,25.766721380132893],[-80.2161505174579,25.766769151399803],[-80.2162324869309,25.766950508104898],[-80.2163333632458,25.76748414460789],[-80.2168726488603,25.7675861972697],[-80.216658583023,25.76779610764069],[-80.2163233236741,25.767801127421897],[-80.2161916980271,25.768056297871002]]]},"properties":{"FZONE":"AH"}},{"type":"Feature","geometry":{"type":"Polygon","coordinates":[[[-80.2553682184093,25.765352575097896],[-80.2553385677168,25.766658861632393],[-80.2554971769583,25.7667682873913],[-80.2553605315255,25.7669190519287],[-80.2554418739744,25.7687545050149],[-80.2556266062244,25.768838515464196],[-80.2554525441634,25.768998379223493],[-80.2555030600251,25.769884141135698],[-80.2558452220286,25.7697142375515],[-80.2556753955241,25.769509191722204],[-80.2564057644777,25.769381095639897],[-80.2567737350793,25.769166009788698],[-80.2573046259375,25.769239274267097],[-80.2576176070673,25.768958138856803],[-80.2575863097628,25.7692373116819],[-80.2570936188637,25.7697005100257],[-80.2560596022762,25.77012009316889],[-80.2551106166202,25.770049967245996],[-80.25527793233341,25.7694920907337],[-80.2550403324323,25.765571034128897],[-80.25512638385,25.764676017304392],[-80.2552704808081,25.7647415932911],[-80.2553682184093,25.765352575097896]]]},"properties":{"FZONE":"AH"}},{"type":"Feature","geometry":{"type":"Polygon","coordinates":[[[-80.2033284645557,25.768218044387396],[-80.2034705232364,25.768151840120094],[-80.2034354601942,25.7680011540025],[-80.2038989711179,25.767925849298997],[-80.2042114815305,25.767660952075094],[-80.2042863929403,25.767836034513497],[-80.205400185315,25.768009155705897],[-80.2050449231797,25.768069554755996],[-80.2050278219517,25.768494159372096],[-80.20332328756471,25.768525300435897],[-80.2033284645557,25.768218044387396]]]},"properties":{"FZONE":"AH"}},{"type":"Feature","geometry":{"type":"Polygon","coordinates":[[[-80.2201939423495,25.773929448854],[-80.2199761098763,25.7736389811834],[-80.2198858238003,25.773731148855507],[-80.2199380644274,25.773600387794797],[-80.2192405630335,25.773439112143],[-80.2192764121015,25.7728970019171],[-80.2184306545497,25.772478595917892],[-80.2184278302464,25.772047245880906],[-80.2180560184487,25.771869889191198],[-80.2181044951347,25.771555417752296],[-80.2178905847059,25.771625622873096],[-80.2177588045487,25.7714973705181],[-80.2178839955633,25.7712298068231],[-80.2176399646231,25.770824654758897],[-80.2178301855795,25.7705205394264],[-80.2187527356134,25.770375891248598],[-80.2185066637008,25.7699850955731],[-80.2192957088121,25.769974898445092],[-80.2193940743357,25.76974506522121],[-80.2192043240966,25.769837939726603],[-80.218874242637,25.769665603482405],[-80.21859059599281,25.769763969381497],[-80.2180139737001,25.7696729764985],[-80.2180211898668,25.769864453906198],[-80.2184682283831,25.7700198450813],[-80.2180025201802,25.7701764155363],[-80.2178860365357,25.770420290058997],[-80.2178033573935,25.770133114412097],[-80.2175390110532,25.7699918416139],[-80.2175481082921,25.769794718567596],[-80.2177383301468,25.769839979963596],[-80.2178357542359,25.7696293645434],[-80.2176310209962,25.769593674080095],[-80.2176887548212,25.7693683890071],[-80.21743860455732,25.7690711745964],[-80.216886612273,25.7693194409123],[-80.2165098579446,25.769279514538496],[-80.2163594853559,25.769079174609697],[-80.2163826250593,25.769445496817504],[-80.2167628316134,25.769528801348795],[-80.21618989421,25.769833940150104],[-80.21594931549551,25.769542529703493],[-80.2161259647045,25.7694136497567],[-80.2160827422646,25.768832947236493],[-80.215775958612,25.7686701814295],[-80.2155229840448,25.768184157540897],[-80.2156750813988,25.767884590051302],[-80.2160534059824,25.768305584823494],[-80.2162182118027,25.768082575415097],[-80.2163653675244,25.7684438769],[-80.2167611841032,25.768422227641796],[-80.2165770815722,25.7682716980019],[-80.2167025088438,25.7680961461844],[-80.2170987961398,25.7684844313273],[-80.2178736415814,25.768465134605496],[-80.2179814214492,25.768608839409495],[-80.2178337141619,25.7687959225209],[-80.2180312294384,25.76888409111],[-80.2179396893143,25.769067331127392],[-80.2180520173524,25.7692287631908],[-80.2187141430904,25.769357486396302],[-80.2186670776578,25.769229547092397],[-80.2189535459103,25.7691236515674],[-80.2192462897934,25.768757486117998],[-80.2180768054643,25.768554872061397],[-80.2184243007657,25.768428267527202],[-80.2193881122172,25.768430463922602],[-80.2195136176422,25.768068534622298],[-80.2196604607501,25.768347943336796],[-80.2201142447158,25.768498159802796],[-80.2197967917726,25.7686344898687],[-80.2199231622751,25.7688678532157],[-80.22076021066022,25.769125299461],[-80.22117406990151,25.7694808742507],[-80.2203316846253,25.769595869645],[-80.2203098780218,25.7698781797951],[-80.2199711682439,25.7699843124854],[-80.2197956158778,25.770296273800497],[-80.2198463670981,25.7708816814036],[-80.22030336793091,25.77083971695349],[-80.2215828276103,25.771283147624196],[-80.2226228054181,25.77125702530119],[-80.22241007268072,25.7713981412721],[-80.2216488753433,25.771441049586695],[-80.22158463232572,25.77164272274519],[-80.2215068175609,25.7715486718004],[-80.2214624201246,25.7716937100869],[-80.22167013307612,25.771738420663898],[-80.2215928671819,25.7719699803956],[-80.2212849067362,25.772112979587195],[-80.2210695060025,25.772025595662097],[-80.2214338671733,25.772215580788302],[-80.2212958095888,25.772309946698602],[-80.2214883841312,25.7723508136808],[-80.2213182441148,25.772550290591997],[-80.2211080203719,25.7724088604975],[-80.2208892473626,25.772599945191605],[-80.220830964667,25.7724556118061],[-80.2201253838254,25.772492950064592],[-80.2200393342043,25.772628967329105],[-80.2201849996209,25.7727758106936],[-80.2206139972713,25.772830797832995],[-80.2207046741144,25.773125972354997],[-80.2209635317484,25.7732064542932],[-80.2212605902398,25.7729181026966],[-80.2212076417403,25.7726350078093],[-80.2214211605036,25.772538759713704],[-80.2215138765224,25.772377798112803],[-80.2216431485833,25.7726735222341],[-80.2217044900425,25.772475064007995],[-80.2218000321612,25.77270238903399],[-80.2213963714933,25.772987994754892],[-80.2214637532245,25.773221906909697],[-80.2218157975944,25.773261598169896],[-80.2211725786982,25.773316585893205],[-80.2217155518969,25.773349766677203],[-80.2217093535214,25.7736086245252],[-80.2216163230923,25.773446327179197],[-80.221412844799,25.773596857536205],[-80.2214240620619,25.7738869353969],[-80.221252353587,25.773813513615902],[-80.2212671003307,25.773587758463997],[-80.2211420656229,25.7737553105502],[-80.2208799129685,25.7737678605861],[-80.22080978598581,25.7735085322761],[-80.22052151481451,25.7740060869382],[-80.2201939423495,25.773929448854]]]},"properties":{"FZONE":"AH"}},{"type":"Feature","geometry":{"type":"Polygon","coordinates":[[[-80.26365627285,25.778667787768796],[-80.2623819102115,25.778857067402395],[-80.2622058880266,25.778127011072495],[-80.2613293029892,25.778063238283703],[-80.2617280220246,25.777930201649905],[-80.261042835635,25.777778653504498],[-80.2609101912984,25.777497518910792],[-80.259953990374,25.7774696709036],[-80.25981483415,25.777930986302994],[-80.2596091603741,25.777467474675497],[-80.2587619125172,25.777509754688598],[-80.2588527474638,25.777389347170498],[-80.2595922172495,25.7773417330654],[-80.2596625005391,25.777033772618903],[-80.2595442885359,25.776861827830096],[-80.2589243665482,25.7769510161463],[-80.258545806606,25.776783856049597],[-80.2583629581232,25.777086954688198],[-80.2581906226241,25.7757741569456],[-80.2578972517169,25.775718699560592],[-80.2581907798293,25.775587074319095],[-80.2582566721537,25.77494691331089],[-80.2584863480156,25.775038219254597],[-80.2597015646775,25.7749265975651],[-80.2599256709847,25.775179727918104],[-80.260357178528,25.775237069574004],[-80.2603467454943,25.7754722368108],[-80.2608600680005,25.775538989498294],[-80.2610731142499,25.775733761134],[-80.2615159163113,25.7754984358639],[-80.26201927650101,25.7757086590499],[-80.2621200728658,25.775226165075594],[-80.2623646544732,25.7756574364151],[-80.2632975593874,25.7754209364159],[-80.263507076156,25.775469883611898],[-80.2636099907482,25.775809691852505],[-80.2636995716467,25.7753228850294],[-80.2640189056622,25.7753147260761],[-80.2641545324055,25.7781444246773],[-80.2639440742024,25.7772276802953],[-80.2637861710367,25.7782850713738],[-80.2635520242596,25.778121756332595],[-80.2624476453308,25.778179410427203],[-80.2626117450753,25.778624880449602],[-80.2627770207145,25.7784724676505],[-80.2629483375241,25.778563538721997],[-80.2630241113166,25.7783620221226],[-80.2632355109541,25.778426030954595],[-80.2630641950429,25.778614760102197],[-80.263388707846,25.778606916852493],[-80.2634792292805,25.778421010005],[-80.26365627285,25.778667787768796]]]},"properties":{"FZONE":"AH"}},{"type":"Feature","geometry":{"type":"Polygon","coordinates":[[[-80.2530036774101,25.778966805479],[-80.2533769031561,25.778775879878697],[-80.25343942051,25.7789202120473],[-80.2539387796034,25.778900131566896],[-80.2539852171137,25.778772742097797],[-80.2543665986642,25.7788898543136],[-80.2543082387134,25.7785681657234],[-80.2547808495709,25.778389789837497],[-80.2549536548889,25.778467761371495],[-80.2552046684338,25.778306642794405],[-80.255124030264,25.7781640361126],[-80.2555778151281,25.7779918559482],[-80.2557876463071,25.778054688810595],[-80.2557149303798,25.778933782386204],[-80.2554544261339,25.7788172971226],[-80.2544926556548,25.7789237429565],[-80.2530036774101,25.778966805479]]]},"properties":{"FZONE":"AH"}},{"type":"Feature","geometry":{"type":"Polygon","coordinates":[[[-80.1992624506279,25.792334496994304],[-80.1994505524585,25.792107957752098],[-80.1997010153361,25.7920902299473],[-80.1999368105218,25.79168508037639],[-80.2002042192189,25.7916998277153],[-80.2003545909093,25.7921052918683],[-80.2002412432833,25.792108350031796],[-80.2002292417912,25.792392309179796],[-80.1997103488319,25.792584726164403],[-80.1996639122199,25.792989641339098],[-80.1993318697381,25.7933258422173],[-80.1991296472895,25.7931906081634],[-80.1992624506279,25.792334496994304]]]},"properties":{"FZONE":"AH"}},{"type":"Feature","geometry":{"type":"Polygon","coordinates":[[[-80.2683862172312,25.791250669197595],[-80.2681647771238,25.791604911859004],[-80.26844300083408,25.79169095154226],[-80.26848598788806,25.79258065312561],[-80.2681708182941,25.792565506965207],[-80.2681590512622,25.792804518134698],[-80.26851072016397,25.793092531767954],[-80.2685302878102,25.79349751687994],[-80.2669949792827,25.7936381942778],[-80.2665292719782,25.794050717572404],[-80.2664250233878,25.7939034047431],[-80.2666284998845,25.793698907849098],[-80.2665160146412,25.793601326934205],[-80.2654349335193,25.795313234434698],[-80.2657949800818,25.794418060222995],[-80.26838959016183,25.79058549908543],[-80.2683862172312,25.791250669197595]]]},"properties":{"FZONE":"AH"}},{"type":"Feature","geometry":{"type":"Polygon","coordinates":[[[-80.2020564581982,25.7943953917534],[-80.2015158394838,25.7938445758087],[-80.2015012481486,25.7934127550888],[-80.2022096550901,25.793357373891205],[-80.2022316171022,25.7932244943377],[-80.2020064903088,25.793131070351702],[-80.2022093406798,25.792964462025004],[-80.20244905791,25.7929274375612],[-80.2025438157994,25.793228339450497],[-80.2027196807792,25.793058669077602],[-80.2024602742746,25.792812442136196],[-80.2026217087177,25.79261523973039],[-80.2024220743155,25.7924739678227],[-80.2026408473248,25.791850984396],[-80.2019577001108,25.791723125158498],[-80.202070735123,25.7915938519527],[-80.2028373430134,25.791366686070695],[-80.202933354951,25.7915608283315],[-80.2039261110192,25.791521450548895],[-80.2039387404338,25.791065157465493],[-80.2042955710276,25.791513371166097],[-80.2050245278295,25.791405279340896],[-80.2053310770219,25.79153502187239],[-80.2051676842515,25.791674489597195],[-80.2044915968973,25.7916562133428],[-80.2043824839297,25.7918098030277],[-80.2048912573672,25.792732118278902],[-80.20495424454,25.793202531736693],[-80.204279491184,25.793432522527095],[-80.20431737763111,25.7935532445634],[-80.2037422456435,25.7938852865506],[-80.2033360750827,25.793821277973596],[-80.2033318395262,25.79406099512959],[-80.2029162564179,25.7941191202916],[-80.2028787598396,25.794294828524098],[-80.2027328581661,25.794081624651792],[-80.2025226371182,25.794373113934],[-80.2022423654445,25.794209877662603],[-80.2020564581982,25.7943953917534]]]},"properties":{"FZONE":"AH"}},{"type":"Feature","geometry":{"type":"Polygon","coordinates":[[[-80.2664297296616,25.803705693028796],[-80.2657011645251,25.803641998695603],[-80.2657246186389,25.803364707119098],[-80.2659636297932,25.803108046888894],[-80.2661321222995,25.803317642877996],[-80.2662553540885,25.803242888708095],[-80.2668933977904,25.803458916419896],[-80.26820704634044,25.803396864318522],[-80.26822644374154,25.803684882727104],[-80.2668219377079,25.80367972827339],[-80.2665202510961,25.8038624195847],[-80.2664297296616,25.803705693028796]]]},"properties":{"FZONE":"AH"}},{"type":"Feature","geometry":{"type":"Polygon","coordinates":[[[-80.2025860168548,25.8056008411622],[-80.203150483145,25.8054881985048],[-80.2031311855361,25.80494255988069],[-80.2026718329139,25.805375243569195],[-80.2026502598724,25.805194827943396],[-80.2028611124358,25.804920753110903],[-80.2031518153466,25.804840977695097],[-80.2029525744065,25.804668642168693],[-80.2034158490733,25.804647306034195],[-80.20353437458851,25.8037529948867],[-80.2034369513976,25.803639802952098],[-80.2040524033684,25.803140600645296],[-80.204157985957,25.8028727233695],[-80.2040455007138,25.8025914315211],[-80.2046667566996,25.8021394512769],[-80.204826699041,25.80233712389949],[-80.2049710313577,25.802268019071104],[-80.2050717513657,25.801815253907197],[-80.2052578140206,25.8018930668887],[-80.2052844841031,25.8016102077661],[-80.2053615918938,25.803282580435],[-80.2055947981348,25.8036735324777],[-80.2053968112428,25.8039080731608],[-80.2054121077555,25.805448665219593],[-80.205205021828,25.805244481815],[-80.2053118593631,25.8051472136806],[-80.2051297978044,25.8047395531262],[-80.2048650571036,25.804903497098305],[-80.20491369009652,25.805188474523696],[-80.2047566511101,25.805083676208195],[-80.204791793204,25.8053661437003],[-80.2039778045723,25.805628531330093],[-80.2035442596498,25.804856744832097],[-80.2034778966082,25.806151735914096],[-80.2033574891225,25.8057309749479],[-80.2031942535573,25.806162089251092],[-80.20296888960871,25.805835067478103],[-80.2030849070276,25.80568147979149],[-80.2028076132691,25.8056712816888],[-80.2029462996742,25.805911469821595],[-80.2028261266488,25.806047252237196],[-80.2029095891218,25.806202016957396],[-80.2028942926092,25.8063285423521],[-80.2025860168548,25.8056008411622]]]},"properties":{"FZONE":"AH"}},{"type":"Feature","geometry":{"type":"Polygon","coordinates":[[[-80.2153681414393,25.8060412118413],[-80.2151325816122,25.805773176950204],[-80.2146457746783,25.805665241273797],[-80.2145408191137,25.8053410422275],[-80.21470256527222,25.805187140111496],[-80.2152420862453,25.805197181361205],[-80.2152201215384,25.8049962130577],[-80.2148599968224,25.804996369952498],[-80.2154380330633,25.804696802431298],[-80.2155211802277,25.804985309678205],[-80.2155897387519,25.804719785147295],[-80.2157456027419,25.804869451706693],[-80.2157372870373,25.805343160301003],[-80.2164332981262,25.805302999389898],[-80.2165042111347,25.805134349132498],[-80.2167408696014,25.80512713198049],[-80.2168262122483,25.805530635934698],[-80.2171185644659,25.805655984533207],[-80.2168272327345,25.805835065860695],[-80.2164136897002,25.805781727659692],[-80.2158405169382,25.805952886483304],[-80.2156534337971,25.80627661398499],[-80.2155838574817,25.8060973764316],[-80.2155065915875,25.8062799879952],[-80.21529519195,25.806132910339098],[-80.2153681414393,25.8060412118413]]]},"properties":{"FZONE":"AH"}},{"type":"Feature","geometry":{"type":"Polygon","coordinates":[[[-80.264699858292,25.8059884196255],[-80.2649755808971,25.8054211302864],[-80.2651625059347,25.805525457621197],[-80.26497393248852,25.8058380468405],[-80.2650666512023,25.806060035813392],[-80.265514081384,25.806016971808],[-80.2658198472455,25.806144361121998],[-80.2663041451848,25.805890053846593],[-80.2664192957295,25.806102080805196],[-80.2670283166612,25.805983555927703],[-80.2668239768836,25.8059079380986],[-80.2680962203963,25.805797963735298],[-80.26827977226,25.8053943037971],[-80.2681789758952,25.805170038605997],[-80.26832083343608,25.80508639295644],[-80.26835069327694,25.805735813335463],[-80.26828378555491,25.806209222803762],[-80.2682604755493,25.8060521135062],[-80.267545324955,25.806029208686596],[-80.2672740741634,25.8065124871481],[-80.2663796054653,25.806544805438794],[-80.2663121455808,25.807049419929196],[-80.2662136237503,25.806484327317],[-80.2664335726543,25.806404316805704],[-80.2654823906174,25.806523232685496],[-80.2653522570721,25.806340464603792],[-80.2653993997599,25.8064579701295],[-80.2651819607488,25.806317323691705],[-80.2647261358107,25.806363918488696],[-80.264699858292,25.8059884196255]]]},"properties":{"FZONE":"AH"}},{"type":"Feature","geometry":{"type":"Polygon","coordinates":[[[-80.2008950533168,25.8094458088209],[-80.2011070009266,25.809335676808697],[-80.201025972888,25.809144750778895],[-80.2012155668203,25.80896739457779],[-80.2012343910171,25.8083694345084],[-80.20136131039031,25.808201099161902],[-80.20168433199,25.808287777112],[-80.2015982814707,25.8080024052091],[-80.2018150934578,25.807539288521593],[-80.2019466409513,25.807587528579795],[-80.2018762777117,25.807386170484],[-80.2021826705973,25.807324672995495],[-80.2020287685279,25.807135548791198],[-80.2021932608362,25.806904069043192],[-80.2022840948844,25.807011063047092],[-80.2025784871761,25.80681268492699],[-80.2028572676464,25.806931209783794],[-80.2025159689239,25.8065848907175],[-80.2019264028063,25.8065702996971],[-80.2022771149747,25.8061315767463],[-80.2025989588831,25.8060005004223],[-80.2027334097317,25.806445107341197],[-80.2032115092956,25.8064040038286],[-80.20301501360692,25.806599322417394],[-80.2033601562206,25.806951212732095],[-80.2029980695841,25.807102525456404],[-80.2030004240684,25.807346008647993],[-80.2032222567396,25.807359578159705],[-80.2032376305074,25.807124725672],[-80.203428949205,25.807162219611797],[-80.2035870095759,25.8068726913955],[-80.2036626270616,25.807000473637295],[-80.2035237861462,25.8071676323829],[-80.2036682756681,25.807326554078493],[-80.20430467096142,25.806920541920697],[-80.2050628876888,25.806900381266196],[-80.2051517607148,25.8066733716883],[-80.20503488270981,25.8065488846499],[-80.2036148555531,25.8064505977827],[-80.2049981730557,25.806254651376303],[-80.2050915187935,25.8059621440094],[-80.2052558529983,25.8061265561611],[-80.2052670702613,25.805740467023202],[-80.2053884182831,25.80568147898269],[-80.2054957265354,25.8062469644218],[-80.2056863400555,25.8064452634253],[-80.2054593312917,25.806599794712795],[-80.2054616830811,25.808241339153398],[-80.2051973358424,25.808479174384594],[-80.2042473297002,25.808588130517695],[-80.2038907353633,25.8084941565867],[-80.2036849043823,25.808302836974697],[-80.2040240076223,25.808127363818397],[-80.2041797916622,25.8082139633771],[-80.2041308451573,25.807958872045802],[-80.2035608892624,25.8075191287811],[-80.2033337214967,25.8079995819832],[-80.2031633461216,25.807871487037],[-80.2033531763108,25.807822932503598],[-80.2032430437553,25.8075369351503],[-80.2029328851321,25.8074930071611],[-80.2029499863602,25.8076582841341],[-80.2027865136397,25.807537092850403],[-80.2024630204244,25.8079358883407],[-80.2025612287429,25.8080971639835],[-80.20240199337562,25.8083015034063],[-80.20303917379651,25.80824604586799],[-80.2032173151072,25.80839257421099],[-80.2026150405233,25.808414303514205],[-80.2023828547685,25.808676847753496],[-80.2022703695252,25.8085358869346],[-80.2024441953293,25.8089047980654],[-80.2023739901932,25.809197854558196],[-80.2025707221388,25.809231349594],[-80.2008950533168,25.8094458088209]]]},"properties":{"FZONE":"AH"}},{"type":"Feature","geometry":{"type":"Polygon","coordinates":[[[-80.22108441174801,25.8070401632968],[-80.2218722773713,25.8070302815215],[-80.2218877301908,25.8075288552417],[-80.221630206555,25.807624396425297],[-80.2216220489539,25.8079391037952],[-80.2218707879645,25.807908747021493],[-80.2219322857306,25.8082549093713],[-80.222327787899,25.808550791493193],[-80.2228278521699,25.808615506207495],[-80.2223241012131,25.8088629093404],[-80.2223418294652,25.808988180821096],[-80.2221628257718,25.808964649010992],[-80.2212832601243,25.808237338445803],[-80.22096455223462,25.808387005414303],[-80.2203792998269,25.807992365005692],[-80.2198960205772,25.807996601866495],[-80.2198877848226,25.808619662983702],[-80.2205321823085,25.8089115435098],[-80.2205090435034,25.809092116026502],[-80.2207127553587,25.809184128367797],[-80.2205778364879,25.809445808820904],[-80.2197884006095,25.809124983535],[-80.2194609844513,25.809238410415603],[-80.2192224449125,25.8090210475496],[-80.2186826894791,25.808928642857797],[-80.2186247984489,25.808702811413895],[-80.2181322638567,25.808735835111502],[-80.217995148605,25.808500666719297],[-80.2175549345899,25.8085147083866],[-80.2172530126196,25.808269656266095],[-80.2170805199153,25.8084033988318],[-80.2167709119594,25.8083673949342],[-80.2164403597826,25.8080190364421],[-80.2160290903843,25.807934711658895],[-80.215860597878,25.807647693973397],[-80.2157196378369,25.807703230237298],[-80.2156481786527,25.8071699065068],[-80.2155835421731,25.807689268536897],[-80.2154455645387,25.8076046297364],[-80.2155441645226,25.8075107350884],[-80.2153329211919,25.807482573877195],[-80.2152824834837,25.808135050650797],[-80.2151129713896,25.808272167322],[-80.2149743658328,25.807515284940596],[-80.2148098735245,25.8076628339806],[-80.2147193511916,25.807509401510995],[-80.2146625596994,25.807697347625798],[-80.2142271319081,25.807649262886095],[-80.2141748885861,25.807463513176394],[-80.2144162542249,25.807269214191297],[-80.2141777137877,25.807122842159703],[-80.2143714642248,25.807027613547096],[-80.214504737382,25.807226934275896],[-80.2149478529555,25.807174613263996],[-80.2149979771517,25.8065466881516],[-80.2151210508372,25.806510606052104],[-80.2152490670534,25.807148491568096],[-80.2154676846542,25.8071247248633],[-80.2154085395759,25.806889792655298],[-80.215569971324,25.8071480208922],[-80.2157293647948,25.8070052572298],[-80.2157986293948,25.8072279524553],[-80.2162662977216,25.8072879603311],[-80.2163761158668,25.807516305543796],[-80.2173975021414,25.8075260303871],[-80.2177584901384,25.8079685976615],[-80.2180734331888,25.807944595785],[-80.2183937876904,25.808030097241897],[-80.2184459519607,25.808184626462392],[-80.2185793805265,25.80811426344909],[-80.2192081679877,25.8083172708915],[-80.2193226924066,25.808592365739802],[-80.2190720723238,25.808706653598495],[-80.2193656004362,25.808760151416095],[-80.2193486564133,25.808370061261005],[-80.2195215425796,25.8084391681919],[-80.21961284734512,25.808312721070095],[-80.2193815230746,25.807983187701097],[-80.2196554427609,25.8079147873221],[-80.2195827259353,25.8073952685803],[-80.2200056833138,25.8071499828502],[-80.2197208625715,25.8070782864489],[-80.2202036684091,25.8071018986971],[-80.2204718613355,25.807355890396895],[-80.2209847903796,25.807401309715903],[-80.2209876928363,25.8076208663708],[-80.2212265476838,25.8076492620774],[-80.2212461570081,25.807352988709905],[-80.2214712855981,25.807162375694997],[-80.22108441174801,25.8070401632968]]]},"properties":{"FZONE":"AH"}},{"type":"Feature","geometry":{"type":"Polygon","coordinates":[[[-80.2679292181951,25.81191193021],[-80.2671347616325,25.811247373759297],[-80.2664996212856,25.8111992896518],[-80.2664992278235,25.8117446156117],[-80.2649693843182,25.810630666650596],[-80.2651592908643,25.810555598467396],[-80.2654212072618,25.8107135007038],[-80.2657115185071,25.8105649332688],[-80.2658411049784,25.8107654295524],[-80.26573097242292,25.810820573754597],[-80.2656396658607,25.8106632199577],[-80.26561566287641,25.810761741895696],[-80.26578548938082,25.811090804962905],[-80.2661209059349,25.8111969363531],[-80.2661282793067,25.811023815933204],[-80.2662659443274,25.811036209181502],[-80.2662515101974,25.810817122238902],[-80.2660417589684,25.8108153972897],[-80.2657794491089,25.810305448481497],[-80.2654124998917,25.8100010179113],[-80.2654816854399,25.809871117678398],[-80.2652494987868,25.809720432000603],[-80.2655170628925,25.8096042600295],[-80.2651073628509,25.809270490203],[-80.2652555390587,25.8090230086678],[-80.2655489099659,25.8090834086666],[-80.2656572387043,25.8094167843717],[-80.2661804417803,25.8095993972888],[-80.2667138443281,25.80951601253719],[-80.267031846142,25.809270491011603],[-80.2675547384009,25.8093159079792],[-80.2675587385989,25.808770739859895],[-80.26767210361591,25.80874779602356],[-80.2679292181951,25.81191193021]]]},"properties":{"FZONE":"AH"}},{"type":"Feature","geometry":{"type":"Polygon","coordinates":[[[-80.2281327740286,25.812023397397198],[-80.2244068011819,25.8120364973342],[-80.2239785105056,25.812185849776096],[-80.223760443572,25.812057597618598],[-80.2230271712635,25.812052106628194],[-80.2228316969593,25.8119759403382],[-80.22251738183131,25.8114529709254],[-80.2222972739255,25.811742420018497],[-80.222263386778,25.811514939355497],[-80.2219120484839,25.8115747897911],[-80.222100935442,25.810965927113998],[-80.2219244416415,25.810922000396193],[-80.2218999670416,25.8106586718437],[-80.22220643808062,25.810542656062793],[-80.22232472823721,25.8107658233877],[-80.22251149876452,25.810487982393795],[-80.2226748133815,25.810722837110195],[-80.2224900829281,25.810693892226197],[-80.2224081116585,25.81093612022],[-80.2226900308424,25.810779550203495],[-80.22283655954,25.810885131959495],[-80.2227504308672,25.810278936065],[-80.2233800798127,25.810284349502396],[-80.2234320096227,25.810424287662897],[-80.2235969708516,25.8101978282836],[-80.2240068280983,25.810174215843695],[-80.2243496970759,25.8103674175118],[-80.2240138888564,25.810302625310495],[-80.2240484021296,25.810460372614],[-80.224501558173,25.8104337017272],[-80.2243771504893,25.810636236959294],[-80.2248222279834,25.810687145265902],[-80.225208630218,25.811103748924992],[-80.2259631584628,25.81099965778879],[-80.2261124351068,25.811160697165903],[-80.2262868888333,25.810881132149895],[-80.2268530008371,25.811210037190204],[-80.227085816311,25.8111064151902],[-80.2274108761881,25.811225254376804],[-80.2281327740286,25.812023397397198]]]},"properties":{"FZONE":"AH"}},{"type":"Feature","geometry":{"type":"Polygon","coordinates":[[[-80.2428882520522,25.812855033094696],[-80.2426527703785,25.812833069279403],[-80.2424602748879,25.813211472253],[-80.24141151155662,25.813256183349704],[-80.2412581592561,25.8129658710488],[-80.2408925431389,25.812790711289995],[-80.2412168987368,25.8126300639145],[-80.2447609645351,25.8125759394968],[-80.2444860270575,25.8128446795338],[-80.2444429636194,25.813354783999102],[-80.2440178107584,25.8132647343278],[-80.24421783682611,25.8131479342532],[-80.2440251832319,25.813010661489],[-80.2440506774197,25.812854092597096],[-80.2437078084421,25.81309357474599],[-80.2435836370153,25.812842012499097],[-80.2432438268012,25.813023211413604],[-80.243005599876,25.8129755970622],[-80.2429564970643,25.813293600950505],[-80.24317675948042,25.813385454762003],[-80.2427918466525,25.813406947823896],[-80.2428882520522,25.812855033094696]]]},"properties":{"FZONE":"AH"}},{"type":"Feature","geometry":{"type":"Polygon","coordinates":[[[-80.2636410553891,25.8187369709032],[-80.2648399550521,25.818546514484396],[-80.2647690438402,25.8183495489769],[-80.2646906029496,25.818474270250892],[-80.2643278102373,25.8184283813119],[-80.2648049701634,25.818164661889597],[-80.2630740801042,25.8181356379595],[-80.2629027632947,25.8185453379081],[-80.2627778848938,25.817475709564],[-80.262462000409,25.81728117550991],[-80.2626923841434,25.817149941705303],[-80.2624970652478,25.8169579956188],[-80.2622010263442,25.816947641607896],[-80.2620667344975,25.817044202994097],[-80.2620558307466,25.8174735132683],[-80.26223352630504,25.818816498961976],[-80.2617973665747,25.818720184298304],[-80.26013381371719,25.81888099524117],[-80.2600510218994,25.818722693515497],[-80.25935714308208,25.818904844303844],[-80.2594371383871,25.818640408471396],[-80.2603378827157,25.818615307385294],[-80.2607086749257,25.8184697992581],[-80.260948785618,25.818270478039],[-80.2611834830623,25.817641456181597],[-80.2612201927164,25.8180327231151],[-80.2609423536805,25.818514824549496],[-80.2620268061797,25.818538827518893],[-80.2620723040522,25.818338330646302],[-80.2619371489245,25.818195174529695],[-80.2619172251898,25.8184912129589],[-80.2614556752884,25.818318562510495],[-80.2614905802271,25.817954987042796],[-80.2618849846542,25.8178887046103],[-80.2619744074492,25.817479553081295],[-80.261820662585,25.8166963147789],[-80.2615383517356,25.816113572275196],[-80.2608563813146,25.8159484534664],[-80.2610458180417,25.815623940495797],[-80.2612141524445,25.815773998419996],[-80.2616695839205,25.815757918166195],[-80.2616635445468,25.814801637680997],[-80.261263414258,25.814920397954296],[-80.26114426261701,25.815191256230193],[-80.2610679390556,25.814972326576],[-80.2609330192864,25.8150625334478],[-80.261024404002,25.8152668746032],[-80.2608136313885,25.815357709583594],[-80.2606485120562,25.81580882750629],[-80.2603514526664,25.815473568619794],[-80.2603430597067,25.8157736070273],[-80.2606389414051,25.815950493718695],[-80.2607801359065,25.815884758437104],[-80.260710715898,25.815953002185893],[-80.2598817451639,25.816060624433],[-80.2594150173732,25.8159590420764],[-80.2599719521881,25.815749681937795],[-80.2603365487175,25.8158160440076],[-80.2599171226164,25.815613194166495],[-80.2599110832428,25.8154769407507],[-80.2602057872498,25.815478901761995],[-80.2600176854192,25.815425483801796],[-80.2596430475216,25.814747356565096],[-80.2591558480239,25.814608357525895],[-80.2592109911076,25.8142285446458],[-80.2595486830942,25.8139565876052],[-80.259072229244,25.814112999774498],[-80.25929821842,25.813121263162795],[-80.2592152266641,25.8109557294662],[-80.2590824260207,25.810793589983298],[-80.2592799421955,25.810530104257996],[-80.2587015924425,25.810203789214896],[-80.2586806482217,25.810558264744902],[-80.2586570369028,25.810063849176597],[-80.2586427608763,25.810563286759695],[-80.258528551766,25.810557717256298],[-80.2587111621953,25.811271534279292],[-80.2588033311401,25.814121079234],[-80.2586488011483,25.814610553874697],[-80.2587305379576,25.815023471575998],[-80.2583453107194,25.815045591866593],[-80.2586192286091,25.8157567423708],[-80.2583352711478,25.817498615405],[-80.2580271517003,25.8171338616383],[-80.2578494829034,25.8172963134773],[-80.2577016202076,25.8171176246904],[-80.2572393633321,25.817152216446296],[-80.2574536663246,25.8168929676606],[-80.2580526458881,25.8166904309966],[-80.2577872790615,25.8164353393192],[-80.2574146030845,25.816367567296204],[-80.25735828141111,25.816084314139605],[-80.2569783892673,25.816007990327492],[-80.2569083413364,25.815780352889295],[-80.2566674473132,25.816123847918895],[-80.2563239513115,25.816152165573396],[-80.2563710939993,25.816559198963397],[-80.2561855029599,25.8166192069643],[-80.2565856314521,25.816647209932896],[-80.2565085236613,25.8163550153],[-80.2567876194403,25.816143616421],[-80.2569412070994,25.816348661670194],[-80.2571710428615,25.816134594201895],[-80.2572876837112,25.816540217354092],[-80.2577044445109,25.816462480302206],[-80.2576908736619,25.8166224221832],[-80.2569167342961,25.8167496553436],[-80.2569365017239,25.817030632974298],[-80.2571415484757,25.8171770833331],[-80.256998862771,25.817254739859504],[-80.2572776441396,25.817624513352],[-80.2578505015929,25.817744921247296],[-80.2579410239258,25.8181725057567],[-80.2576801289128,25.818077669325298],[-80.258125910686,25.818557967301892],[-80.2587506970509,25.818382101779797],[-80.25879985284551,25.81892195433284],[-80.25117931013001,25.81915570657788],[-80.2509623942675,25.81897017742719],[-80.2509725928409,25.8190689358563],[-80.2507555454952,25.819014888775893],[-80.2504626453052,25.819170517971298],[-80.2504393466,25.818983591157004],[-80.2497384729305,25.818903973192498],[-80.2494660453459,25.819030656452398],[-80.2493285375304,25.8188659290498],[-80.2488796161452,25.81894452734389],[-80.24865497518078,25.819233049550405],[-80.24768603009036,25.819262725328723],[-80.2478095941828,25.819133650484805],[-80.247671302138,25.819078976738098],[-80.2474958279254,25.8191466703887],[-80.24759361530744,25.819265555367938],[-80.2471287222639,25.819279791000653],[-80.2469741142561,25.819120707400202],[-80.2468768455755,25.8191897352816],[-80.24701311219968,25.819283330900326],[-80.24590549919378,25.819317240563322],[-80.2456868104877,25.8191807141032],[-80.24561444676081,25.819326149752452],[-80.2445852558621,25.8193572075596],[-80.2444410807506,25.819209187902704],[-80.24439659379975,25.81936342219964],[-80.24238757361117,25.81942488598267],[-80.242031828803,25.8193123394643],[-80.241901066437,25.819045638937197],[-80.2412388616472,25.8189210727153],[-80.241820584574,25.818797136294503],[-80.2418245856703,25.818464936881398],[-80.2423320242114,25.818896600002898],[-80.2431876632313,25.8183956716447],[-80.2442075609976,25.818271420110896],[-80.2442905509568,25.818099319221805],[-80.2449522059776,25.818261065406197],[-80.2459862216669,25.818059078535896],[-80.2464560854762,25.818104967617895],[-80.246691490793,25.817669774281804],[-80.247501320225,25.818154778616297],[-80.2475428942564,25.818024172481195],[-80.2481370103409,25.817935847971004],[-80.2485726752874,25.818311189284596],[-80.2486565285276,25.81796314467899],[-80.2488816553209,25.818196352726797],[-80.2494921665577,25.818107869850298],[-80.2497054481657,25.8183154265849],[-80.24977737896552,25.818099084714298],[-80.2501649579931,25.81817878085001],[-80.2507611932034,25.817978440245398],[-80.2508938375399,25.818281539498894],[-80.2511425747539,25.818245143176],[-80.2512563948936,25.817703818420796],[-80.2508245729399,25.8175365023001],[-80.2512418026602,25.817422526204588],[-80.2512964768233,25.8170129832938],[-80.2516259321571,25.817065616952604],[-80.2516768405826,25.816768560097],[-80.2517672057103,25.816977763172904],[-80.2522369132128,25.817127977877796],[-80.2521957317452,25.816971251888905],[-80.2525452662223,25.816840019358196],[-80.252523930336,25.8165338621169],[-80.252157138324,25.816521781585596],[-80.2524471360573,25.816263475124998],[-80.251806817821,25.8162081725335],[-80.2517065694286,25.8163263071119],[-80.251442535702,25.816111611274398],[-80.2510607606894,25.8160822746982],[-80.250938941052,25.8158060028492],[-80.2507461320493,25.815881933781803],[-80.2507079302936,25.815242086564595],[-80.250525318966,25.81521910508109],[-80.2504235802685,25.8148228175311],[-80.2503570618183,25.814970130233903],[-80.2502398703013,25.8148789803841],[-80.2501614294107,25.815102069185496],[-80.2503920476054,25.8152829557323],[-80.2502046500539,25.8153032718414],[-80.2501079311423,25.815496237909397],[-80.2500509042914,25.815018293677397],[-80.2495919433346,25.8149201634405],[-80.2490533637959,25.815006527563195],[-80.2497753388915,25.814738649620796],[-80.249619633005,25.814509287273495],[-80.2490308511166,25.814482146651596],[-80.2490360272092,25.814338127064],[-80.2486518222538,25.814474616304597],[-80.248639271891,25.814171987660295],[-80.2488079207041,25.814226504363795],[-80.2489819028151,25.8140755056086],[-80.2488268239526,25.813768877849796],[-80.2484800356254,25.8142108953563],[-80.24851690158631,25.814374366087904],[-80.2481200654197,25.814282513043196],[-80.2478828589807,25.813961294901496],[-80.2479023137948,25.814106175376295],[-80.2477747664992,25.8140966055297],[-80.2476926380244,25.8137593864177],[-80.2474624114951,25.8138856765036],[-80.246934187735,25.8138459859028],[-80.2467382400187,25.813996200536195],[-80.2466095168284,25.813821511333003],[-80.24680985820481,25.813872968978696],[-80.246728356754,25.813610267241597],[-80.24661453841091,25.813661099063097],[-80.246544803992,25.813506019807],[-80.246701215056,25.813266302357498],[-80.2458160816503,25.8133121908705],[-80.2461551848903,25.8129776381744],[-80.2460715661104,25.812615708156898],[-80.2489080118914,25.812416153079997],[-80.25104169933742,25.811860159558496],[-80.2515417645066,25.811603813711596],[-80.2561982096296,25.810915332700997],[-80.2566475235785,25.810617960393895],[-80.2578570116838,25.810289211406197],[-80.2586807272734,25.809600730034],[-80.2586824529371,25.809892689013402],[-80.25873092962311,25.809621673054895],[-80.2589733130531,25.8099544229273],[-80.25950875657311,25.809551389339404],[-80.2596871314458,25.8096725826062],[-80.25994763659,25.809599867146204],[-80.2599286533914,25.8094887146912],[-80.2605740686685,25.809577747456096],[-80.2607398949751,25.8094039202871],[-80.2611390065743,25.809389957169692],[-80.2617509272678,25.8096087305482],[-80.2618753358498,25.8095311523056],[-80.2618603546458,25.8097794196476],[-80.2620064126261,25.809855978762098],[-80.2623991686448,25.809992781282595],[-80.2626947377294,25.809891591603897],[-80.2629141377629,25.8101493491041],[-80.2633294082575,25.8101790793695],[-80.2634264388846,25.810337452770895],[-80.2627795324041,25.810401853542803],[-80.26298285169561,25.810676790706793],[-80.2635213539792,25.810584543385197],[-80.2636106977224,25.8103816934807],[-80.2639394478787,25.810404362936094],[-80.2642922764779,25.810688634886098],[-80.2642543891325,25.810908113475097],[-80.2644271180936,25.810863872961797],[-80.2650868893473,25.811260631477296],[-80.2650054678466,25.812074225856303],[-80.2655289862312,25.811994372770897],[-80.2655944841952,25.8122386400391],[-80.26579011750121,25.8123017054453],[-80.265920722662,25.812127330748496],[-80.2655714226453,25.8118091716957],[-80.2657130088121,25.8117210034801],[-80.2662369206589,25.812085913819097],[-80.2661707157207,25.8118596104585],[-80.26810684689792,25.813311463093726],[-80.26833637203919,25.816293682287167],[-80.26812662167647,25.817043127833163],[-80.26769150811228,25.817708420290383],[-80.26706647176213,25.818235365902932],[-80.26630242588955,25.818581039875195],[-80.2636410553891,25.8187369709032]],[[-80.26512046208441,25.817868936399496],[-80.2662543336023,25.817823519476697],[-80.2670427507912,25.817219362123197],[-80.2672099092993,25.8174555490886],[-80.2675363040729,25.817388325914997],[-80.2673103148969,25.8172370894037],[-80.2676619684997,25.817020905676596],[-80.2674158965872,25.816794523601196],[-80.2674517447569,25.816595596613098],[-80.2669068105359,25.816388196169896],[-80.2667599692246,25.81608776469309],[-80.2664228270069,25.8162059762143],[-80.2661963662154,25.816031287844204],[-80.2663294812691,25.815892838584396],[-80.2655279648468,25.815805689088197],[-80.264939418317,25.815912920077004],[-80.2648605866592,25.815749682746393],[-80.2647823002789,25.8159329223174],[-80.264139942867,25.815838870920796],[-80.2643878976483,25.8156634752375],[-80.2644007615232,25.815377320523798],[-80.2646924858184,25.815406657274597],[-80.2646418118533,25.815155016647594],[-80.2641819876155,25.8153007617432],[-80.263941955975,25.815041433698696],[-80.26382931532322,25.815596484750593],[-80.2637132997009,25.814803049617204],[-80.2631930763367,25.814466378369605],[-80.2633003836906,25.814232387459796],[-80.2628775835173,25.8144053519688],[-80.2628402459409,25.8150402562788],[-80.2626665764436,25.814369345851997],[-80.2624660796587,25.814367464072095],[-80.2622238525356,25.8147646135699],[-80.2624372131954,25.8146442851291],[-80.262393285578,25.814810737633803],[-80.2626368475976,25.8149876217199],[-80.2623981481586,25.815055003946302],[-80.2624243493205,25.8151761972431],[-80.2623096667981,25.814901101510397],[-80.2618838087595,25.814927536877605],[-80.2619544046628,25.815724501798798],[-80.262421917581,25.81589856471729],[-80.2622167935741,25.81595535539],[-80.2623178252975,25.816044072768992],[-80.2621612570283,25.816328893202293],[-80.2626049996258,25.816241197373408],[-80.2631995082741,25.816971957844096],[-80.2635997948698,25.816969368533098],[-80.263473583369,25.817158178645],[-80.2637873469314,25.8171646874927],[-80.2638056258508,25.816942385354],[-80.2636524289589,25.816843706016996],[-80.26385865160542,25.8167213378321],[-80.2639553705171,25.817173787263997],[-80.2648303852994,25.817134017708405],[-80.2648514076737,25.81738346187659],[-80.2647336663877,25.817326121196697],[-80.2645809420096,25.817515715130803],[-80.26476888843172,25.8176738523012],[-80.2650041338484,25.817373893103596],[-80.26512046208441,25.817868936399496]],[[-80.252910177162,25.8174761801988],[-80.2530717661153,25.817135901061597],[-80.2533666282259,25.817429899485894],[-80.2538338249372,25.817309020634905],[-80.2539007359511,25.817161865293897],[-80.2542217974269,25.817429428042296],[-80.2542128546983,25.817064989437405],[-80.2539069325299,25.8169448946088],[-80.2539314062315,25.8162568069219],[-80.2532741448707,25.816085804500588],[-80.2536051677647,25.815831967373],[-80.2533621573107,25.815578993354396],[-80.2532055881432,25.815585191762096],[-80.2531527177972,25.815751329992104],[-80.2530293297013,25.8156665352191],[-80.253021484714,25.815507298819693],[-80.2532402586216,25.8155183581117],[-80.2531545997677,25.815325862723],[-80.2527748648291,25.815424621765096],[-80.2527777681841,25.8160631353238],[-80.2525460504515,25.816139772051695],[-80.2529031155056,25.816193269747],[-80.2527886710367,25.8163706256422],[-80.252910177162,25.8174761801988]]]},"properties":{"FZONE":"AH"}},{"type":"Feature","geometry":{"type":"Polygon","coordinates":[[[-80.2275894100626,25.819840408197],[-80.227651142289,25.819695684334395],[-80.2271990067317,25.81974478791639],[-80.2269581118102,25.8195837472722],[-80.2270400839782,25.8193033975418],[-80.2268040534339,25.819356580865204],[-80.2269750549348,25.819415412498298],[-80.2267907978936,25.819491028982792],[-80.2268814747367,25.81974549385509],[-80.2266578382484,25.8197963238521],[-80.2267733822552,25.819577551499705],[-80.2266957255938,25.819172478112897],[-80.22682923321132,25.8190858008498],[-80.2265739059564,25.818718694779196],[-80.2278943907965,25.8185920111856],[-80.2279383175156,25.81896264817409],[-80.2281352848198,25.818961079411192],[-80.2282585148121,25.8188317283684],[-80.2280751201536,25.818737990601],[-80.2280890045146,25.8185418874261],[-80.2275235195349,25.818532317937997],[-80.22756509356621,25.818258713056494],[-80.2270771080426,25.818184273173696],[-80.2268779461542,25.8182482815294],[-80.2269805472344,25.8183654720017],[-80.2274665708374,25.81838712265429],[-80.2275000654211,25.81843873681059],[-80.2264223565748,25.818597032051095],[-80.2265626886935,25.818468230488605],[-80.2264767953793,25.818394025244398],[-80.2267835799303,25.8183355084754],[-80.2267412216697,25.8181008111747],[-80.2269661912579,25.818092731986695],[-80.2267529096498,25.8176355740636],[-80.2269389732031,25.817595726224],[-80.2268484517685,25.8173571847447],[-80.226681135157,25.8173982108695],[-80.2264816588582,25.8171344891532],[-80.2262335486683,25.817489908662996],[-80.2261816197567,25.817278664645002],[-80.2260409732276,25.8172964711644],[-80.2261198857338,25.817148609045095],[-80.2253189199787,25.8171008386647],[-80.2251930219899,25.8172161477292],[-80.2251345039357,25.817017690468496],[-80.2259098982479,25.816878691667796],[-80.2252686385773,25.816592850414395],[-80.2251409358731,25.816747145276093],[-80.2251784315531,25.816497152306493],[-80.2254198735486,25.8166163839438],[-80.2254937662689,25.816408825848796],[-80.2246606381317,25.816275241923005],[-80.2246931131276,25.8158971536028],[-80.2242721949248,25.815777136838904],[-80.2242002659217,25.8155123190074],[-80.224132412575,25.8156625339536],[-80.2239692551632,25.815609978920293],[-80.2238941865482,25.815258795221897],[-80.2238219422364,25.8154638428115],[-80.2235027627311,25.815385556778093],[-80.22337953094211,25.814792147140295],[-80.2235235506451,25.8146638961874],[-80.2232948925743,25.814545527862297],[-80.2231751911644,25.814325891043598],[-80.2233006202326,25.814165008000195],[-80.223093690612,25.813960274353903],[-80.223332467306,25.813927251303998],[-80.2232605365063,25.813828022790197],[-80.2234520905625,25.813624153845897],[-80.2235513975206,25.813667922678295],[-80.2234367149981,25.81384614278589],[-80.2236023050477,25.813805744580407],[-80.2238086848994,25.813426402203497],[-80.2231424826066,25.813299327208995],[-80.2237641302579,25.813237593420798],[-80.2238009980155,25.8131313053575],[-80.2236790993264,25.812972383361704],[-80.2231364423346,25.812976227025096],[-80.2232555158222,25.812733841466304],[-80.2230382322196,25.8127040350172],[-80.2230575280319,25.812828756575495],[-80.2228503648493,25.812669598038198],[-80.2232777940412,25.812543935003596],[-80.2259342156426,25.812517422279402],[-80.2262813183802,25.812525971693496],[-80.226462440301,25.8126766586548],[-80.2274028757922,25.8124225853633],[-80.2281786626682,25.81246329619289],[-80.2281594432127,25.812986109113197],[-80.2274826497827,25.8129209237074],[-80.2275363052563,25.8131930375837],[-80.2272871754786,25.8132216705153],[-80.2274229567321,25.813900267431798],[-80.2276494184219,25.813920426895],[-80.2274823380673,25.81405432643359],[-80.2275740353966,25.8143019656616],[-80.2277401734185,25.8139061497353],[-80.227545875009,25.813519432538396],[-80.227599528686,25.813173584783105],[-80.2279089803351,25.813375885666],[-80.2278562662959,25.813562733993894],[-80.2280457829731,25.813457701291],[-80.2281689357103,25.813645646055797],[-80.2279441215307,25.813850691586],[-80.2281763099805,25.813782604317698],[-80.2280303301535,25.813932506883088],[-80.2282060379282,25.814038715786104],[-80.2283037764277,25.815982026650897],[-80.2284078678129,25.815947669873704],[-80.22836841380571,25.815182708625795],[-80.2288417289424,25.815151723756802],[-80.2288401604839,25.814938990044997],[-80.2289593121248,25.8149916238169],[-80.2288871468648,25.8152325176185],[-80.229295669215,25.815378497131597],[-80.22912396074,25.815533262600503],[-80.2292966897011,25.815694851365496],[-80.2291936951589,25.816370938592993],[-80.2294186656454,25.816559042892496],[-80.2294037616965,25.816761185965802],[-80.2301295025297,25.816778599556496],[-80.2302144553078,25.816548295839404],[-80.2304362870807,25.816626109657395],[-80.2305170824556,25.816979489649704],[-80.23065772808641,25.816917912232697],[-80.231001380395,25.817153000839696],[-80.2315056029673,25.817219676689103],[-80.2315584724151,25.816405611432696],[-80.2317730098679,25.8167331830242],[-80.2320950127781,25.816605479207798],[-80.2322613089035,25.816733731292903],[-80.23237685201201,25.8176624018241],[-80.2321959672463,25.8184736427431],[-80.2323435155318,25.818603384751697],[-80.23240411069645,25.81972990593316],[-80.2275894100626,25.819840408197]]]},"properties":{"FZONE":"AH"}},{"type":"Feature","geometry":{"type":"Polygon","coordinates":[[[-80.23257889377653,25.819724571786573],[-80.232535069588,25.8188578491054],[-80.2327642747327,25.8189234266691],[-80.23276043174,25.8191815777298],[-80.2328341672551,25.81894068306549],[-80.2332099810475,25.818730146771394],[-80.2326735969913,25.8186648836626],[-80.2325664468426,25.818795175338092],[-80.2325942928197,25.8183577850245],[-80.2326535942049,25.818555928711692],[-80.2332544566372,25.818507138390597],[-80.2332995610476,25.818195332215698],[-80.2334427165713,25.8183032677967],[-80.2335781070576,25.8181326580977],[-80.2335177860846,25.8178850187927],[-80.2329707336362,25.817717388363402],[-80.233204645953,25.817710015099994],[-80.2332043315427,25.817474141589997],[-80.2326851277663,25.817065931518897],[-80.23262582638121,25.8172763106585],[-80.2327843565709,25.8175004971351],[-80.2326108442788,25.817627415596096],[-80.232538286455,25.818236435680195],[-80.232465491476,25.816776324808295],[-80.23257499610911,25.816660310167194],[-80.2334409900093,25.8165697899447],[-80.2335384149968,25.8167425957784],[-80.233419420561,25.8171693954701],[-80.2338656730515,25.8172151272096],[-80.2341304910073,25.817549287062395],[-80.2343239288307,25.817517440791104],[-80.2341821064069,25.8176268673316],[-80.234560822656,25.818057353692094],[-80.234554468872,25.8184649368814],[-80.2350365686338,25.8184402263333],[-80.2352118092845,25.8185778922744],[-80.234806736465,25.81871634163],[-80.2347974011726,25.818925780622905],[-80.2349992319557,25.8189324470585],[-80.235095636457,25.8194440431169],[-80.2349778960693,25.819543507090696],[-80.23534994058147,25.819639974958832],[-80.23257889377653,25.819724571786573]]]},"properties":{"FZONE":"AH"}},{"type":"Feature","geometry":{"type":"Polygon","coordinates":[[[-80.24481560272099,25.698716797960813],[-80.24626866393956,25.698640428584184],[-80.2458258059133,25.6993484286137],[-80.2459586847101,25.700601688502097],[-80.2463171646108,25.7012347117401],[-80.2472885829961,25.7022512356996],[-80.2476833790887,25.703342748602797],[-80.247617802073,25.703854188159298],[-80.2473107049083,25.704243493452804],[-80.2460987042151,25.704543846255504],[-80.246427296268,25.707432298193602],[-80.2478785416775,25.708624217344404],[-80.2480071076626,25.7089090382175],[-80.24787564011912,25.709274653184202],[-80.24799957708561,25.7093918460613],[-80.2489706819589,25.7097374596419],[-80.2504773884557,25.709891361680004],[-80.2516134572528,25.710180888504993],[-80.2522169867832,25.710550662203],[-80.25255530489561,25.71107120054699],[-80.252152821919,25.711885266494797],[-80.2516780146807,25.712375603945905],[-80.2502836380186,25.712885081637296],[-80.2491485106559,25.713076636001997],[-80.2491304688917,25.7134028749412],[-80.2499352794362,25.713988910110302],[-80.2500400768973,25.714676451294597],[-80.2492442099797,25.7161990776647],[-80.2479841251644,25.7155384446925],[-80.2478845828477,25.715635475476198],[-80.2479314901769,25.7161381302185],[-80.2489034592295,25.7166336444749],[-80.2481511264673,25.7177847742888],[-80.247905525272,25.717833878775995],[-80.2462128378669,25.717005614079998],[-80.2454814475289,25.717955620555095],[-80.2467769879502,25.719033328065],[-80.2469040636303,25.719284496775497],[-80.2418795715489,25.724669821433597],[-80.2408144139636,25.7255994327989],[-80.2400311737657,25.7258258926012],[-80.2392859017616,25.7268363765082],[-80.2386444848858,25.727332284007993],[-80.2379712999883,25.727706292676405],[-80.2372726990565,25.727797599333805],[-80.2359057767061,25.726909013208097],[-80.2353918289725,25.727126609855304],[-80.2348486985686,25.727780341816803],[-80.2341232721457,25.727382095088107],[-80.2335988904801,25.7276189092579],[-80.23351833226032,25.727838389377002],[-80.2337763248167,25.7285627178324],[-80.2335468052616,25.728765332942796],[-80.2330093243625,25.7288786027737],[-80.2328758948984,25.7290785492371],[-80.2329503373876,25.7293836082621],[-80.2332375099194,25.72945075425711],[-80.233533079004,25.7305172450675],[-80.2334029445604,25.7325662946538],[-80.2315263890847,25.734306677677594],[-80.2288815746151,25.7359681473189],[-80.2277248760075,25.7364335397053],[-80.2273980105166,25.736224807937898],[-80.2263974885127,25.7344568926939],[-80.2261722045142,25.7343236210799],[-80.2215611764153,25.736789743216498],[-80.2209492530269,25.737239370021292],[-80.220286110396,25.738324609492597],[-80.2184913680865,25.739571357558695],[-80.2165992798412,25.739583280855104],[-80.2158446725447,25.7387779220039],[-80.2143600879601,25.738341551513],[-80.21080849068652,25.740799831115996],[-80.2108105316588,25.741533730740297],[-80.2106025042969,25.741880598988292],[-80.2104249909085,25.7429928988512],[-80.2105706563251,25.7437707260155],[-80.2102044913372,25.7441037876614],[-80.2096575188388,25.744254474166596],[-80.2093669713366,25.744506976477496],[-80.2087846204873,25.7454922020116],[-80.2063526986552,25.7467811536972],[-80.2041994009866,25.747571765359996],[-80.2031043573501,25.7483167251265],[-80.2022799374813,25.7483637901524],[-80.2021974155443,25.7487902768574],[-80.20154807732442,25.7494587555331],[-80.20108974429,25.748921038544896],[-80.2007455422125,25.749206016965896],[-80.2012396452632,25.7497846017507],[-80.2005368096731,25.7506646361329],[-80.199888254784,25.751031586385896],[-80.198401631922,25.7526535213083],[-80.196753888129,25.7540886873215],[-80.1957658392328,25.754549531285598],[-80.1951806649786,25.753862697239395],[-80.1946518132961,25.754178738241198],[-80.1951929018294,25.7548138016021],[-80.1935302549858,25.7558029481758],[-80.1924626665595,25.7568451223097],[-80.1911400634919,25.75730565217939],[-80.1904478962941,25.757739512896404],[-80.1900609451889,25.7585079256378],[-80.1899854831118,25.759704238016205],[-80.18958182424052,25.759915401779097],[-80.1889471537125,25.7598699068304],[-80.1887164573644,25.763107265029497],[-80.1910504053383,25.763699655933404],[-80.191179756451,25.7638537931134],[-80.1907848022549,25.7642331363489],[-80.1890978389149,25.7639524736819],[-80.1887164573644,25.765698111742093],[-80.1883646465564,25.766111340577],[-80.1879393355919,25.766232846835102],[-80.1867314940985,25.7657054850047],[-80.1848785481451,25.763937883078697],[-80.1843992699916,25.763977809631196],[-80.1828436178882,25.7690099913441],[-80.1828598558353,25.769358662651904],[-80.1834033770064,25.7695404126084],[-80.186447379432,25.769361879152697],[-80.1882474559377,25.7694978182991],[-80.1888355317502,25.769787504118398],[-80.18898103996162,25.770204418960095],[-80.1873219234971,25.7708743092715],[-80.1871788461269,25.771068452715596],[-80.18517262602641,25.771799135738405],[-80.1851811761913,25.772686937158895],[-80.1855093756803,25.7740109511388],[-80.1855987203219,25.776165268454797],[-80.1855471058206,25.776658430815196],[-80.1852609510801,25.777110647331202],[-80.18452061981,25.7768452771634],[-80.1843705616317,25.777079975271],[-80.1849889169576,25.7773016524593],[-80.1841399425387,25.7774135089292],[-80.1824825526362,25.776815392930697],[-80.1829993237747,25.776419262530297],[-80.1833166994629,25.775785533811895],[-80.1834549906093,25.773964671250496],[-80.1831438923483,25.772277080309003],[-80.18211929010491,25.7708853694918],[-80.1817995608307,25.770068088270598],[-80.1818343112591,25.769049367701303],[-80.1821648625376,25.767361384073997],[-80.1831019257532,25.7651628257331],[-80.1844455502967,25.76344605451569],[-80.1852492639983,25.763072752158998],[-80.1864702837768,25.7630863226921],[-80.186889240059,25.762785419583],[-80.1868149556732,25.759624932983193],[-80.1870654203475,25.758466038527605],[-80.1874503322771,25.757597142018195],[-80.1885834195658,25.7562783826975],[-80.18926295824731,25.75578098511979],[-80.1921287421071,25.754690333776892],[-80.1941416295036,25.7533572989901],[-80.1962539810633,25.7523241464059],[-80.1971532341885,25.751485919240793],[-80.1982485922353,25.750033024908298],[-80.1987900742307,25.7495431583011],[-80.1992629186501,25.7487290928633],[-80.1991945182295,25.748262364221496],[-80.1986242488225,25.747785439566997],[-80.1982507104627,25.747657423615497],[-80.1970036467274,25.74750516929049],[-80.19261331918237,25.747481778272284],[-80.19632310545529,25.74479675284333],[-80.1993422237201,25.744887340351696],[-80.2041564938553,25.7457228209268],[-80.2052340436999,25.74562798562039],[-80.20621354422781,25.745253114154902],[-80.206999292522,25.74466268404],[-80.2075080641629,25.743973181692898],[-80.2084062985987,25.7422171906507],[-80.2091037999926,25.739857199143696],[-80.2096172788056,25.7390363090218],[-80.2117390429129,25.737651581186896],[-80.2143483999799,25.7366747476132],[-80.2152447515468,25.7361571130818],[-80.2156938292388,25.735629357139693],[-80.21669506083683,25.733375849285153],[-80.21703149193097,25.733642190080662],[-80.21847235799477,25.732347692529547],[-80.2194641995218,25.732203972829804],[-80.2202955220452,25.732407999507],[-80.2214664185259,25.733662592734397],[-80.2222917025741,25.7341325371036],[-80.2229036241658,25.7341643839149],[-80.22357971152,25.734004754874096],[-80.2246018056671,25.733385538182798],[-80.2253576679101,25.732406980685504],[-80.22583506319481,25.7312593806848],[-80.2259635501282,25.730479044714702],[-80.2258807164759,25.728864482894895],[-80.226126473978,25.7276412651567],[-80.22660302053781,25.72676143939821],[-80.22962025306529,25.724043803491192],[-80.230467113668,25.7242802819176],[-80.23119905108,25.7241739942799],[-80.2319269092423,25.7236205889029],[-80.2330318379401,25.7221455740072],[-80.2334835818319,25.721900286873094],[-80.2350850444215,25.721901776798603],[-80.2377147959404,25.722340187988795],[-80.2389540928418,25.7221834597915],[-80.2400047390419,25.721635625304003],[-80.2412345461406,25.719472051704],[-80.2425823280872,25.717980564076598],[-80.2434233784669,25.7164449924628],[-80.2440633813945,25.7157898498265],[-80.24559158008441,25.714844237015303],[-80.2460630132506,25.713632550884796],[-80.2462238970264,25.712179265085197],[-80.2461149412639,25.710965931442896],[-80.24546694902354,25.709516523972873],[-80.24597656088518,25.70891152472393],[-80.24586214003361,25.70746650127779],[-80.24414902958496,25.704501427098783],[-80.2438523743207,25.7027520067686],[-80.24329630099021,25.7014784298807],[-80.2432097797536,25.700796145074598],[-80.24335512243513,25.699608822707475],[-80.24378989694745,25.699211058758053],[-80.24481560272099,25.698716797960813]]]},"properties":{"FZONE":"VE"}},{"type":"Feature","geometry":{"type":"Polygon","coordinates":[[[-80.2054305402868,25.740563957571798],[-80.2049512621333,25.740887136874992],[-80.20427840416933,25.740817852215955],[-80.20553595454443,25.7402371925835],[-80.2054305402868,25.740563957571798]]]},"properties":{"FZONE":"VE"}},{"type":"Feature","geometry":{"type":"Polygon","coordinates":[[[-80.1863827420541,25.79293324164159],[-80.1865609642132,25.793038823930498],[-80.1865392348648,25.793514178836],[-80.1869399921776,25.793532536494205],[-80.1870214927301,25.7941151199161],[-80.1862108000171,25.794132378308294],[-80.186028266843,25.794289652954898],[-80.1860478770656,25.7954774923201],[-80.187032082969,25.7956966585782],[-80.1873807550634,25.7962191572553],[-80.1875710550715,25.796271792872705],[-80.1872290493748,25.796345055977493],[-80.1871321741563,25.797312161436604],[-80.1875467376767,25.7973283978636],[-80.1871941435378,25.79821808273],[-80.1853861438913,25.798268519190596],[-80.1853807315418,25.798785449414996],[-80.1869038313942,25.7988041192541],[-80.1867171390203,25.7991808742647],[-80.1863191278572,25.7991913851132],[-80.1863043011635,25.798877697025894],[-80.185381202259,25.798909545072704],[-80.1853807315418,25.8006724405719],[-80.1858829930919,25.800662319679695],[-80.185874442927,25.800348475349395],[-80.1863041448566,25.800339768964403],[-80.1861020014598,25.8013741776506],[-80.1857879998438,25.801374490641],[-80.1857847847734,25.8017653648676],[-80.1853950875183,25.801774228855695],[-80.1853680239738,25.8023589327623],[-80.1860990208497,25.802304729247105],[-80.1863890976347,25.802981678996705],[-80.185407794188,25.803003643020794],[-80.185393909827,25.8032434386567],[-80.18658222104781,25.803207668536892],[-80.1867925211474,25.803805786480996],[-80.1867476538922,25.803975299131693],[-80.18578305821141,25.8040132639475],[-80.1857689393901,25.80441260830119],[-80.1853911645755,25.804474734882998],[-80.18539367536671,25.805417837125095],[-80.1861308688215,25.8054519591888],[-80.1861251429598,25.805934453110694],[-80.1853819083348,25.805952495866997],[-80.185398853256,25.8075359938017],[-80.1859886538339,25.807536072247398],[-80.1854237186231,25.808317898453],[-80.1853930474443,25.808694966919703],[-80.18610364986831,25.810075302005696],[-80.1859239400991,25.810342866205595],[-80.1853281756061,25.8104631965899],[-80.1838763022742,25.810089891785797],[-80.1833232113504,25.809646619966998],[-80.1830147783909,25.809134318449104],[-80.1836085818616,25.809098628552395],[-80.18383959082351,25.808868480540795],[-80.1840231444838,25.8065523370986],[-80.1838120583583,25.8037064006805],[-80.183962744459,25.800782101038592],[-80.1838422588199,25.796401534122495],[-80.1835022922989,25.794792228055197],[-80.18374051832572,25.7921515727673],[-80.1846007872626,25.7918984414264],[-80.1855271820859,25.79196731288809],[-80.18639356854992,25.792496714306594],[-80.186526448245,25.7927013685676],[-80.1863827420541,25.79293324164159]]]},"properties":{"FZONE":"VE"}},{"type":"Feature","geometry":{"type":"Polygon","coordinates":[[[-80.17968923478772,25.773650443648158],[-80.180184530087,25.773992517653593],[-80.1804093433684,25.7742895749377],[-80.17972083473788,25.774247882085216],[-80.17968923478772,25.773650443648158]]]},"properties":{"FZONE":"VE"}},{"type":"Feature","geometry":{"type":"Polygon","coordinates":[[[-80.1806350199307,25.8119664503798],[-80.17966959790593,25.811972009053672],[-80.17969624468833,25.81127120936645],[-80.1806350199307,25.8119664503798]]]},"properties":{"FZONE":"VE"}},{"type":"Feature","geometry":{"type":"Polygon","coordinates":[[[-80.1857981202638,25.8135244544276],[-80.1854391705443,25.813554497612895],[-80.1855328297941,25.814157243117595],[-80.1853543758696,25.8144706158075],[-80.18163810181733,25.817515340429022],[-80.18055050771432,25.816712628420767],[-80.1834447947308,25.814098803505395],[-80.1840280079628,25.813133187157],[-80.1838021750936,25.8127137610521],[-80.1848016766113,25.812454276928204],[-80.1853840265622,25.812481888669392],[-80.1858948373789,25.8130745141393],[-80.1857981202638,25.8135244544276]]]},"properties":{"FZONE":"VE"}}]}