{"type":"FeatureCollection","features":[{"type":"Feature","geometry":{"type":"Point","coordinates":[-80.254825039,25.757224282]},"properties":{"year":2019,"ped":0,"fatal":0}},{"type":"Feature","geometry":{"type":"Point","coordinates":[-80.299310114,25.812559143]},"properties":{"year":2019,"ped":0,"fatal":0}},{"type":"Feature","geometry":{"type":"Point","coordinates":[-80.19309727,25.785626709]},"properties":{"year":2019,"ped":0,"fatal":1}},{"type":"Feature","geometry":{"type":"Point","coordinates":[-80.276957017,25.787451011]},"properties":{"year":2019,"ped":0,"fatal":0}},{"type":"Feature","geometry":{"type":"Point","coordinates":[-80.205403165,25.8135376820001]},"properties":{"year":2019,"ped":0,"fatal":0}},{"type":"Feature","geometry":{"type":"Point","coordinates":[-80.205805886,25.7670002140001]},"properties":{"year":2019,"ped":0,"fatal":0}},{"type":"Feature","geometry":{"type":"Point","coordinates":[-80.18888464,25.7800606210001]},"properties":{"year":2019,"ped":0,"fatal":0}},{"type":"Feature","geometry":{"type":"Point","coordinates":[-80.240738354,25.8249340400001]},"properties":{"year":2019,"ped":0,"fatal":0}},{"type":"Feature","geometry":{"type":"Point","coordinates":[-80.268443597,25.783387621]},"properties":{"year":2019,"ped":0,"fatal":0}},{"type":"Feature","geometry":{"type":"Point","coordinates":[-80.3182426129999,25.7680650570001]},"properties":{"year":2019,"ped":1,"fatal":0}},{"type":"Feature","geometry":{"type":"Point","coordinates":[-80.317122374,25.731724935]},"properties":{"year":2019,"ped":0,"fatal":0}},{"type":"Feature","geometry":{"type":"Point","coordinates":[-80.2060719949999,25.8190469210001]},"properties":{"year":2019,"ped":1,"fatal":0}},{"type":"Feature","geometry":{"type":"Point","coordinates":[-80.205894464,25.812609153]},"properties":{"year":2019,"ped":0,"fatal":1}},{"type":"Feature","geometry":{"type":"Point","coordinates":[-80.2934665719999,25.701242403]},"properties":{"year":2019,"ped":0,"fatal":0}},{"type":"Feature","geometry":{"type":"Point","coordinates":[-80.320239272,25.7822619230001]},"properties":{"year":2019,"ped":0,"fatal":0}},{"type":"Feature","geometry":{"type":"Point","coordinates":[-80.230512268,25.8093828840001]},"properties":{"year":2019,"ped":1,"fatal":1}},{"type":"Feature","geometry":{"type":"Point","coordinates":[-80.3123609049999,25.773574895]},"properties":{"year":2019,"ped":1,"fatal":0}},{"type":"Feature","geometry":{"type":"Point","coordinates":[-80.255342871,25.7646650360001]},"properties":{"year":2019,"ped":1,"fatal":0}},{"type":"Feature","geometry":{"type":"Point","coordinates":[-80.321475872,25.7945435500001]},"properties":{"year":2019,"ped":0,"fatal":1}},{"type":"Feature","geometry":{"type":"Point","coordinates":[-80.253747323,25.7327095540001]},"properties":{"year":2019,"ped":1,"fatal":1}},{"type":"Feature","geometry":{"type":"Point","coordinates":[-80.214548044,25.7703576640001]},"properties":{"year":2019,"ped":0,"fatal":0}},{"type":"Feature","geometry":{"type":"Point","coordinates":[-80.332227368,25.789581361]},"properties":{"year":2019,"ped":0,"fatal":0}},{"type":"Feature","geometry":{"type":"Point","coordinates":[-80.215401862,25.8033067650001]},"properties":{"year":2019,"ped":0,"fatal":0}},{"type":"Feature","geometry":{"type":"Point","coordinates":[-80.1877266,25.81890206]},"properties":{"year":2019,"ped":1,"fatal":1}},{"type":"Feature","geometry":{"type":"Point","coordinates":[-80.211734114,25.7726000530001]},"properties":{"year":2019,"ped":1,"fatal":0}},{"type":"Feature","geometry":{"type":"Point","coordinates":[-80.321839181,25.824017552]},"properties":{"year":2019,"ped":0,"fatal":0}},{"type":"Feature","geometry":{"type":"Point","coordinates":[-80.237848527,25.740058902]},"properties":{"year":2019,"ped":0,"fatal":0}},{"type":"Feature","geometry":{"type":"Point","coordinates":[-80.18897455,25.792962717]},"properties":{"year":2019,"ped":0,"fatal":0}},{"type":"Feature","geometry":{"type":"Point","coordinates":[-80.332724771,25.7167877810001]},"properties":{"year":2019,"ped":0,"fatal":1}},{"type":"Feature","geometry":{"type":"Point","coordinates":[-80.204940236,25.791522018]},"properties":{"year":2019,"ped":0,"fatal":0}},{"type":"Feature","geometry":{"type":"Point","coordinates":[-80.211095493,25.809954803]},"properties":{"year":2019,"ped":1,"fatal":0}},{"type":"Feature","geometry":{"type":"Point","coordinates":[-80.25597902,25.8086254850001]},"properties":{"year":2019,"ped":0,"fatal":0}},{"type":"Feature","geometry":{"type":"Point","coordinates":[-80.2024679469999,25.7865212990001]},"properties":{"year":2019,"ped":0,"fatal":0}},{"type":"Feature","geometry":{"type":"Point","coordinates":[-80.194524099,25.811413933]},"properties":{"year":2019,"ped":0,"fatal":0}},{"type":"Feature","geometry":{"type":"Point","coordinates":[-80.3331627599999,25.6881332470001]},"properties":{"year":2019,"ped":0,"fatal":0}},{"type":"Feature","geometry":{"type":"Point","coordinates":[-80.1959349969999,25.825260799]},"properties":{"year":2019,"ped":0,"fatal":0}},{"type":"Feature","geometry":{"type":"Point","coordinates":[-80.18682054,25.786843569]},"properties":{"year":2019,"ped":0,"fatal":0}},{"type":"Feature","geometry":{"type":"Point","coordinates":[-80.185892521,25.8107485030001]},"properties":{"year":2019,"ped":0,"fatal":0}},{"type":"Feature","geometry":{"type":"Point","coordinates":[-80.262854599,25.7534689290001]},"properties":{"year":2019,"ped":0,"fatal":0}},{"type":"Feature","geometry":{"type":"Point","coordinates":[-80.3204160619999,25.7797437040001]},"properties":{"year":2019,"ped":0,"fatal":0}},{"type":"Feature","geometry":{"type":"Point","coordinates":[-80.3207032729999,25.7648072280001]},"properties":{"year":2019,"ped":0,"fatal":0}},{"type":"Feature","geometry":{"type":"Point","coordinates":[-80.1998901979999,25.7646995540001]},"properties":{"year":2019,"ped":0,"fatal":0}},{"type":"Feature","geometry":{"type":"Point","coordinates":[-80.2417574039999,25.8123008530001]},"properties":{"year":2019,"ped":0,"fatal":0}},{"type":"Feature","geometry":{"type":"Point","coordinates":[-80.207394554,25.8066860640001]},"properties":{"year":2019,"ped":1,"fatal":1}},{"type":"Feature","geometry":{"type":"Point","coordinates":[-80.201784297,25.788750619]},"properties":{"year":2019,"ped":0,"fatal":0}},{"type":"Feature","geometry":{"type":"Point","coordinates":[-80.319682163,25.7447956730001]},"properties":{"year":2019,"ped":0,"fatal":0}},{"type":"Feature","geometry":{"type":"Point","coordinates":[-80.273806967,25.716913708]},"properties":{"year":2019,"ped":0,"fatal":0}},{"type":"Feature","geometry":{"type":"Point","coordinates":[-80.222512136,25.779599746]},"properties":{"year":2019,"ped":1,"fatal":1}},{"type":"Feature","geometry":{"type":"Point","coordinates":[-80.313144563,25.8093664360001]},"properties":{"year":2019,"ped":0,"fatal":1}},{"type":"Feature","geometry":{"type":"Point","coordinates":[-80.3001264,25.689090956]},"properties":{"year":2019,"ped":1,"fatal":0}},{"type":"Feature","geometry":{"type":"Point","coordinates":[-80.2480342429999,25.808850335]},"properties":{"year":2019,"ped":0,"fatal":0}},{"type":"Feature","geometry":{"type":"Point","coordinates":[-80.263764599,25.775151673]},"properties":{"year":2019,"ped":1,"fatal":0}},{"type":"Feature","geometry":{"type":"Point","coordinates":[-80.1891007999999,25.7889088580001]},"properties":{"year":2019,"ped":1,"fatal":1}},{"type":"Feature","geometry":{"type":"Point","coordinates":[-80.200647147,25.78333959]},"properties":{"year":2019,"ped":0,"fatal":0}},{"type":"Feature","geometry":{"type":"Point","coordinates":[-80.291812931,25.7634244070001]},"properties":{"year":2019,"ped":0,"fatal":0}},{"type":"Feature","geometry":{"type":"Point","coordinates":[-80.26268498,25.7484236600001]},"properties":{"year":2019,"ped":1,"fatal":0}},{"type":"Feature","geometry":{"type":"Point","coordinates":[-80.284623913,25.734079024]},"properties":{"year":2019,"ped":0,"fatal":0}},{"type":"Feature","geometry":{"type":"Point","coordinates":[-80.3143879529999,25.7896880910001]},"properties":{"year":2019,"ped":0,"fatal":0}},{"type":"Feature","geometry":{"type":"Point","coordinates":[-80.317587064,25.7626156380001]},"properties":{"year":2019,"ped":0,"fatal":0}},{"type":"Feature","geometry":{"type":"Point","coordinates":[-80.224663729,25.8121994530001]},"properties":{"year":2019,"ped":0,"fatal":0}},{"type":"Feature","geometry":{"type":"Point","coordinates":[-80.1856624009999,25.811444663]},"properties":{"year":2019,"ped":0,"fatal":0}},{"type":"Feature","geometry":{"type":"Point","coordinates":[-80.25820182,25.809767004]},"properties":{"year":2019,"ped":0,"fatal":0}},{"type":"Feature","geometry":{"type":"Point","coordinates":[-80.204888836,25.791384168]},"properties":{"year":2019,"ped":0,"fatal":0}},{"type":"Feature","geometry":{"type":"Point","coordinates":[-80.333361299,25.7811862830001]},"properties":{"year":2019,"ped":0,"fatal":0}},{"type":"Feature","geometry":{"type":"Point","coordinates":[-80.272322848,25.7181264280001]},"properties":{"year":2019,"ped":0,"fatal":0}},{"type":"Feature","geometry":{"type":"Point","coordinates":[-80.256577307,25.764548539]},"properties":{"year":2019,"ped":0,"fatal":0}},{"type":"Feature","geometry":{"type":"Point","coordinates":[-80.207757294,25.788476179]},"properties":{"year":2019,"ped":0,"fatal":0}},{"type":"Feature","geometry":{"type":"Point","coordinates":[-80.272091396,25.778711152]},"properties":{"year":2019,"ped":0,"fatal":0}},{"type":"Feature","geometry":{"type":"Point","coordinates":[-80.271102877,25.734477154]},"properties":{"year":2019,"ped":0,"fatal":0}},{"type":"Feature","geometry":{"type":"Point","coordinates":[-80.275180248,25.753123787]},"properties":{"year":2019,"ped":0,"fatal":0}},{"type":"Feature","geometry":{"type":"Point","coordinates":[-80.205793995,25.809804623]},"properties":{"year":2019,"ped":0,"fatal":0}},{"type":"Feature","geometry":{"type":"Point","coordinates":[-80.2996832169999,25.8073941760001]},"properties":{"year":2019,"ped":0,"fatal":0}},{"type":"Feature","geometry":{"type":"Point","coordinates":[-80.229964609,25.74643049]},"properties":{"year":2019,"ped":0,"fatal":0}},{"type":"Feature","geometry":{"type":"Point","coordinates":[-80.254384602,25.745020321]},"properties":{"year":2019,"ped":0,"fatal":0}},{"type":"Feature","geometry":{"type":"Point","coordinates":[-80.2402266139999,25.810968384]},"properties":{"year":2019,"ped":0,"fatal":1}},{"type":"Feature","geometry":{"type":"Point","coordinates":[-80.257946722,25.729199825]},"properties":{"year":2019,"ped":0,"fatal":1}},{"type":"Feature","geometry":{"type":"Point","coordinates":[-80.25891459,25.758200307]},"properties":{"year":2019,"ped":0,"fatal":0}},{"type":"Feature","geometry":{"type":"Point","coordinates":[-80.273856257,25.7343223140001]},"properties":{"year":2019,"ped":0,"fatal":0}},{"type":"Feature","geometry":{"type":"Point","coordinates":[-80.204793716,25.772819563]},"properties":{"year":2019,"ped":1,"fatal":0}},{"type":"Feature","geometry":{"type":"Point","coordinates":[-80.264563048,25.8107495740001]},"properties":{"year":2019,"ped":0,"fatal":0}},{"type":"Feature","geometry":{"type":"Point","coordinates":[-80.1874882709999,25.7895644880001]},"properties":{"year":2019,"ped":0,"fatal":0}},{"type":"Feature","geometry":{"type":"Point","coordinates":[-80.199713447,25.810320324]},"properties":{"year":2019,"ped":1,"fatal":0}},{"type":"Feature","geometry":{"type":"Point","coordinates":[-80.273595315,25.730423015]},"properties":{"year":2019,"ped":0,"fatal":0}},{"type":"Feature","geometry":{"type":"Point","coordinates":[-80.283684292,25.8077147160001]},"properties":{"year":2019,"ped":0,"fatal":0}},{"type":"Feature","geometry":{"type":"Point","coordinates":[-80.232966317,25.805588545]},"properties":{"year":2019,"ped":0,"fatal":0}},{"type":"Feature","geometry":{"type":"Point","coordinates":[-80.303164178,25.743225393]},"properties":{"year":2019,"ped":0,"fatal":0}},{"type":"Feature","geometry":{"type":"Point","coordinates":[-80.3357288289999,25.7303561570001]},"properties":{"year":2019,"ped":0,"fatal":0}},{"type":"Feature","geometry":{"type":"Point","coordinates":[-80.215677672,25.8098880640001]},"properties":{"year":2019,"ped":0,"fatal":0}},{"type":"Feature","geometry":{"type":"Point","coordinates":[-80.231667467,25.8093430540001]},"properties":{"year":2019,"ped":1,"fatal":0}},{"type":"Feature","geometry":{"type":"Point","coordinates":[-80.305670087,25.763029477]},"properties":{"year":2019,"ped":1,"fatal":0}},{"type":"Feature","geometry":{"type":"Point","coordinates":[-80.239275565,25.779554842]},"properties":{"year":2019,"ped":1,"fatal":0}},{"type":"Feature","geometry":{"type":"Point","coordinates":[-80.215993351,25.8246693300001]},"properties":{"year":2019,"ped":1,"fatal":1}},{"type":"Feature","geometry":{"type":"Point","coordinates":[-80.274454216,25.7713403440001]},"properties":{"year":2019,"ped":1,"fatal":1}},{"type":"Feature","geometry":{"type":"Point","coordinates":[-80.194921516,25.798123294]},"properties":{"year":2019,"ped":0,"fatal":0}},{"type":"Feature","geometry":{"type":"Point","coordinates":[-80.2161342969999,25.7667136810001]},"properties":{"year":2019,"ped":0,"fatal":0}},{"type":"Feature","geometry":{"type":"Point","coordinates":[-80.2319328359999,25.791385672]},"properties":{"year":2019,"ped":0,"fatal":0}},{"type":"Feature","geometry":{"type":"Point","coordinates":[-80.198966673,25.796747952]},"properties":{"year":2019,"ped":1,"fatal":1}},{"type":"Feature","geometry":{"type":"Point","coordinates":[-80.202972949,25.8037400360001]},"properties":{"year":2019,"ped":0,"fatal":0}},{"type":"Feature","geometry":{"type":"Point","coordinates":[-80.262013253,25.7629663540001]},"properties":{"year":2019,"ped":0,"fatal":0}},{"type":"Feature","geometry":{"type":"Point","coordinates":[-80.1904121759999,25.779110282]},"properties":{"year":2019,"ped":0,"fatal":0}},{"type":"Feature","geometry":{"type":"Point","coordinates":[-80.319968326,25.7827122370001]},"properties":{"year":2019,"ped":0,"fatal":0}},{"type":"Feature","geometry":{"type":"Point","coordinates":[-80.254531484,25.7488358050001]},"properties":{"year":2019,"ped":0,"fatal":0}},{"type":"Feature","geometry":{"type":"Point","coordinates":[-80.316509922,25.8092606160001]},"properties":{"year":2019,"ped":0,"fatal":0}},{"type":"Feature","geometry":{"type":"Point","coordinates":[-80.234491976,25.809268634]},"properties":{"year":2019,"ped":1,"fatal":0}},{"type":"Feature","geometry":{"type":"Point","coordinates":[-80.1834765309999,25.7897619980001]},"properties":{"year":2019,"ped":0,"fatal":0}},{"type":"Feature","geometry":{"type":"Point","coordinates":[-80.288006152,25.770785985]},"properties":{"year":2019,"ped":0,"fatal":0}},{"type":"Feature","geometry":{"type":"Point","coordinates":[-80.1996841169999,25.7815700100001]},"properties":{"year":2021,"ped":0,"fatal":0}},{"type":"Feature","geometry":{"type":"Point","coordinates":[-80.18912682,25.800294606]},"properties":{"year":2021,"ped":1,"fatal":1}},{"type":"Feature","geometry":{"type":"Point","coordinates":[-80.2069691149999,25.792309808]},"properties":{"year":2021,"ped":0,"fatal":1}},{"type":"Feature","geometry":{"type":"Point","coordinates":[-80.2659622,25.723278427]},"properties":{"year":2021,"ped":0,"fatal":0}},{"type":"Feature","geometry":{"type":"Point","coordinates":[-80.275350696,25.7342255240001]},"properties":{"year":2021,"ped":0,"fatal":0}},{"type":"Feature","geometry":{"type":"Point","coordinates":[-80.195247019,25.7615383150001]},"properties":{"year":2021,"ped":0,"fatal":0}},{"type":"Feature","geometry":{"type":"Point","coordinates":[-80.306902588,25.689985436]},"properties":{"year":2021,"ped":0,"fatal":0}},{"type":"Feature","geometry":{"type":"Point","coordinates":[-80.2380536209999,25.794347336]},"properties":{"year":2021,"ped":0,"fatal":0}},{"type":"Feature","geometry":{"type":"Point","coordinates":[-80.18897222,25.793353908]},"properties":{"year":2021,"ped":1,"fatal":0}},{"type":"Feature","geometry":{"type":"Point","coordinates":[-80.2558571009999,25.7864057100001]},"properties":{"year":2021,"ped":0,"fatal":1}},{"type":"Feature","geometry":{"type":"Point","coordinates":[-80.231441654,25.7935442680001]},"properties":{"year":2021,"ped":0,"fatal":0}},{"type":"Feature","geometry":{"type":"Point","coordinates":[-80.272667597,25.7714122150001]},"properties":{"year":2021,"ped":0,"fatal":0}},{"type":"Feature","geometry":{"type":"Point","coordinates":[-80.289412391,25.807484806]},"properties":{"year":2021,"ped":0,"fatal":0}},{"type":"Feature","geometry":{"type":"Point","coordinates":[-80.313301587,25.688583436]},"properties":{"year":2021,"ped":1,"fatal":1}},{"type":"Feature","geometry":{"type":"Point","coordinates":[-80.2052867149999,25.8122956030001]},"properties":{"year":2021,"ped":0,"fatal":0}},{"type":"Feature","geometry":{"type":"Point","coordinates":[-80.18905862,25.7899063090001]},"properties":{"year":2021,"ped":1,"fatal":0}},{"type":"Feature","geometry":{"type":"Point","coordinates":[-80.1890317199999,25.796367807]},"properties":{"year":2021,"ped":1,"fatal":0}},{"type":"Feature","geometry":{"type":"Point","coordinates":[-80.231899508,25.812038504]},"properties":{"year":2021,"ped":0,"fatal":1}},{"type":"Feature","geometry":{"type":"Point","coordinates":[-80.324606481,25.769730816]},"properties":{"year":2021,"ped":0,"fatal":1}},{"type":"Feature","geometry":{"type":"Point","coordinates":[-80.3279570829999,25.7360168120001]},"properties":{"year":2021,"ped":0,"fatal":0}},{"type":"Feature","geometry":{"type":"Point","coordinates":[-80.225040623,25.793787423]},"properties":{"year":2021,"ped":1,"fatal":0}},{"type":"Feature","geometry":{"type":"Point","coordinates":[-80.256222301,25.8085990050001]},"properties":{"year":2021,"ped":0,"fatal":0}},{"type":"Feature","geometry":{"type":"Point","coordinates":[-80.255336601,25.7718255140001]},"properties":{"year":2021,"ped":0,"fatal":0}},{"type":"Feature","geometry":{"type":"Point","coordinates":[-80.240097205,25.807087505]},"properties":{"year":2021,"ped":1,"fatal":1}},{"type":"Feature","geometry":{"type":"Point","coordinates":[-80.208219113,25.826259399]},"properties":{"year":2021,"ped":1,"fatal":0}},{"type":"Feature","geometry":{"type":"Point","coordinates":[-80.2374972059999,25.772368914]},"properties":{"year":2021,"ped":1,"fatal":1}},{"type":"Feature","geometry":{"type":"Point","coordinates":[-80.2555403,25.8106722040001]},"properties":{"year":2021,"ped":0,"fatal":0}},{"type":"Feature","geometry":{"type":"Point","coordinates":[-80.207160114,25.8121794030001]},"properties":{"year":2021,"ped":0,"fatal":1}},{"type":"Feature","geometry":{"type":"Point","coordinates":[-80.248095303,25.8088432050001]},"properties":{"year":2021,"ped":0,"fatal":1}},{"type":"Feature","geometry":{"type":"Point","coordinates":[-80.198702618,25.7738350120001]},"properties":{"year":2021,"ped":0,"fatal":0}},{"type":"Feature","geometry":{"type":"Point","coordinates":[-80.205889215,25.810880404]},"properties":{"year":2021,"ped":0,"fatal":1}},{"type":"Feature","geometry":{"type":"Point","coordinates":[-80.1959375179999,25.8252763990001]},"properties":{"year":2021,"ped":0,"fatal":0}},{"type":"Feature","geometry":{"type":"Point","coordinates":[-80.2287460699999,25.794584641]},"properties":{"year":2021,"ped":0,"fatal":0}},{"type":"Feature","geometry":{"type":"Point","coordinates":[-80.3356912789999,25.749711222]},"properties":{"year":2021,"ped":0,"fatal":0}},{"type":"Feature","geometry":{"type":"Point","coordinates":[-80.321229081,25.7969513090001]},"properties":{"year":2021,"ped":0,"fatal":0}},{"type":"Feature","geometry":{"type":"Point","coordinates":[-80.273108714,25.7935217630001]},"properties":{"year":2021,"ped":0,"fatal":0}},{"type":"Feature","geometry":{"type":"Point","coordinates":[-80.2817686939999,25.771039715]},"properties":{"year":2021,"ped":0,"fatal":0}},{"type":"Feature","geometry":{"type":"Point","coordinates":[-80.197773119,25.761460415]},"properties":{"year":2021,"ped":1,"fatal":0}},{"type":"Feature","geometry":{"type":"Point","coordinates":[-80.217903212,25.7724186130001]},"properties":{"year":2021,"ped":1,"fatal":0}},{"type":"Feature","geometry":{"type":"Point","coordinates":[-80.27113481,25.7196842010001]},"properties":{"year":2021,"ped":0,"fatal":0}},{"type":"Feature","geometry":{"type":"Point","coordinates":[-80.321135081,25.7885304110001]},"properties":{"year":2021,"ped":0,"fatal":0}},{"type":"Feature","geometry":{"type":"Point","coordinates":[-80.240860004,25.827483199]},"properties":{"year":2021,"ped":1,"fatal":1}},{"type":"Feature","geometry":{"type":"Point","coordinates":[-80.320671782,25.796916809]},"properties":{"year":2021,"ped":0,"fatal":0}},{"type":"Feature","geometry":{"type":"Point","coordinates":[-80.2848023929999,25.7709190150001]},"properties":{"year":2021,"ped":1,"fatal":0}},{"type":"Feature","geometry":{"type":"Point","coordinates":[-80.196177445,25.8270249550001]},"properties":{"year":2021,"ped":1,"fatal":1}},{"type":"Feature","geometry":{"type":"Point","coordinates":[-80.1890509199999,25.7973387070001]},"properties":{"year":2021,"ped":0,"fatal":0}},{"type":"Feature","geometry":{"type":"Point","coordinates":[-80.275409284,25.748785701]},"properties":{"year":2021,"ped":0,"fatal":0}},{"type":"Feature","geometry":{"type":"Point","coordinates":[-80.298527489,25.733508525]},"properties":{"year":2021,"ped":0,"fatal":0}},{"type":"Feature","geometry":{"type":"Point","coordinates":[-80.1987879339999,25.787999174]},"properties":{"year":2021,"ped":0,"fatal":0}},{"type":"Feature","geometry":{"type":"Point","coordinates":[-80.2729389949999,25.8170603030001]},"properties":{"year":2021,"ped":0,"fatal":1}},{"type":"Feature","geometry":{"type":"Point","coordinates":[-80.2214260119999,25.772310013]},"properties":{"year":2021,"ped":1,"fatal":0}},{"type":"Feature","geometry":{"type":"Point","coordinates":[-80.22617171,25.7655277150001]},"properties":{"year":2021,"ped":0,"fatal":0}},{"type":"Feature","geometry":{"type":"Point","coordinates":[-80.272742761,25.7269306370001]},"properties":{"year":2021,"ped":0,"fatal":0}},{"type":"Feature","geometry":{"type":"Point","coordinates":[-80.254422602,25.771843615]},"properties":{"year":2021,"ped":0,"fatal":0}},{"type":"Feature","geometry":{"type":"Point","coordinates":[-80.253989502,25.7325171250001]},"properties":{"year":2021,"ped":0,"fatal":1}},{"type":"Feature","geometry":{"type":"Point","coordinates":[-80.18914732,25.8009175060001]},"properties":{"year":2021,"ped":1,"fatal":0}},{"type":"Feature","geometry":{"type":"Point","coordinates":[-80.202702716,25.7870413090001]},"properties":{"year":2021,"ped":0,"fatal":0}},{"type":"Feature","geometry":{"type":"Point","coordinates":[-80.215457713,25.803349805]},"properties":{"year":2021,"ped":0,"fatal":0}},{"type":"Feature","geometry":{"type":"Point","coordinates":[-80.3005472689999,25.8069401930001]},"properties":{"year":2021,"ped":0,"fatal":0}},{"type":"Feature","geometry":{"type":"Point","coordinates":[-80.276068209,25.77763795]},"properties":{"year":2021,"ped":0,"fatal":0}},{"type":"Feature","geometry":{"type":"Point","coordinates":[-80.227741271,25.7946243590001]},"properties":{"year":2021,"ped":0,"fatal":0}},{"type":"Feature","geometry":{"type":"Point","coordinates":[-80.1992426369999,25.805258703]},"properties":{"year":2021,"ped":0,"fatal":0}},{"type":"Feature","geometry":{"type":"Point","coordinates":[-80.308406018,25.6887185350001]},"properties":{"year":2021,"ped":0,"fatal":0}},{"type":"Feature","geometry":{"type":"Point","coordinates":[-80.251904871,25.744911744]},"properties":{"year":2021,"ped":1,"fatal":0}},{"type":"Feature","geometry":{"type":"Point","coordinates":[-80.3357134779999,25.750626421]},"properties":{"year":2021,"ped":0,"fatal":1}},{"type":"Feature","geometry":{"type":"Point","coordinates":[-80.255013618,25.762357395]},"properties":{"year":2021,"ped":0,"fatal":0}},{"type":"Feature","geometry":{"type":"Point","coordinates":[-80.2375808049999,25.812107504]},"properties":{"year":2021,"ped":0,"fatal":0}},{"type":"Feature","geometry":{"type":"Point","coordinates":[-80.234695506,25.8241060010001]},"properties":{"year":2021,"ped":0,"fatal":0}},{"type":"Feature","geometry":{"type":"Point","coordinates":[-80.320788683,25.7583739190001]},"properties":{"year":2021,"ped":0,"fatal":0}},{"type":"Feature","geometry":{"type":"Point","coordinates":[-80.3072968879999,25.6896673360001]},"properties":{"year":2021,"ped":0,"fatal":0}},{"type":"Feature","geometry":{"type":"Point","coordinates":[-80.2617243,25.727368025]},"properties":{"year":2021,"ped":0,"fatal":0}},{"type":"Feature","geometry":{"type":"Point","coordinates":[-80.2659622,25.723278427]},"properties":{"year":2021,"ped":0,"fatal":0}},{"type":"Feature","geometry":{"type":"Point","coordinates":[-80.2895973449999,25.8207001320001]},"properties":{"year":2021,"ped":1,"fatal":0}},{"type":"Feature","geometry":{"type":"Point","coordinates":[-80.2176986119999,25.765760315]},"properties":{"year":2021,"ped":0,"fatal":0}},{"type":"Feature","geometry":{"type":"Point","coordinates":[-80.2529292999999,25.8235430010001]},"properties":{"year":2021,"ped":0,"fatal":0}},{"type":"Feature","geometry":{"type":"Point","coordinates":[-80.215684212,25.8090274030001]},"properties":{"year":2021,"ped":0,"fatal":0}},{"type":"Feature","geometry":{"type":"Point","coordinates":[-80.2166692119999,25.8246493]},"properties":{"year":2021,"ped":1,"fatal":0}},{"type":"Feature","geometry":{"type":"Point","coordinates":[-80.252270602,25.771911614]},"properties":{"year":2021,"ped":0,"fatal":0}},{"type":"Feature","geometry":{"type":"Point","coordinates":[-80.285297691,25.8262478010001]},"properties":{"year":2021,"ped":0,"fatal":0}},{"type":"Feature","geometry":{"type":"Point","coordinates":[-80.19343152,25.757453517]},"properties":{"year":2021,"ped":1,"fatal":1}},{"type":"Feature","geometry":{"type":"Point","coordinates":[-80.313046484,25.804212707]},"properties":{"year":2021,"ped":0,"fatal":1}},{"type":"Feature","geometry":{"type":"Point","coordinates":[-80.3163261829999,25.769948916]},"properties":{"year":2021,"ped":1,"fatal":0}},{"type":"Feature","geometry":{"type":"Point","coordinates":[-80.293460492,25.7011059330001]},"properties":{"year":2021,"ped":1,"fatal":0}},{"type":"Feature","geometry":{"type":"Point","coordinates":[-80.22351581,25.78247781]},"properties":{"year":2021,"ped":0,"fatal":1}},{"type":"Feature","geometry":{"type":"Point","coordinates":[-80.19005742,25.785682509]},"properties":{"year":2021,"ped":0,"fatal":0}},{"type":"Feature","geometry":{"type":"Point","coordinates":[-80.1998924169999,25.780725911]},"properties":{"year":2021,"ped":0,"fatal":0}},{"type":"Feature","geometry":{"type":"Point","coordinates":[-80.318869982,25.7802749140001]},"properties":{"year":2021,"ped":1,"fatal":1}},{"type":"Feature","geometry":{"type":"Point","coordinates":[-80.205306115,25.7954397070001]},"properties":{"year":2021,"ped":0,"fatal":1}},{"type":"Feature","geometry":{"type":"Point","coordinates":[-80.240447704,25.817307402]},"properties":{"year":2021,"ped":0,"fatal":1}},{"type":"Feature","geometry":{"type":"Point","coordinates":[-80.3357690779999,25.7330728260001]},"properties":{"year":2021,"ped":0,"fatal":0}},{"type":"Feature","geometry":{"type":"Point","coordinates":[-80.206963115,25.7915386080001]},"properties":{"year":2021,"ped":1,"fatal":0}},{"type":"Feature","geometry":{"type":"Point","coordinates":[-80.2229079099999,25.782496211]},"properties":{"year":2021,"ped":0,"fatal":0}},{"type":"Feature","geometry":{"type":"Point","coordinates":[-80.19173897,25.822913767]},"properties":{"year":2021,"ped":0,"fatal":0}},{"type":"Feature","geometry":{"type":"Point","coordinates":[-80.186917299,25.7900357180001]},"properties":{"year":2021,"ped":0,"fatal":1}},{"type":"Feature","geometry":{"type":"Point","coordinates":[-80.2056899149999,25.806287404]},"properties":{"year":2021,"ped":0,"fatal":0}},{"type":"Feature","geometry":{"type":"Point","coordinates":[-80.202505916,25.78666101]},"properties":{"year":2021,"ped":0,"fatal":0}},{"type":"Feature","geometry":{"type":"Point","coordinates":[-80.205941014,25.8136658020001]},"properties":{"year":2021,"ped":0,"fatal":0}},{"type":"Feature","geometry":{"type":"Point","coordinates":[-80.2734398819999,25.8261873540001]},"properties":{"year":2021,"ped":0,"fatal":0}},{"type":"Feature","geometry":{"type":"Point","coordinates":[-80.318264784,25.717176529]},"properties":{"year":2021,"ped":0,"fatal":0}},{"type":"Feature","geometry":{"type":"Point","coordinates":[-80.331296332,25.7263727110001]},"properties":{"year":2021,"ped":1,"fatal":1}},{"type":"Feature","geometry":{"type":"Point","coordinates":[-80.1959375179999,25.8252763990001]},"properties":{"year":2021,"ped":0,"fatal":0}},{"type":"Feature","geometry":{"type":"Point","coordinates":[-80.240922729,25.813539808]},"properties":{"year":2021,"ped":1,"fatal":0}},{"type":"Feature","geometry":{"type":"Point","coordinates":[-80.2536843999999,25.811065704]},"properties":{"year":2021,"ped":0,"fatal":0}},{"type":"Feature","geometry":{"type":"Point","coordinates":[-80.214858614,25.772512313]},"properties":{"year":2021,"ped":0,"fatal":0}},{"type":"Feature","geometry":{"type":"Point","coordinates":[-80.215386312,25.8098190040001]},"properties":{"year":2021,"ped":0,"fatal":0}},{"type":"Feature","geometry":{"type":"Point","coordinates":[-80.208749615,25.773696612]},"properties":{"year":2021,"ped":1,"fatal":0}},{"type":"Feature","geometry":{"type":"Point","coordinates":[-80.243160804,25.8121913040001]},"properties":{"year":2021,"ped":0,"fatal":0}},{"type":"Feature","geometry":{"type":"Point","coordinates":[-80.2149274129999,25.7877600090001]},"properties":{"year":2021,"ped":1,"fatal":0}},{"type":"Feature","geometry":{"type":"Point","coordinates":[-80.3215657809999,25.8223966030001]},"properties":{"year":2021,"ped":0,"fatal":0}},{"type":"Feature","geometry":{"type":"Point","coordinates":[-80.214952512,25.7904050080001]},"properties":{"year":2021,"ped":0,"fatal":0}},{"type":"Feature","geometry":{"type":"Point","coordinates":[-80.296304261,25.7769634160001]},"properties":{"year":2021,"ped":0,"fatal":0}},{"type":"Feature","geometry":{"type":"Point","coordinates":[-80.29572389,25.763319317]},"properties":{"year":2021,"ped":0,"fatal":0}},{"type":"Feature","geometry":{"type":"Point","coordinates":[-80.231384509,25.772561513]},"properties":{"year":2021,"ped":0,"fatal":0}},{"type":"Feature","geometry":{"type":"Point","coordinates":[-80.263786699,25.775350313]},"properties":{"year":2021,"ped":0,"fatal":0}},{"type":"Feature","geometry":{"type":"Point","coordinates":[-80.2576874649999,25.6974669910001]},"properties":{"year":2019,"ped":0,"fatal":0}},{"type":"Feature","geometry":{"type":"Point","coordinates":[-80.206002215,25.8161823020001]},"properties":{"year":2020,"ped":0,"fatal":0}},{"type":"Feature","geometry":{"type":"Point","coordinates":[-80.1911337769999,25.8073052080001]},"properties":{"year":2020,"ped":0,"fatal":0}},{"type":"Feature","geometry":{"type":"Point","coordinates":[-80.266307829,25.7125223900001]},"properties":{"year":2020,"ped":0,"fatal":0}},{"type":"Feature","geometry":{"type":"Point","coordinates":[-80.2464150489999,25.823725801]},"properties":{"year":2020,"ped":1,"fatal":1}},{"type":"Feature","geometry":{"type":"Point","coordinates":[-80.2672943649999,25.7626616330001]},"properties":{"year":2020,"ped":1,"fatal":1}},{"type":"Feature","geometry":{"type":"Point","coordinates":[-80.211013341,25.787764114]},"properties":{"year":2020,"ped":0,"fatal":0}},{"type":"Feature","geometry":{"type":"Point","coordinates":[-80.269398053,25.8267311130001]},"properties":{"year":2020,"ped":0,"fatal":0}},{"type":"Feature","geometry":{"type":"Point","coordinates":[-80.318267802,25.731052993]},"properties":{"year":2020,"ped":0,"fatal":0}},{"type":"Feature","geometry":{"type":"Point","coordinates":[-80.26275548,25.7495393740001]},"properties":{"year":2020,"ped":1,"fatal":0}},{"type":"Feature","geometry":{"type":"Point","coordinates":[-80.2271933919999,25.7884888570001]},"properties":{"year":2020,"ped":1,"fatal":1}},{"type":"Feature","geometry":{"type":"Point","coordinates":[-80.22649131,25.7726876140001]},"properties":{"year":2020,"ped":1,"fatal":0}},{"type":"Feature","geometry":{"type":"Point","coordinates":[-80.304723686,25.7835423120001]},"properties":{"year":2020,"ped":0,"fatal":0}},{"type":"Feature","geometry":{"type":"Point","coordinates":[-80.201733992,25.7850726190001]},"properties":{"year":2020,"ped":0,"fatal":0}},{"type":"Feature","geometry":{"type":"Point","coordinates":[-80.263578899,25.771260715]},"properties":{"year":2020,"ped":0,"fatal":0}},{"type":"Feature","geometry":{"type":"Point","coordinates":[-80.3319966349999,25.7819462250001]},"properties":{"year":2020,"ped":0,"fatal":1}},{"type":"Feature","geometry":{"type":"Point","coordinates":[-80.248239602,25.808837505]},"properties":{"year":2020,"ped":0,"fatal":0}},{"type":"Feature","geometry":{"type":"Point","coordinates":[-80.18939972,25.8057821040001]},"properties":{"year":2020,"ped":0,"fatal":0}},{"type":"Feature","geometry":{"type":"Point","coordinates":[-80.231328531,25.7871351700001]},"properties":{"year":2020,"ped":0,"fatal":0}},{"type":"Feature","geometry":{"type":"Point","coordinates":[-80.257788088,25.72951377]},"properties":{"year":2020,"ped":0,"fatal":0}},{"type":"Feature","geometry":{"type":"Point","coordinates":[-80.230435535,25.811232911]},"properties":{"year":2020,"ped":1,"fatal":0}},{"type":"Feature","geometry":{"type":"Point","coordinates":[-80.19026249,25.813114011]},"properties":{"year":2020,"ped":0,"fatal":0}},{"type":"Feature","geometry":{"type":"Point","coordinates":[-80.2146088649999,25.7724707990001]},"properties":{"year":2020,"ped":0,"fatal":0}},{"type":"Feature","geometry":{"type":"Point","coordinates":[-80.262820418,25.752530457]},"properties":{"year":2020,"ped":0,"fatal":0}},{"type":"Feature","geometry":{"type":"Point","coordinates":[-80.3068160019999,25.7480978030001]},"properties":{"year":2020,"ped":0,"fatal":0}},{"type":"Feature","geometry":{"type":"Point","coordinates":[-80.263149974,25.8231689180001]},"properties":{"year":2020,"ped":0,"fatal":1}},{"type":"Feature","geometry":{"type":"Point","coordinates":[-80.22386375,25.779918848]},"properties":{"year":2020,"ped":0,"fatal":0}},{"type":"Feature","geometry":{"type":"Point","coordinates":[-80.2527827069999,25.7563284130001]},"properties":{"year":2020,"ped":0,"fatal":0}},{"type":"Feature","geometry":{"type":"Point","coordinates":[-80.228884115,25.782202467]},"properties":{"year":2020,"ped":0,"fatal":0}},{"type":"Feature","geometry":{"type":"Point","coordinates":[-80.258659194,25.7522259180001]},"properties":{"year":2020,"ped":0,"fatal":0}},{"type":"Feature","geometry":{"type":"Point","coordinates":[-80.268186998,25.6931369380001]},"properties":{"year":2020,"ped":0,"fatal":0}},{"type":"Feature","geometry":{"type":"Point","coordinates":[-80.202868182,25.7844693870001]},"properties":{"year":2020,"ped":0,"fatal":0}},{"type":"Feature","geometry":{"type":"Point","coordinates":[-80.325550791,25.818922077]},"properties":{"year":2020,"ped":0,"fatal":0}},{"type":"Feature","geometry":{"type":"Point","coordinates":[-80.2247679279999,25.825231796]},"properties":{"year":2020,"ped":1,"fatal":0}},{"type":"Feature","geometry":{"type":"Point","coordinates":[-80.2059263149999,25.8131155030001]},"properties":{"year":2020,"ped":0,"fatal":0}},{"type":"Feature","geometry":{"type":"Point","coordinates":[-80.205941014,25.8136658020001]},"properties":{"year":2020,"ped":0,"fatal":0}},{"type":"Feature","geometry":{"type":"Point","coordinates":[-80.205250716,25.793267907]},"properties":{"year":2020,"ped":0,"fatal":0}},{"type":"Feature","geometry":{"type":"Point","coordinates":[-80.2403402049999,25.814510103]},"properties":{"year":2020,"ped":1,"fatal":0}},{"type":"Feature","geometry":{"type":"Point","coordinates":[-80.263434779,25.785337117]},"properties":{"year":2020,"ped":0,"fatal":0}},{"type":"Feature","geometry":{"type":"Point","coordinates":[-80.33514615,25.7204152100001]},"properties":{"year":2020,"ped":0,"fatal":0}},{"type":"Feature","geometry":{"type":"Point","coordinates":[-80.1993747929999,25.817743536]},"properties":{"year":2020,"ped":1,"fatal":0}},{"type":"Feature","geometry":{"type":"Point","coordinates":[-80.243813239,25.7962243700001]},"properties":{"year":2020,"ped":0,"fatal":1}},{"type":"Feature","geometry":{"type":"Point","coordinates":[-80.214801113,25.7792835120001]},"properties":{"year":2020,"ped":0,"fatal":0}},{"type":"Feature","geometry":{"type":"Point","coordinates":[-80.3212450249999,25.762451066]},"properties":{"year":2020,"ped":0,"fatal":0}},{"type":"Feature","geometry":{"type":"Point","coordinates":[-80.187445622,25.775724612]},"properties":{"year":2020,"ped":0,"fatal":0}},{"type":"Feature","geometry":{"type":"Point","coordinates":[-80.2245946369999,25.7877555810001]},"properties":{"year":2020,"ped":0,"fatal":0}},{"type":"Feature","geometry":{"type":"Point","coordinates":[-80.1920414749999,25.825377646]},"properties":{"year":2020,"ped":1,"fatal":1}},{"type":"Feature","geometry":{"type":"Point","coordinates":[-80.319992384,25.721167028]},"properties":{"year":2020,"ped":0,"fatal":0}},{"type":"Feature","geometry":{"type":"Point","coordinates":[-80.240619771,25.822120323]},"properties":{"year":2020,"ped":1,"fatal":0}},{"type":"Feature","geometry":{"type":"Point","coordinates":[-80.261923101,25.7262181250001]},"properties":{"year":2020,"ped":1,"fatal":0}},{"type":"Feature","geometry":{"type":"Point","coordinates":[-80.302035688,25.770537615]},"properties":{"year":2020,"ped":0,"fatal":1}},{"type":"Feature","geometry":{"type":"Point","coordinates":[-80.206451014,25.826422199]},"properties":{"year":2020,"ped":0,"fatal":0}},{"type":"Feature","geometry":{"type":"Point","coordinates":[-80.239947389,25.797045381]},"properties":{"year":2020,"ped":0,"fatal":0}},{"type":"Feature","geometry":{"type":"Point","coordinates":[-80.3212656809999,25.8120346050001]},"properties":{"year":2020,"ped":0,"fatal":0}},{"type":"Feature","geometry":{"type":"Point","coordinates":[-80.220374711,25.8245456000001]},"properties":{"year":2020,"ped":0,"fatal":1}},{"type":"Feature","geometry":{"type":"Point","coordinates":[-80.240678304,25.809082204]},"properties":{"year":2020,"ped":1,"fatal":1}},{"type":"Feature","geometry":{"type":"Point","coordinates":[-80.1976954479999,25.795825633]},"properties":{"year":2020,"ped":1,"fatal":1}},{"type":"Feature","geometry":{"type":"Point","coordinates":[-80.197659597,25.7962326700001]},"properties":{"year":2020,"ped":1,"fatal":1}},{"type":"Feature","geometry":{"type":"Point","coordinates":[-80.23130931,25.787120911]},"properties":{"year":2020,"ped":0,"fatal":1}},{"type":"Feature","geometry":{"type":"Point","coordinates":[-80.227420717,25.772420557]},"properties":{"year":2020,"ped":1,"fatal":1}},{"type":"Feature","geometry":{"type":"Point","coordinates":[-80.2031562069999,25.803783217]},"properties":{"year":2020,"ped":0,"fatal":1}},{"type":"Feature","geometry":{"type":"Point","coordinates":[-80.321464733,25.815903416]},"properties":{"year":2020,"ped":0,"fatal":1}},{"type":"Feature","geometry":{"type":"Point","coordinates":[-80.207791615,25.7776029120001]},"properties":{"year":2020,"ped":0,"fatal":0}},{"type":"Feature","geometry":{"type":"Point","coordinates":[-80.312658569,25.7921167970001]},"properties":{"year":2020,"ped":0,"fatal":0}},{"type":"Feature","geometry":{"type":"Point","coordinates":[-80.1876764199999,25.8114460030001]},"properties":{"year":2020,"ped":0,"fatal":0}},{"type":"Feature","geometry":{"type":"Point","coordinates":[-80.2021136179999,25.757630245]},"properties":{"year":2020,"ped":0,"fatal":0}},{"type":"Feature","geometry":{"type":"Point","coordinates":[-80.323213183,25.688283337]},"properties":{"year":2020,"ped":0,"fatal":0}},{"type":"Feature","geometry":{"type":"Point","coordinates":[-80.3274475819999,25.7332320260001]},"properties":{"year":2020,"ped":0,"fatal":0}},{"type":"Feature","geometry":{"type":"Point","coordinates":[-80.191717635,25.8016730420001]},"properties":{"year":2020,"ped":0,"fatal":0}},{"type":"Feature","geometry":{"type":"Point","coordinates":[-80.264269234,25.806357647]},"properties":{"year":2020,"ped":0,"fatal":0}},{"type":"Feature","geometry":{"type":"Point","coordinates":[-80.264423586,25.8106373370001]},"properties":{"year":2020,"ped":0,"fatal":0}},{"type":"Feature","geometry":{"type":"Point","coordinates":[-80.3208996819999,25.7788930140001]},"properties":{"year":2020,"ped":0,"fatal":0}},{"type":"Feature","geometry":{"type":"Point","coordinates":[-80.18764462,25.8195650010001]},"properties":{"year":2020,"ped":0,"fatal":0}},{"type":"Feature","geometry":{"type":"Point","coordinates":[-80.205078715,25.792107408]},"properties":{"year":2020,"ped":0,"fatal":0}},{"type":"Feature","geometry":{"type":"Point","coordinates":[-80.316236386,25.688484037]},"properties":{"year":2020,"ped":0,"fatal":1}},{"type":"Feature","geometry":{"type":"Point","coordinates":[-80.2659622,25.723278427]},"properties":{"year":2020,"ped":0,"fatal":0}},{"type":"Feature","geometry":{"type":"Point","coordinates":[-80.2075496149999,25.811441003]},"properties":{"year":2020,"ped":0,"fatal":1}},{"type":"Feature","geometry":{"type":"Point","coordinates":[-80.3148526859999,25.682396139]},"properties":{"year":2020,"ped":1,"fatal":1}},{"type":"Feature","geometry":{"type":"Point","coordinates":[-80.198282622,25.7722887570001]},"properties":{"year":2020,"ped":0,"fatal":1}},{"type":"Feature","geometry":{"type":"Point","coordinates":[-80.321557081,25.822106703]},"properties":{"year":2020,"ped":0,"fatal":0}},{"type":"Feature","geometry":{"type":"Point","coordinates":[-80.253321703,25.735092724]},"properties":{"year":2020,"ped":0,"fatal":0}},{"type":"Feature","geometry":{"type":"Point","coordinates":[-80.26981491,25.7210252260001]},"properties":{"year":2020,"ped":0,"fatal":0}},{"type":"Feature","geometry":{"type":"Point","coordinates":[-80.249510442,25.747198628]},"properties":{"year":2020,"ped":0,"fatal":0}},{"type":"Feature","geometry":{"type":"Point","coordinates":[-80.2242739499999,25.8179636450001]},"properties":{"year":2020,"ped":0,"fatal":0}},{"type":"Feature","geometry":{"type":"Point","coordinates":[-80.234830243,25.8018165400001]},"properties":{"year":2020,"ped":0,"fatal":0}},{"type":"Feature","geometry":{"type":"Point","coordinates":[-80.312293837,25.7793084190001]},"properties":{"year":2020,"ped":0,"fatal":0}},{"type":"Feature","geometry":{"type":"Point","coordinates":[-80.2025833229999,25.767097333]},"properties":{"year":2020,"ped":1,"fatal":0}},{"type":"Feature","geometry":{"type":"Point","coordinates":[-80.216225876,25.772462042]},"properties":{"year":2020,"ped":1,"fatal":0}},{"type":"Feature","geometry":{"type":"Point","coordinates":[-80.222649717,25.768426178]},"properties":{"year":2020,"ped":0,"fatal":0}},{"type":"Feature","geometry":{"type":"Point","coordinates":[-80.2145239279999,25.7708362880001]},"properties":{"year":2020,"ped":1,"fatal":0}},{"type":"Feature","geometry":{"type":"Point","coordinates":[-80.3109637859999,25.733110325]},"properties":{"year":2020,"ped":0,"fatal":0}},{"type":"Feature","geometry":{"type":"Point","coordinates":[-80.320894982,25.7611495190001]},"properties":{"year":2020,"ped":0,"fatal":1}},{"type":"Feature","geometry":{"type":"Point","coordinates":[-80.318137984,25.7239175280001]},"properties":{"year":2020,"ped":0,"fatal":0}},{"type":"Feature","geometry":{"type":"Point","coordinates":[-80.3180872839999,25.762655318]},"properties":{"year":2020,"ped":0,"fatal":0}},{"type":"Feature","geometry":{"type":"Point","coordinates":[-80.1891156199999,25.7859099090001]},"properties":{"year":2020,"ped":0,"fatal":0}},{"type":"Feature","geometry":{"type":"Point","coordinates":[-80.317274084,25.732899725]},"properties":{"year":2020,"ped":0,"fatal":0}},{"type":"Feature","geometry":{"type":"Point","coordinates":[-80.2634288959999,25.7685966710001]},"properties":{"year":2020,"ped":0,"fatal":0}},{"type":"Feature","geometry":{"type":"Point","coordinates":[-80.214627292,25.7746054580001]},"properties":{"year":2020,"ped":1,"fatal":0}},{"type":"Feature","geometry":{"type":"Point","coordinates":[-80.18806102,25.811429103]},"properties":{"year":2020,"ped":0,"fatal":0}},{"type":"Feature","geometry":{"type":"Point","coordinates":[-80.215893464,25.8246251470001]},"properties":{"year":2020,"ped":1,"fatal":1}},{"type":"Feature","geometry":{"type":"Point","coordinates":[-80.189210201,25.8032468280001]},"properties":{"year":2020,"ped":1,"fatal":1}},{"type":"Feature","geometry":{"type":"Point","coordinates":[-80.304281519,25.7631807430001]},"properties":{"year":2020,"ped":0,"fatal":1}},{"type":"Feature","geometry":{"type":"Point","coordinates":[-80.26463002,25.7898673130001]},"properties":{"year":2020,"ped":0,"fatal":1}},{"type":"Feature","geometry":{"type":"Point","coordinates":[-80.1962395639999,25.8266953720001]},"properties":{"year":2020,"ped":1,"fatal":1}},{"type":"Feature","geometry":{"type":"Point","coordinates":[-80.239014616,25.772288444]},"properties":{"year":2019,"ped":0,"fatal":0}},{"type":"Feature","geometry":{"type":"Point","coordinates":[-80.2159884289999,25.817338125]},"properties":{"year":2019,"ped":0,"fatal":0}},{"type":"Feature","geometry":{"type":"Point","coordinates":[-80.2349709009999,25.7740093470001]},"properties":{"year":2019,"ped":0,"fatal":0}},{"type":"Feature","geometry":{"type":"Point","coordinates":[-80.221540381,25.7948110680001]},"properties":{"year":2019,"ped":1,"fatal":1}},{"type":"Feature","geometry":{"type":"Point","coordinates":[-80.268113862,25.794712631]},"properties":{"year":2019,"ped":0,"fatal":0}},{"type":"Feature","geometry":{"type":"Point","coordinates":[-80.1918269929999,25.766403285]},"properties":{"year":2019,"ped":0,"fatal":0}},{"type":"Feature","geometry":{"type":"Point","coordinates":[-80.212695417,25.7459116040001]},"properties":{"year":2019,"ped":1,"fatal":0}},{"type":"Feature","geometry":{"type":"Point","coordinates":[-80.2249702669999,25.8280662660001]},"properties":{"year":2019,"ped":1,"fatal":1}},{"type":"Feature","geometry":{"type":"Point","coordinates":[-80.1950805659999,25.8032220920001]},"properties":{"year":2019,"ped":0,"fatal":0}},{"type":"Feature","geometry":{"type":"Point","coordinates":[-80.199225083,25.8038386590001]},"properties":{"year":2019,"ped":0,"fatal":0}},{"type":"Feature","geometry":{"type":"Point","coordinates":[-80.193079094,25.825360468]},"properties":{"year":2020,"ped":0,"fatal":1}},{"type":"Feature","geometry":{"type":"Point","coordinates":[-80.209597173,25.812185433]},"properties":{"year":2019,"ped":0,"fatal":0}},{"type":"Feature","geometry":{"type":"Point","coordinates":[-80.325237933,25.6882064170001]},"properties":{"year":2019,"ped":0,"fatal":0}},{"type":"Feature","geometry":{"type":"Point","coordinates":[-80.313737776,25.733170536]},"properties":{"year":2019,"ped":0,"fatal":0}},{"type":"Feature","geometry":{"type":"Point","coordinates":[-80.194524099,25.811413933]},"properties":{"year":2019,"ped":0,"fatal":0}},{"type":"Feature","geometry":{"type":"Point","coordinates":[-80.29316357,25.7844329120001]},"properties":{"year":2019,"ped":0,"fatal":1}},{"type":"Feature","geometry":{"type":"Point","coordinates":[-80.25373653,25.8112148440001]},"properties":{"year":2019,"ped":0,"fatal":1}},{"type":"Feature","geometry":{"type":"Point","coordinates":[-80.2042184159999,25.7535747580001]},"properties":{"year":2019,"ped":0,"fatal":0}},{"type":"Feature","geometry":{"type":"Point","coordinates":[-80.317691614,25.7330568850001]},"properties":{"year":2019,"ped":0,"fatal":0}},{"type":"Feature","geometry":{"type":"Point","coordinates":[-80.289273371,25.784051232]},"properties":{"year":2019,"ped":0,"fatal":0}},{"type":"Feature","geometry":{"type":"Point","coordinates":[-80.3358669579999,25.7331606560001]},"properties":{"year":2019,"ped":0,"fatal":0}},{"type":"Feature","geometry":{"type":"Point","coordinates":[-80.206934635,25.789590789]},"properties":{"year":2019,"ped":1,"fatal":0}},{"type":"Feature","geometry":{"type":"Point","coordinates":[-80.263664599,25.7734562640001]},"properties":{"year":2019,"ped":1,"fatal":1}},{"type":"Feature","geometry":{"type":"Point","coordinates":[-80.2268119189999,25.7655143850001]},"properties":{"year":2019,"ped":0,"fatal":0}},{"type":"Feature","geometry":{"type":"Point","coordinates":[-80.2066045459999,25.7794099020001]},"properties":{"year":2019,"ped":0,"fatal":0}},{"type":"Feature","geometry":{"type":"Point","coordinates":[-80.2147992829999,25.7791213420001]},"properties":{"year":2019,"ped":1,"fatal":1}},{"type":"Feature","geometry":{"type":"Point","coordinates":[-80.28931818,25.8076201150001]},"properties":{"year":2019,"ped":0,"fatal":1}},{"type":"Feature","geometry":{"type":"Point","coordinates":[-80.261149699,25.8093284650001]},"properties":{"year":2019,"ped":0,"fatal":0}},{"type":"Feature","geometry":{"type":"Point","coordinates":[-80.190762991,25.766223074]},"properties":{"year":2019,"ped":0,"fatal":0}},{"type":"Feature","geometry":{"type":"Point","coordinates":[-80.1998464069999,25.7902242380001]},"properties":{"year":2019,"ped":0,"fatal":0}},{"type":"Feature","geometry":{"type":"Point","coordinates":[-80.197694638,25.773990622]},"properties":{"year":2019,"ped":0,"fatal":0}},{"type":"Feature","geometry":{"type":"Point","coordinates":[-80.198946888,25.7750073720001]},"properties":{"year":2019,"ped":0,"fatal":0}},{"type":"Feature","geometry":{"type":"Point","coordinates":[-80.238746125,25.794308168]},"properties":{"year":2019,"ped":0,"fatal":0}},{"type":"Feature","geometry":{"type":"Point","coordinates":[-80.2672124279999,25.7642947460001]},"properties":{"year":2019,"ped":1,"fatal":1}},{"type":"Feature","geometry":{"type":"Point","coordinates":[-80.1956645669999,25.819229251]},"properties":{"year":2019,"ped":0,"fatal":1}},{"type":"Feature","geometry":{"type":"Point","coordinates":[-80.2526062009999,25.799029337]},"properties":{"year":2019,"ped":0,"fatal":0}},{"type":"Feature","geometry":{"type":"Point","coordinates":[-80.18735342,25.8254805990001]},"properties":{"year":2019,"ped":0,"fatal":0}},{"type":"Feature","geometry":{"type":"Point","coordinates":[-80.2239148099999,25.8095300140001]},"properties":{"year":2019,"ped":0,"fatal":0}},{"type":"Feature","geometry":{"type":"Point","coordinates":[-80.239567736,25.7847143700001]},"properties":{"year":2019,"ped":0,"fatal":1}},{"type":"Feature","geometry":{"type":"Point","coordinates":[-80.2077846239999,25.8159920620001]},"properties":{"year":2019,"ped":0,"fatal":1}},{"type":"Feature","geometry":{"type":"Point","coordinates":[-80.1891334699999,25.786485999]},"properties":{"year":2019,"ped":1,"fatal":0}},{"type":"Feature","geometry":{"type":"Point","coordinates":[-80.25623582,25.8086179250001]},"properties":{"year":2019,"ped":1,"fatal":1}},{"type":"Feature","geometry":{"type":"Point","coordinates":[-80.2935397809999,25.733835105]},"properties":{"year":2019,"ped":1,"fatal":1}},{"type":"Feature","geometry":{"type":"Point","coordinates":[-80.184837472,25.787014728]},"properties":{"year":2019,"ped":0,"fatal":0}},{"type":"Feature","geometry":{"type":"Point","coordinates":[-80.275044295,25.8081532150001]},"properties":{"year":2019,"ped":1,"fatal":0}},{"type":"Feature","geometry":{"type":"Point","coordinates":[-80.240825435,25.8230095010001]},"properties":{"year":2019,"ped":1,"fatal":0}},{"type":"Feature","geometry":{"type":"Point","coordinates":[-80.321227552,25.7603242180001]},"properties":{"year":2019,"ped":0,"fatal":0}},{"type":"Feature","geometry":{"type":"Point","coordinates":[-80.233248127,25.790287859]},"properties":{"year":2019,"ped":0,"fatal":0}},{"type":"Feature","geometry":{"type":"Point","coordinates":[-80.216494623,25.764270636]},"properties":{"year":2019,"ped":0,"fatal":0}},{"type":"Feature","geometry":{"type":"Point","coordinates":[-80.2743448269999,25.7173407880001]},"properties":{"year":2019,"ped":0,"fatal":0}},{"type":"Feature","geometry":{"type":"Point","coordinates":[-80.2395460549999,25.783871241]},"properties":{"year":2019,"ped":0,"fatal":0}},{"type":"Feature","geometry":{"type":"Point","coordinates":[-80.199866298,25.763214975]},"properties":{"year":2019,"ped":0,"fatal":0}},{"type":"Feature","geometry":{"type":"Point","coordinates":[-80.2480342429999,25.808850335]},"properties":{"year":2019,"ped":1,"fatal":0}},{"type":"Feature","geometry":{"type":"Point","coordinates":[-80.2752620059999,25.734281514]},"properties":{"year":2019,"ped":0,"fatal":0}},{"type":"Feature","geometry":{"type":"Point","coordinates":[-80.271089648,25.734356414]},"properties":{"year":2019,"ped":0,"fatal":0}},{"type":"Feature","geometry":{"type":"Point","coordinates":[-80.271089648,25.734356414]},"properties":{"year":2019,"ped":0,"fatal":0}},{"type":"Feature","geometry":{"type":"Point","coordinates":[-80.311316787,25.6862384570001]},"properties":{"year":2019,"ped":0,"fatal":1}},{"type":"Feature","geometry":{"type":"Point","coordinates":[-80.234554578,25.7706592640001]},"properties":{"year":2019,"ped":1,"fatal":0}},{"type":"Feature","geometry":{"type":"Point","coordinates":[-80.22391462,25.8102206140001]},"properties":{"year":2019,"ped":1,"fatal":0}},{"type":"Feature","geometry":{"type":"Point","coordinates":[-80.195630418,25.8115543820001]},"properties":{"year":2019,"ped":0,"fatal":0}},{"type":"Feature","geometry":{"type":"Point","coordinates":[-80.270435189,25.71230189]},"properties":{"year":2019,"ped":0,"fatal":0}},{"type":"Feature","geometry":{"type":"Point","coordinates":[-80.272739585,25.8169106030001]},"properties":{"year":2019,"ped":0,"fatal":0}},{"type":"Feature","geometry":{"type":"Point","coordinates":[-80.195105648,25.804168975]},"properties":{"year":2019,"ped":0,"fatal":0}},{"type":"Feature","geometry":{"type":"Point","coordinates":[-80.237733595,25.8091816640001]},"properties":{"year":2019,"ped":1,"fatal":0}},{"type":"Feature","geometry":{"type":"Point","coordinates":[-80.240454475,25.817436243]},"properties":{"year":2019,"ped":0,"fatal":0}},{"type":"Feature","geometry":{"type":"Point","coordinates":[-80.240291505,25.8090092840001]},"properties":{"year":2019,"ped":1,"fatal":0}},{"type":"Feature","geometry":{"type":"Point","coordinates":[-80.200685278,25.767132604]},"properties":{"year":2019,"ped":1,"fatal":1}},{"type":"Feature","geometry":{"type":"Point","coordinates":[-80.206684636,25.7813848910001]},"properties":{"year":2019,"ped":0,"fatal":0}},{"type":"Feature","geometry":{"type":"Point","coordinates":[-80.230856709,25.7663173650001]},"properties":{"year":2019,"ped":0,"fatal":0}},{"type":"Feature","geometry":{"type":"Point","coordinates":[-80.242221404,25.812309773]},"properties":{"year":2019,"ped":0,"fatal":0}},{"type":"Feature","geometry":{"type":"Point","coordinates":[-80.2523893219999,25.7719520140001]},"properties":{"year":2019,"ped":0,"fatal":0}},{"type":"Feature","geometry":{"type":"Point","coordinates":[-80.233190888,25.741674222]},"properties":{"year":2019,"ped":0,"fatal":0}},{"type":"Feature","geometry":{"type":"Point","coordinates":[-80.2067758759999,25.78392597]},"properties":{"year":2019,"ped":1,"fatal":0}},{"type":"Feature","geometry":{"type":"Point","coordinates":[-80.320263873,25.766584627]},"properties":{"year":2019,"ped":0,"fatal":0}},{"type":"Feature","geometry":{"type":"Point","coordinates":[-80.321834332,25.7819565830001]},"properties":{"year":2019,"ped":0,"fatal":0}},{"type":"Feature","geometry":{"type":"Point","coordinates":[-80.2317476269999,25.8093403350001]},"properties":{"year":2019,"ped":1,"fatal":0}},{"type":"Feature","geometry":{"type":"Point","coordinates":[-80.3069951959999,25.782970312]},"properties":{"year":2019,"ped":0,"fatal":1}},{"type":"Feature","geometry":{"type":"Point","coordinates":[-80.235563596,25.812016124]},"properties":{"year":2019,"ped":0,"fatal":0}},{"type":"Feature","geometry":{"type":"Point","coordinates":[-80.2547556219999,25.785983641]},"properties":{"year":2019,"ped":0,"fatal":0}},{"type":"Feature","geometry":{"type":"Point","coordinates":[-80.308717698,25.7703788640001]},"properties":{"year":2019,"ped":0,"fatal":0}},{"type":"Feature","geometry":{"type":"Point","coordinates":[-80.199464398,25.7768491620001]},"properties":{"year":2019,"ped":0,"fatal":0}},{"type":"Feature","geometry":{"type":"Point","coordinates":[-80.170766945,25.78055742]},"properties":{"year":2019,"ped":0,"fatal":1}},{"type":"Feature","geometry":{"type":"Point","coordinates":[-80.246834162,25.823721731]},"properties":{"year":2019,"ped":0,"fatal":0}},{"type":"Feature","geometry":{"type":"Point","coordinates":[-80.3182245639999,25.725735587]},"properties":{"year":2019,"ped":1,"fatal":1}},{"type":"Feature","geometry":{"type":"Point","coordinates":[-80.213306893,25.78618384]},"properties":{"year":2019,"ped":0,"fatal":0}},{"type":"Feature","geometry":{"type":"Point","coordinates":[-80.265075408,25.7835870910001]},"properties":{"year":2019,"ped":0,"fatal":0}},{"type":"Feature","geometry":{"type":"Point","coordinates":[-80.2548514809999,25.819745175]},"properties":{"year":2019,"ped":0,"fatal":0}},{"type":"Feature","geometry":{"type":"Point","coordinates":[-80.305008717,25.7831643320001]},"properties":{"year":2019,"ped":0,"fatal":0}},{"type":"Feature","geometry":{"type":"Point","coordinates":[-80.195879309,25.7866911790001]},"properties":{"year":2019,"ped":0,"fatal":0}},{"type":"Feature","geometry":{"type":"Point","coordinates":[-80.177118884,25.786659189]},"properties":{"year":2019,"ped":0,"fatal":0}},{"type":"Feature","geometry":{"type":"Point","coordinates":[-80.2716265239999,25.766937609]},"properties":{"year":2019,"ped":0,"fatal":0}},{"type":"Feature","geometry":{"type":"Point","coordinates":[-80.318330294,25.733180045]},"properties":{"year":2019,"ped":0,"fatal":0}},{"type":"Feature","geometry":{"type":"Point","coordinates":[-80.205321945,25.812413173]},"properties":{"year":2019,"ped":0,"fatal":0}},{"type":"Feature","geometry":{"type":"Point","coordinates":[-80.209818844,25.7876811090001]},"properties":{"year":2019,"ped":0,"fatal":0}},{"type":"Feature","geometry":{"type":"Point","coordinates":[-80.294094144,25.7186547590001]},"properties":{"year":2019,"ped":0,"fatal":0}},{"type":"Feature","geometry":{"type":"Point","coordinates":[-80.19821461,25.746044978]},"properties":{"year":2019,"ped":0,"fatal":0}},{"type":"Feature","geometry":{"type":"Point","coordinates":[-80.273025938,25.7946880210001]},"properties":{"year":2019,"ped":0,"fatal":0}},{"type":"Feature","geometry":{"type":"Point","coordinates":[-80.248198073,25.799642428]},"properties":{"year":2019,"ped":0,"fatal":0}},{"type":"Feature","geometry":{"type":"Point","coordinates":[-80.204175548,25.768981255]},"properties":{"year":2019,"ped":0,"fatal":0}},{"type":"Feature","geometry":{"type":"Point","coordinates":[-80.235693177,25.794392085]},"properties":{"year":2019,"ped":0,"fatal":0}},{"type":"Feature","geometry":{"type":"Point","coordinates":[-80.222974258,25.7763310820001]},"properties":{"year":2019,"ped":0,"fatal":0}},{"type":"Feature","geometry":{"type":"Point","coordinates":[-80.2235016879999,25.800717272]},"properties":{"year":2019,"ped":0,"fatal":0}},{"type":"Feature","geometry":{"type":"Point","coordinates":[-80.2604311599999,25.750341131]},"properties":{"year":2019,"ped":1,"fatal":0}},{"type":"Feature","geometry":{"type":"Point","coordinates":[-80.267143672,25.6950405210001]},"properties":{"year":2019,"ped":0,"fatal":0}},{"type":"Feature","geometry":{"type":"Point","coordinates":[-80.296804588,25.7907327300001]},"properties":{"year":2019,"ped":1,"fatal":0}},{"type":"Feature","geometry":{"type":"Point","coordinates":[-80.200661307,25.7626968430001]},"properties":{"year":2019,"ped":0,"fatal":0}},{"type":"Feature","geometry":{"type":"Point","coordinates":[-80.231534932,25.796143693]},"properties":{"year":2019,"ped":1,"fatal":0}},{"type":"Feature","geometry":{"type":"Point","coordinates":[-80.1771315409999,25.746234965]},"properties":{"year":2019,"ped":1,"fatal":0}},{"type":"Feature","geometry":{"type":"Point","coordinates":[-80.333042609,25.6887677170001]},"properties":{"year":2019,"ped":1,"fatal":0}},{"type":"Feature","geometry":{"type":"Point","coordinates":[-80.174621499,25.744478536]},"properties":{"year":2019,"ped":1,"fatal":0}},{"type":"Feature","geometry":{"type":"Point","coordinates":[-80.194808899,25.79412259]},"properties":{"year":2019,"ped":1,"fatal":0}},{"type":"Feature","geometry":{"type":"Point","coordinates":[-80.206631311,25.791544134]},"properties":{"year":2019,"ped":1,"fatal":0}},{"type":"Feature","geometry":{"type":"Point","coordinates":[-80.2531249479999,25.7276993080001]},"properties":{"year":2019,"ped":0,"fatal":0}},{"type":"Feature","geometry":{"type":"Point","coordinates":[-80.210658834,25.776526398]},"properties":{"year":2019,"ped":1,"fatal":0}},{"type":"Feature","geometry":{"type":"Point","coordinates":[-80.2434738159999,25.7867587220001]},"properties":{"year":2019,"ped":1,"fatal":0}},{"type":"Feature","geometry":{"type":"Point","coordinates":[-80.227011331,25.8031338690001]},"properties":{"year":2019,"ped":1,"fatal":0}},{"type":"Feature","geometry":{"type":"Point","coordinates":[-80.203871717,25.753679318]},"properties":{"year":2020,"ped":0,"fatal":0}},{"type":"Feature","geometry":{"type":"Point","coordinates":[-80.224793569,25.828227224]},"properties":{"year":2020,"ped":1,"fatal":1}},{"type":"Feature","geometry":{"type":"Point","coordinates":[-80.205700515,25.8065623050001]},"properties":{"year":2020,"ped":0,"fatal":0}},{"type":"Feature","geometry":{"type":"Point","coordinates":[-80.2058004149999,25.808948904]},"properties":{"year":2020,"ped":0,"fatal":0}},{"type":"Feature","geometry":{"type":"Point","coordinates":[-80.243833052,25.812292783]},"properties":{"year":2020,"ped":0,"fatal":1}},{"type":"Feature","geometry":{"type":"Point","coordinates":[-80.335913177,25.781226514]},"properties":{"year":2020,"ped":0,"fatal":0}},{"type":"Feature","geometry":{"type":"Point","coordinates":[-80.206133915,25.8198002010001]},"properties":{"year":2020,"ped":0,"fatal":0}},{"type":"Feature","geometry":{"type":"Point","coordinates":[-80.208949715,25.788101609]},"properties":{"year":2020,"ped":0,"fatal":0}},{"type":"Feature","geometry":{"type":"Point","coordinates":[-80.3211680809999,25.808528106]},"properties":{"year":2020,"ped":0,"fatal":0}},{"type":"Feature","geometry":{"type":"Point","coordinates":[-80.321540189,25.8246507110001]},"properties":{"year":2020,"ped":0,"fatal":1}},{"type":"Feature","geometry":{"type":"Point","coordinates":[-80.224365532,25.796635838]},"properties":{"year":2020,"ped":0,"fatal":0}},{"type":"Feature","geometry":{"type":"Point","coordinates":[-80.1908147199999,25.7970714100001]},"properties":{"year":2020,"ped":0,"fatal":0}},{"type":"Feature","geometry":{"type":"Point","coordinates":[-80.239906468,25.8020212320001]},"properties":{"year":2020,"ped":0,"fatal":1}},{"type":"Feature","geometry":{"type":"Point","coordinates":[-80.264368398,25.800537107]},"properties":{"year":2020,"ped":0,"fatal":0}},{"type":"Feature","geometry":{"type":"Point","coordinates":[-80.262631257,25.7474601540001]},"properties":{"year":2020,"ped":0,"fatal":0}},{"type":"Feature","geometry":{"type":"Point","coordinates":[-80.264741697,25.8126527040001]},"properties":{"year":2020,"ped":0,"fatal":0}},{"type":"Feature","geometry":{"type":"Point","coordinates":[-80.214961913,25.790811809]},"properties":{"year":2020,"ped":0,"fatal":0}},{"type":"Feature","geometry":{"type":"Point","coordinates":[-80.2405952679999,25.7501962910001]},"properties":{"year":2020,"ped":0,"fatal":1}},{"type":"Feature","geometry":{"type":"Point","coordinates":[-80.2171405829999,25.777311018]},"properties":{"year":2020,"ped":0,"fatal":0}},{"type":"Feature","geometry":{"type":"Point","coordinates":[-80.194899718,25.8104525040001]},"properties":{"year":2020,"ped":0,"fatal":1}},{"type":"Feature","geometry":{"type":"Point","coordinates":[-80.2641348,25.7346380230001]},"properties":{"year":2020,"ped":0,"fatal":0}},{"type":"Feature","geometry":{"type":"Point","coordinates":[-80.2070121149999,25.795232207]},"properties":{"year":2020,"ped":0,"fatal":0}},{"type":"Feature","geometry":{"type":"Point","coordinates":[-80.2543941929999,25.804273231]},"properties":{"year":2020,"ped":0,"fatal":0}},{"type":"Feature","geometry":{"type":"Point","coordinates":[-80.3188608839999,25.702883833]},"properties":{"year":2020,"ped":0,"fatal":1}},{"type":"Feature","geometry":{"type":"Point","coordinates":[-80.239034106,25.7722700140001]},"properties":{"year":2020,"ped":0,"fatal":1}},{"type":"Feature","geometry":{"type":"Point","coordinates":[-80.215258922,25.794812403]},"properties":{"year":2020,"ped":1,"fatal":0}},{"type":"Feature","geometry":{"type":"Point","coordinates":[-80.239035206,25.7722990140001]},"properties":{"year":2020,"ped":1,"fatal":0}},{"type":"Feature","geometry":{"type":"Point","coordinates":[-80.286190394,25.7264596270001]},"properties":{"year":2020,"ped":0,"fatal":0}},{"type":"Feature","geometry":{"type":"Point","coordinates":[-80.301097289,25.694714434]},"properties":{"year":2020,"ped":0,"fatal":0}},{"type":"Feature","geometry":{"type":"Point","coordinates":[-80.273816997,25.7169294280001]},"properties":{"year":2020,"ped":0,"fatal":0}},{"type":"Feature","geometry":{"type":"Point","coordinates":[-80.2761751959999,25.7150134290001]},"properties":{"year":2020,"ped":0,"fatal":0}},{"type":"Feature","geometry":{"type":"Point","coordinates":[-80.205918675,25.813465804]},"properties":{"year":2020,"ped":0,"fatal":1}},{"type":"Feature","geometry":{"type":"Point","coordinates":[-80.230869508,25.7663156150001]},"properties":{"year":2020,"ped":0,"fatal":0}},{"type":"Feature","geometry":{"type":"Point","coordinates":[-80.216808213,25.742964763]},"properties":{"year":2020,"ped":0,"fatal":0}},{"type":"Feature","geometry":{"type":"Point","coordinates":[-80.310145286,25.770210116]},"properties":{"year":2020,"ped":1,"fatal":0}},{"type":"Feature","geometry":{"type":"Point","coordinates":[-80.311897426,25.7479890760001]},"properties":{"year":2020,"ped":1,"fatal":0}},{"type":"Feature","geometry":{"type":"Point","coordinates":[-80.199731647,25.818680262]},"properties":{"year":2020,"ped":1,"fatal":0}},{"type":"Feature","geometry":{"type":"Point","coordinates":[-80.189131221,25.7876493090001]},"properties":{"year":2020,"ped":0,"fatal":0}},{"type":"Feature","geometry":{"type":"Point","coordinates":[-80.2344821409999,25.8259333400001]},"properties":{"year":2020,"ped":1,"fatal":0}},{"type":"Feature","geometry":{"type":"Point","coordinates":[-80.257755764,25.8085972690001]},"properties":{"year":2020,"ped":0,"fatal":0}},{"type":"Feature","geometry":{"type":"Point","coordinates":[-80.284963996,25.7511926070001]},"properties":{"year":2020,"ped":0,"fatal":0}},{"type":"Feature","geometry":{"type":"Point","coordinates":[-80.233027208,25.7653422160001]},"properties":{"year":2020,"ped":1,"fatal":0}},{"type":"Feature","geometry":{"type":"Point","coordinates":[-80.229361244,25.76958417]},"properties":{"year":2020,"ped":0,"fatal":0}},{"type":"Feature","geometry":{"type":"Point","coordinates":[-80.257557102,25.729578625]},"properties":{"year":2020,"ped":0,"fatal":0}},{"type":"Feature","geometry":{"type":"Point","coordinates":[-80.2247058089999,25.8244237000001]},"properties":{"year":2020,"ped":0,"fatal":0}},{"type":"Feature","geometry":{"type":"Point","coordinates":[-80.2012662069999,25.780645167]},"properties":{"year":2020,"ped":0,"fatal":0}},{"type":"Feature","geometry":{"type":"Point","coordinates":[-80.317561513,25.6957149350001]},"properties":{"year":2020,"ped":0,"fatal":0}},{"type":"Feature","geometry":{"type":"Point","coordinates":[-80.186636339,25.8115737470001]},"properties":{"year":2020,"ped":0,"fatal":0}},{"type":"Feature","geometry":{"type":"Point","coordinates":[-80.199398039,25.7954716130001]},"properties":{"year":2020,"ped":0,"fatal":0}},{"type":"Feature","geometry":{"type":"Point","coordinates":[-80.2150641119999,25.794981207]},"properties":{"year":2020,"ped":0,"fatal":0}},{"type":"Feature","geometry":{"type":"Point","coordinates":[-80.206930415,25.789446409]},"properties":{"year":2020,"ped":0,"fatal":0}},{"type":"Feature","geometry":{"type":"Point","coordinates":[-80.207628015,25.7711775130001]},"properties":{"year":2020,"ped":1,"fatal":1}},{"type":"Feature","geometry":{"type":"Point","coordinates":[-80.238096307,25.739785522]},"properties":{"year":2020,"ped":0,"fatal":0}},{"type":"Feature","geometry":{"type":"Point","coordinates":[-80.1995405169999,25.778718111]},"properties":{"year":2020,"ped":0,"fatal":0}},{"type":"Feature","geometry":{"type":"Point","coordinates":[-80.3357086789999,25.736703225]},"properties":{"year":2020,"ped":0,"fatal":1}},{"type":"Feature","geometry":{"type":"Point","coordinates":[-80.2542968019999,25.735061923]},"properties":{"year":2020,"ped":1,"fatal":0}},{"type":"Feature","geometry":{"type":"Point","coordinates":[-80.18898882,25.7941943070001]},"properties":{"year":2020,"ped":0,"fatal":0}},{"type":"Feature","geometry":{"type":"Point","coordinates":[-80.237235007,25.7661008150001]},"properties":{"year":2020,"ped":1,"fatal":0}},{"type":"Feature","geometry":{"type":"Point","coordinates":[-80.206963115,25.7915386080001]},"properties":{"year":2020,"ped":1,"fatal":1}},{"type":"Feature","geometry":{"type":"Point","coordinates":[-80.18901572,25.795556407]},"properties":{"year":2020,"ped":0,"fatal":1}},{"type":"Feature","geometry":{"type":"Point","coordinates":[-80.207304315,25.803496706]},"properties":{"year":2020,"ped":1,"fatal":0}},{"type":"Feature","geometry":{"type":"Point","coordinates":[-80.323092969,25.7697265680001]},"properties":{"year":2020,"ped":1,"fatal":0}},{"type":"Feature","geometry":{"type":"Point","coordinates":[-80.231497222,25.795150866]},"properties":{"year":2020,"ped":1,"fatal":0}},{"type":"Feature","geometry":{"type":"Point","coordinates":[-80.3280606069999,25.769635583]},"properties":{"year":2020,"ped":1,"fatal":0}},{"type":"Feature","geometry":{"type":"Point","coordinates":[-80.2710907809999,25.7199875690001]},"properties":{"year":2020,"ped":0,"fatal":0}},{"type":"Feature","geometry":{"type":"Point","coordinates":[-80.206865463,25.787189298]},"properties":{"year":2020,"ped":0,"fatal":0}},{"type":"Feature","geometry":{"type":"Point","coordinates":[-80.304328568,25.7705596910001]},"properties":{"year":2020,"ped":0,"fatal":0}},{"type":"Feature","geometry":{"type":"Point","coordinates":[-80.22789549,25.8084752350001]},"properties":{"year":2020,"ped":0,"fatal":0}},{"type":"Feature","geometry":{"type":"Point","coordinates":[-80.286846894,25.740870827]},"properties":{"year":2020,"ped":0,"fatal":0}},{"type":"Feature","geometry":{"type":"Point","coordinates":[-80.230345676,25.816852838]},"properties":{"year":2020,"ped":0,"fatal":0}},{"type":"Feature","geometry":{"type":"Point","coordinates":[-80.317789792,25.780813735]},"properties":{"year":2020,"ped":0,"fatal":0}},{"type":"Feature","geometry":{"type":"Point","coordinates":[-80.283136671,25.763729332]},"properties":{"year":2020,"ped":1,"fatal":0}},{"type":"Feature","geometry":{"type":"Point","coordinates":[-80.231481115,25.7944852970001]},"properties":{"year":2020,"ped":0,"fatal":0}},{"type":"Feature","geometry":{"type":"Point","coordinates":[-80.270919862,25.719469008]},"properties":{"year":2020,"ped":0,"fatal":0}},{"type":"Feature","geometry":{"type":"Point","coordinates":[-80.236452984,25.7652398060001]},"properties":{"year":2020,"ped":0,"fatal":0}},{"type":"Feature","geometry":{"type":"Point","coordinates":[-80.318865439,25.6883403800001]},"properties":{"year":2020,"ped":0,"fatal":0}},{"type":"Feature","geometry":{"type":"Point","coordinates":[-80.199319659,25.8080411460001]},"properties":{"year":2020,"ped":0,"fatal":0}},{"type":"Feature","geometry":{"type":"Point","coordinates":[-80.2518364539999,25.7719351060001]},"properties":{"year":2020,"ped":0,"fatal":0}},{"type":"Feature","geometry":{"type":"Point","coordinates":[-80.309102996,25.6960709260001]},"properties":{"year":2020,"ped":0,"fatal":0}},{"type":"Feature","geometry":{"type":"Point","coordinates":[-80.2626604499999,25.7476626210001]},"properties":{"year":2020,"ped":0,"fatal":0}},{"type":"Feature","geometry":{"type":"Point","coordinates":[-80.2552056,25.759084316]},"properties":{"year":2020,"ped":0,"fatal":0}},{"type":"Feature","geometry":{"type":"Point","coordinates":[-80.3163261829999,25.769948916]},"properties":{"year":2021,"ped":0,"fatal":0}},{"type":"Feature","geometry":{"type":"Point","coordinates":[-80.318286084,25.728449126]},"properties":{"year":2021,"ped":0,"fatal":0}},{"type":"Feature","geometry":{"type":"Point","coordinates":[-80.320685283,25.757889119]},"properties":{"year":2021,"ped":0,"fatal":0}},{"type":"Feature","geometry":{"type":"Point","coordinates":[-80.316698485,25.7029681330001]},"properties":{"year":2021,"ped":0,"fatal":0}},{"type":"Feature","geometry":{"type":"Point","coordinates":[-80.248526426,25.816234063]},"properties":{"year":2021,"ped":1,"fatal":0}},{"type":"Feature","geometry":{"type":"Point","coordinates":[-80.238096307,25.739785522]},"properties":{"year":2021,"ped":0,"fatal":0}},{"type":"Feature","geometry":{"type":"Point","coordinates":[-80.2231556739999,25.790885756]},"properties":{"year":2021,"ped":1,"fatal":0}},{"type":"Feature","geometry":{"type":"Point","coordinates":[-80.33406338,25.702326633]},"properties":{"year":2021,"ped":0,"fatal":0}},{"type":"Feature","geometry":{"type":"Point","coordinates":[-80.231070652,25.7757235720001]},"properties":{"year":2021,"ped":1,"fatal":1}},{"type":"Feature","geometry":{"type":"Point","coordinates":[-80.194721481,25.795550119]},"properties":{"year":2021,"ped":1,"fatal":0}},{"type":"Feature","geometry":{"type":"Point","coordinates":[-80.271370568,25.7197884280001]},"properties":{"year":2021,"ped":0,"fatal":0}},{"type":"Feature","geometry":{"type":"Point","coordinates":[-80.2326911069999,25.824164501]},"properties":{"year":2021,"ped":0,"fatal":1}},{"type":"Feature","geometry":{"type":"Point","coordinates":[-80.318697521,25.7742304290001]},"properties":{"year":2021,"ped":1,"fatal":0}},{"type":"Feature","geometry":{"type":"Point","coordinates":[-80.213046242,25.775486405]},"properties":{"year":2021,"ped":0,"fatal":0}},{"type":"Feature","geometry":{"type":"Point","coordinates":[-80.271283399,25.719870588]},"properties":{"year":2021,"ped":0,"fatal":0}},{"type":"Feature","geometry":{"type":"Point","coordinates":[-80.2614421389999,25.704291821]},"properties":{"year":2021,"ped":0,"fatal":0}},{"type":"Feature","geometry":{"type":"Point","coordinates":[-80.270209573,25.7354788960001]},"properties":{"year":2021,"ped":0,"fatal":0}},{"type":"Feature","geometry":{"type":"Point","coordinates":[-80.241636005,25.78466051]},"properties":{"year":2021,"ped":0,"fatal":0}},{"type":"Feature","geometry":{"type":"Point","coordinates":[-80.1904582179999,25.7819399000001]},"properties":{"year":2021,"ped":1,"fatal":0}},{"type":"Feature","geometry":{"type":"Point","coordinates":[-80.190994916,25.8009900260001]},"properties":{"year":2021,"ped":0,"fatal":0}},{"type":"Feature","geometry":{"type":"Point","coordinates":[-80.290740276,25.7069419870001]},"properties":{"year":2021,"ped":0,"fatal":0}},{"type":"Feature","geometry":{"type":"Point","coordinates":[-80.199917539,25.788095583]},"properties":{"year":2021,"ped":0,"fatal":0}},{"type":"Feature","geometry":{"type":"Point","coordinates":[-80.2534269019999,25.7718751140001]},"properties":{"year":2021,"ped":0,"fatal":1}},{"type":"Feature","geometry":{"type":"Point","coordinates":[-80.239390106,25.782999111]},"properties":{"year":2021,"ped":0,"fatal":0}},{"type":"Feature","geometry":{"type":"Point","coordinates":[-80.32162098,25.824353102]},"properties":{"year":2021,"ped":0,"fatal":0}},{"type":"Feature","geometry":{"type":"Point","coordinates":[-80.19278062,25.7673908140001]},"properties":{"year":2021,"ped":1,"fatal":0}},{"type":"Feature","geometry":{"type":"Point","coordinates":[-80.2557181989999,25.78094882]},"properties":{"year":2021,"ped":1,"fatal":0}},{"type":"Feature","geometry":{"type":"Point","coordinates":[-80.289706709,25.785462867]},"properties":{"year":2021,"ped":0,"fatal":0}},{"type":"Feature","geometry":{"type":"Point","coordinates":[-80.206002215,25.8161823020001]},"properties":{"year":2021,"ped":1,"fatal":0}},{"type":"Feature","geometry":{"type":"Point","coordinates":[-80.3134120829999,25.8092750060001]},"properties":{"year":2021,"ped":0,"fatal":0}},{"type":"Feature","geometry":{"type":"Point","coordinates":[-80.3338207799999,25.696956835]},"properties":{"year":2021,"ped":1,"fatal":0}},{"type":"Feature","geometry":{"type":"Point","coordinates":[-80.30325049,25.6933241350001]},"properties":{"year":2021,"ped":0,"fatal":0}},{"type":"Feature","geometry":{"type":"Point","coordinates":[-80.2718327969999,25.771443715]},"properties":{"year":2021,"ped":1,"fatal":1}},{"type":"Feature","geometry":{"type":"Point","coordinates":[-80.266076799,25.7232000270001]},"properties":{"year":2021,"ped":0,"fatal":0}},{"type":"Feature","geometry":{"type":"Point","coordinates":[-80.286016192,25.7845477120001]},"properties":{"year":2021,"ped":0,"fatal":0}},{"type":"Feature","geometry":{"type":"Point","coordinates":[-80.2020321159999,25.8251054]},"properties":{"year":2021,"ped":1,"fatal":0}},{"type":"Feature","geometry":{"type":"Point","coordinates":[-80.320943982,25.7816905130001]},"properties":{"year":2021,"ped":0,"fatal":0}},{"type":"Feature","geometry":{"type":"Point","coordinates":[-80.332843681,25.6956272350001]},"properties":{"year":2021,"ped":0,"fatal":0}},{"type":"Feature","geometry":{"type":"Point","coordinates":[-80.321064782,25.799556108]},"properties":{"year":2021,"ped":0,"fatal":0}},{"type":"Feature","geometry":{"type":"Point","coordinates":[-80.18698862,25.8255108990001]},"properties":{"year":2021,"ped":1,"fatal":0}},{"type":"Feature","geometry":{"type":"Point","coordinates":[-80.215713812,25.809768004]},"properties":{"year":2021,"ped":0,"fatal":0}},{"type":"Feature","geometry":{"type":"Point","coordinates":[-80.291201891,25.7839946120001]},"properties":{"year":2021,"ped":0,"fatal":0}},{"type":"Feature","geometry":{"type":"Point","coordinates":[-80.214801113,25.7792835120001]},"properties":{"year":2021,"ped":0,"fatal":0}},{"type":"Feature","geometry":{"type":"Point","coordinates":[-80.207818808,25.787822788]},"properties":{"year":2021,"ped":0,"fatal":0}},{"type":"Feature","geometry":{"type":"Point","coordinates":[-80.200121618,25.766179815]},"properties":{"year":2021,"ped":0,"fatal":0}},{"type":"Feature","geometry":{"type":"Point","coordinates":[-80.273430637,25.825715862]},"properties":{"year":2023,"ped":1,"fatal":0}},{"type":"Feature","geometry":{"type":"Point","coordinates":[-80.262397197,25.7421196440001]},"properties":{"year":2023,"ped":0,"fatal":0}},{"type":"Feature","geometry":{"type":"Point","coordinates":[-80.207559315,25.8100465110001]},"properties":{"year":2023,"ped":0,"fatal":0}},{"type":"Feature","geometry":{"type":"Point","coordinates":[-80.273610865,25.7459781950001]},"properties":{"year":2023,"ped":1,"fatal":0}},{"type":"Feature","geometry":{"type":"Point","coordinates":[-80.273685014,25.7169886080001]},"properties":{"year":2023,"ped":0,"fatal":0}},{"type":"Feature","geometry":{"type":"Point","coordinates":[-80.2734198209999,25.825643502]},"properties":{"year":2023,"ped":0,"fatal":0}},{"type":"Feature","geometry":{"type":"Point","coordinates":[-80.2876077189999,25.7566111360001]},"properties":{"year":2023,"ped":0,"fatal":0}},{"type":"Feature","geometry":{"type":"Point","coordinates":[-80.282866728,25.7069281450001]},"properties":{"year":2023,"ped":1,"fatal":0}},{"type":"Feature","geometry":{"type":"Point","coordinates":[-80.197913423,25.781729087]},"properties":{"year":2023,"ped":1,"fatal":0}},{"type":"Feature","geometry":{"type":"Point","coordinates":[-80.3284761199999,25.782700123]},"properties":{"year":2023,"ped":0,"fatal":0}},{"type":"Feature","geometry":{"type":"Point","coordinates":[-80.216046443,25.787643211]},"properties":{"year":2023,"ped":0,"fatal":0}},{"type":"Feature","geometry":{"type":"Point","coordinates":[-80.257462367,25.80432762]},"properties":{"year":2023,"ped":1,"fatal":0}},{"type":"Feature","geometry":{"type":"Point","coordinates":[-80.2534612869999,25.7255234040001]},"properties":{"year":2023,"ped":0,"fatal":1}},{"type":"Feature","geometry":{"type":"Point","coordinates":[-80.23982628,25.7961247050001]},"properties":{"year":2023,"ped":0,"fatal":0}},{"type":"Feature","geometry":{"type":"Point","coordinates":[-80.2055055449999,25.79443859]},"properties":{"year":2023,"ped":0,"fatal":0}},{"type":"Feature","geometry":{"type":"Point","coordinates":[-80.256687239,25.8086081820001]},"properties":{"year":2023,"ped":1,"fatal":0}},{"type":"Feature","geometry":{"type":"Point","coordinates":[-80.255501142,25.771340486]},"properties":{"year":2023,"ped":1,"fatal":0}},{"type":"Feature","geometry":{"type":"Point","coordinates":[-80.3171998179999,25.7000302170001]},"properties":{"year":2023,"ped":0,"fatal":0}},{"type":"Feature","geometry":{"type":"Point","coordinates":[-80.1908913839999,25.798991846]},"properties":{"year":2023,"ped":0,"fatal":0}},{"type":"Feature","geometry":{"type":"Point","coordinates":[-80.2168114959999,25.7429240820001]},"properties":{"year":2023,"ped":0,"fatal":0}},{"type":"Feature","geometry":{"type":"Point","coordinates":[-80.2555070499999,25.772723451]},"properties":{"year":2023,"ped":1,"fatal":0}},{"type":"Feature","geometry":{"type":"Point","coordinates":[-80.248473027,25.8087616450001]},"properties":{"year":2023,"ped":0,"fatal":0}},{"type":"Feature","geometry":{"type":"Point","coordinates":[-80.237682526,25.7314723280001]},"properties":{"year":2023,"ped":0,"fatal":0}},{"type":"Feature","geometry":{"type":"Point","coordinates":[-80.238601015,25.7576813090001]},"properties":{"year":2023,"ped":1,"fatal":1}},{"type":"Feature","geometry":{"type":"Point","coordinates":[-80.291050588,25.748411135]},"properties":{"year":2023,"ped":0,"fatal":1}},{"type":"Feature","geometry":{"type":"Point","coordinates":[-80.3198157959999,25.747315056]},"properties":{"year":2023,"ped":0,"fatal":0}},{"type":"Feature","geometry":{"type":"Point","coordinates":[-80.196029153,25.811437955]},"properties":{"year":2023,"ped":0,"fatal":0}},{"type":"Feature","geometry":{"type":"Point","coordinates":[-80.271100328,25.735304408]},"properties":{"year":2023,"ped":0,"fatal":0}},{"type":"Feature","geometry":{"type":"Point","coordinates":[-80.285346197,25.7027910940001]},"properties":{"year":2023,"ped":0,"fatal":0}},{"type":"Feature","geometry":{"type":"Point","coordinates":[-80.234135972,25.750236542]},"properties":{"year":2023,"ped":0,"fatal":0}},{"type":"Feature","geometry":{"type":"Point","coordinates":[-80.2403162529999,25.738947544]},"properties":{"year":2023,"ped":1,"fatal":0}},{"type":"Feature","geometry":{"type":"Point","coordinates":[-80.287382639,25.7042610820001]},"properties":{"year":2023,"ped":1,"fatal":1}},{"type":"Feature","geometry":{"type":"Point","coordinates":[-80.328910489,25.7968907870001]},"properties":{"year":2023,"ped":0,"fatal":0}},{"type":"Feature","geometry":{"type":"Point","coordinates":[-80.240620214,25.7577032780001]},"properties":{"year":2023,"ped":0,"fatal":0}},{"type":"Feature","geometry":{"type":"Point","coordinates":[-80.231546872,25.811753067]},"properties":{"year":2023,"ped":0,"fatal":0}},{"type":"Feature","geometry":{"type":"Point","coordinates":[-80.329167325,25.8043553370001]},"properties":{"year":2023,"ped":0,"fatal":0}},{"type":"Feature","geometry":{"type":"Point","coordinates":[-80.2744265319999,25.679369926]},"properties":{"year":2023,"ped":0,"fatal":0}},{"type":"Feature","geometry":{"type":"Point","coordinates":[-80.281234791,25.734163079]},"properties":{"year":2023,"ped":0,"fatal":0}},{"type":"Feature","geometry":{"type":"Point","coordinates":[-80.2809352039999,25.711087354]},"properties":{"year":2023,"ped":0,"fatal":0}},{"type":"Feature","geometry":{"type":"Point","coordinates":[-80.2669420239999,25.753126749]},"properties":{"year":2023,"ped":0,"fatal":1}},{"type":"Feature","geometry":{"type":"Point","coordinates":[-80.2592169869999,25.7645443640001]},"properties":{"year":2023,"ped":0,"fatal":0}},{"type":"Feature","geometry":{"type":"Point","coordinates":[-80.263688233,25.700493943]},"properties":{"year":2023,"ped":1,"fatal":0}},{"type":"Feature","geometry":{"type":"Point","coordinates":[-80.262079948,25.7348394650001]},"properties":{"year":2023,"ped":0,"fatal":0}},{"type":"Feature","geometry":{"type":"Point","coordinates":[-80.280955536,25.7266911350001]},"properties":{"year":2023,"ped":0,"fatal":0}},{"type":"Feature","geometry":{"type":"Point","coordinates":[-80.260547308,25.7462053310001]},"properties":{"year":2023,"ped":0,"fatal":0}},{"type":"Feature","geometry":{"type":"Point","coordinates":[-80.267038718,25.722577797]},"properties":{"year":2023,"ped":0,"fatal":0}},{"type":"Feature","geometry":{"type":"Point","coordinates":[-80.2657568179999,25.7233567710001]},"properties":{"year":2023,"ped":0,"fatal":0}},{"type":"Feature","geometry":{"type":"Point","coordinates":[-80.261029707,25.7269292410001]},"properties":{"year":2023,"ped":0,"fatal":0}},{"type":"Feature","geometry":{"type":"Point","coordinates":[-80.2777589849999,25.7137236410001]},"properties":{"year":2023,"ped":0,"fatal":0}},{"type":"Feature","geometry":{"type":"Point","coordinates":[-80.313512127,25.8152760030001]},"properties":{"year":2023,"ped":0,"fatal":0}},{"type":"Feature","geometry":{"type":"Point","coordinates":[-80.219678733,25.7666124080001]},"properties":{"year":2023,"ped":0,"fatal":1}},{"type":"Feature","geometry":{"type":"Point","coordinates":[-80.29777388,25.8075783100001]},"properties":{"year":2023,"ped":0,"fatal":0}},{"type":"Feature","geometry":{"type":"Point","coordinates":[-80.195410893,25.8104411470001]},"properties":{"year":2023,"ped":0,"fatal":1}},{"type":"Feature","geometry":{"type":"Point","coordinates":[-80.198960192,25.7980327660001]},"properties":{"year":2023,"ped":0,"fatal":0}},{"type":"Feature","geometry":{"type":"Point","coordinates":[-80.222760013,25.7711672890001]},"properties":{"year":2023,"ped":1,"fatal":1}},{"type":"Feature","geometry":{"type":"Point","coordinates":[-80.195572064,25.774013364]},"properties":{"year":2023,"ped":0,"fatal":0}},{"type":"Feature","geometry":{"type":"Point","coordinates":[-80.217712251,25.809752771]},"properties":{"year":2023,"ped":0,"fatal":0}},{"type":"Feature","geometry":{"type":"Point","coordinates":[-80.2715950159999,25.7189097180001]},"properties":{"year":2023,"ped":0,"fatal":0}},{"type":"Feature","geometry":{"type":"Point","coordinates":[-80.221380461,25.8096889710001]},"properties":{"year":2023,"ped":0,"fatal":1}},{"type":"Feature","geometry":{"type":"Point","coordinates":[-80.2614757169999,25.7217164890001]},"properties":{"year":2023,"ped":0,"fatal":0}},{"type":"Feature","geometry":{"type":"Point","coordinates":[-80.264258189,25.803445142]},"properties":{"year":2023,"ped":1,"fatal":0}},{"type":"Feature","geometry":{"type":"Point","coordinates":[-80.188464744,25.786331364]},"properties":{"year":2023,"ped":0,"fatal":0}},{"type":"Feature","geometry":{"type":"Point","coordinates":[-80.2793373549999,25.822725355]},"properties":{"year":2023,"ped":0,"fatal":0}},{"type":"Feature","geometry":{"type":"Point","coordinates":[-80.319756532,25.7408642820001]},"properties":{"year":2023,"ped":0,"fatal":0}},{"type":"Feature","geometry":{"type":"Point","coordinates":[-80.221026013,25.773340751]},"properties":{"year":2023,"ped":1,"fatal":0}},{"type":"Feature","geometry":{"type":"Point","coordinates":[-80.238379868,25.7849255240001]},"properties":{"year":2023,"ped":0,"fatal":0}},{"type":"Feature","geometry":{"type":"Point","coordinates":[-80.205853748,25.810161834]},"properties":{"year":2023,"ped":0,"fatal":0}},{"type":"Feature","geometry":{"type":"Point","coordinates":[-80.2820022829999,25.8239749110001]},"properties":{"year":2023,"ped":0,"fatal":0}},{"type":"Feature","geometry":{"type":"Point","coordinates":[-80.205640918,25.7979262740001]},"properties":{"year":2023,"ped":0,"fatal":0}},{"type":"Feature","geometry":{"type":"Point","coordinates":[-80.2615080259999,25.8085545160001]},"properties":{"year":2023,"ped":1,"fatal":1}},{"type":"Feature","geometry":{"type":"Point","coordinates":[-80.196266297,25.811469828]},"properties":{"year":2023,"ped":0,"fatal":0}},{"type":"Feature","geometry":{"type":"Point","coordinates":[-80.256361118,25.8105671070001]},"properties":{"year":2023,"ped":0,"fatal":0}},{"type":"Feature","geometry":{"type":"Point","coordinates":[-80.188948018,25.786089485]},"properties":{"year":2023,"ped":0,"fatal":0}},{"type":"Feature","geometry":{"type":"Point","coordinates":[-80.333537345,25.68797534]},"properties":{"year":2023,"ped":0,"fatal":0}},{"type":"Feature","geometry":{"type":"Point","coordinates":[-80.237510565,25.7723708390001]},"properties":{"year":2023,"ped":1,"fatal":0}},{"type":"Feature","geometry":{"type":"Point","coordinates":[-80.2077109159999,25.7738677510001]},"properties":{"year":2023,"ped":0,"fatal":1}},{"type":"Feature","geometry":{"type":"Point","coordinates":[-80.219226106,25.7949096020001]},"properties":{"year":2023,"ped":0,"fatal":0}},{"type":"Feature","geometry":{"type":"Point","coordinates":[-80.232014681,25.80843429]},"properties":{"year":2023,"ped":0,"fatal":0}},{"type":"Feature","geometry":{"type":"Point","coordinates":[-80.2146439529999,25.7841321560001]},"properties":{"year":2023,"ped":0,"fatal":0}},{"type":"Feature","geometry":{"type":"Point","coordinates":[-80.2387499129999,25.765170475]},"properties":{"year":2023,"ped":0,"fatal":1}},{"type":"Feature","geometry":{"type":"Point","coordinates":[-80.2070256759999,25.791613177]},"properties":{"year":2023,"ped":0,"fatal":0}},{"type":"Feature","geometry":{"type":"Point","coordinates":[-80.252483994,25.7719405130001]},"properties":{"year":2023,"ped":0,"fatal":0}},{"type":"Feature","geometry":{"type":"Point","coordinates":[-80.1920896789999,25.781880039]},"properties":{"year":2023,"ped":0,"fatal":0}},{"type":"Feature","geometry":{"type":"Point","coordinates":[-80.249524525,25.7240574320001]},"properties":{"year":2023,"ped":0,"fatal":0}},{"type":"Feature","geometry":{"type":"Point","coordinates":[-80.198892934,25.795590589]},"properties":{"year":2023,"ped":0,"fatal":0}},{"type":"Feature","geometry":{"type":"Point","coordinates":[-80.2314326819999,25.7870518460001]},"properties":{"year":2023,"ped":0,"fatal":0}},{"type":"Feature","geometry":{"type":"Point","coordinates":[-80.2259813909999,25.7983488260001]},"properties":{"year":2023,"ped":0,"fatal":0}},{"type":"Feature","geometry":{"type":"Point","coordinates":[-80.242189767,25.7911292810001]},"properties":{"year":2023,"ped":0,"fatal":1}},{"type":"Feature","geometry":{"type":"Point","coordinates":[-80.197220452,25.810421686]},"properties":{"year":2023,"ped":0,"fatal":1}},{"type":"Feature","geometry":{"type":"Point","coordinates":[-80.200006886,25.789950796]},"properties":{"year":2023,"ped":1,"fatal":0}},{"type":"Feature","geometry":{"type":"Point","coordinates":[-80.206831719,25.7834046410001]},"properties":{"year":2023,"ped":0,"fatal":0}},{"type":"Feature","geometry":{"type":"Point","coordinates":[-80.224397548,25.8190303280001]},"properties":{"year":2023,"ped":0,"fatal":0}},{"type":"Feature","geometry":{"type":"Point","coordinates":[-80.239489662,25.7841636000001]},"properties":{"year":2023,"ped":0,"fatal":0}},{"type":"Feature","geometry":{"type":"Point","coordinates":[-80.3150272999999,25.732985361]},"properties":{"year":2023,"ped":0,"fatal":0}},{"type":"Feature","geometry":{"type":"Point","coordinates":[-80.3200970249999,25.7504589050001]},"properties":{"year":2023,"ped":0,"fatal":0}},{"type":"Feature","geometry":{"type":"Point","coordinates":[-80.2490524139999,25.772106078]},"properties":{"year":2023,"ped":0,"fatal":0}},{"type":"Feature","geometry":{"type":"Point","coordinates":[-80.224043533,25.8133592830001]},"properties":{"year":2023,"ped":0,"fatal":0}},{"type":"Feature","geometry":{"type":"Point","coordinates":[-80.215037369,25.792824835]},"properties":{"year":2023,"ped":1,"fatal":0}},{"type":"Feature","geometry":{"type":"Point","coordinates":[-80.189488588,25.8106261230001]},"properties":{"year":2023,"ped":0,"fatal":0}},{"type":"Feature","geometry":{"type":"Point","coordinates":[-80.206137052,25.820903565]},"properties":{"year":2023,"ped":0,"fatal":0}},{"type":"Feature","geometry":{"type":"Point","coordinates":[-80.287616624,25.7563143940001]},"properties":{"year":2023,"ped":0,"fatal":1}},{"type":"Feature","geometry":{"type":"Point","coordinates":[-80.303865694,25.7480403210001]},"properties":{"year":2023,"ped":0,"fatal":0}},{"type":"Feature","geometry":{"type":"Point","coordinates":[-80.30333744,25.8073427160001]},"properties":{"year":2023,"ped":0,"fatal":1}},{"type":"Feature","geometry":{"type":"Point","coordinates":[-80.246587727,25.81629364]},"properties":{"year":2023,"ped":0,"fatal":0}},{"type":"Feature","geometry":{"type":"Point","coordinates":[-80.295303769,25.7453920900001]},"properties":{"year":2023,"ped":1,"fatal":0}},{"type":"Feature","geometry":{"type":"Point","coordinates":[-80.205614243,25.8053129950001]},"properties":{"year":2023,"ped":0,"fatal":0}},{"type":"Feature","geometry":{"type":"Point","coordinates":[-80.17100836,25.7411532150001]},"properties":{"year":2023,"ped":0,"fatal":1}},{"type":"Feature","geometry":{"type":"Point","coordinates":[-80.21354114,25.8124235980001]},"properties":{"year":2023,"ped":0,"fatal":0}},{"type":"Feature","geometry":{"type":"Point","coordinates":[-80.297405795,25.7488818360001]},"properties":{"year":2023,"ped":1,"fatal":0}},{"type":"Feature","geometry":{"type":"Point","coordinates":[-80.252494408,25.7732612190001]},"properties":{"year":2023,"ped":0,"fatal":0}},{"type":"Feature","geometry":{"type":"Point","coordinates":[-80.2216771069999,25.818313462]},"properties":{"year":2023,"ped":0,"fatal":0}},{"type":"Feature","geometry":{"type":"Point","coordinates":[-80.219764942,25.7465960920001]},"properties":{"year":2023,"ped":0,"fatal":1}},{"type":"Feature","geometry":{"type":"Point","coordinates":[-80.303717519,25.784898535]},"properties":{"year":2023,"ped":0,"fatal":0}},{"type":"Feature","geometry":{"type":"Point","coordinates":[-80.249011428,25.8262690130001]},"properties":{"year":2023,"ped":0,"fatal":0}},{"type":"Feature","geometry":{"type":"Point","coordinates":[-80.2406458089999,25.8174502790001]},"properties":{"year":2023,"ped":0,"fatal":0}},{"type":"Feature","geometry":{"type":"Point","coordinates":[-80.206649855,25.82475472]},"properties":{"year":2023,"ped":1,"fatal":1}},{"type":"Feature","geometry":{"type":"Point","coordinates":[-80.334678205,25.7815526090001]},"properties":{"year":2023,"ped":0,"fatal":1}},{"type":"Feature","geometry":{"type":"Point","coordinates":[-80.3212146819999,25.7972264090001]},"properties":{"year":2022,"ped":0,"fatal":0}},{"type":"Feature","geometry":{"type":"Point","coordinates":[-80.326962344,25.7622536280001]},"properties":{"year":2022,"ped":0,"fatal":1}},{"type":"Feature","geometry":{"type":"Point","coordinates":[-80.240230375,25.8108013290001]},"properties":{"year":2022,"ped":0,"fatal":0}},{"type":"Feature","geometry":{"type":"Point","coordinates":[-80.264408598,25.8105612050001]},"properties":{"year":2022,"ped":0,"fatal":0}},{"type":"Feature","geometry":{"type":"Point","coordinates":[-80.2456706789999,25.7316187480001]},"properties":{"year":2022,"ped":0,"fatal":0}},{"type":"Feature","geometry":{"type":"Point","coordinates":[-80.311913668,25.782503363]},"properties":{"year":2022,"ped":0,"fatal":1}},{"type":"Feature","geometry":{"type":"Point","coordinates":[-80.2013572279999,25.784370181]},"properties":{"year":2022,"ped":0,"fatal":0}},{"type":"Feature","geometry":{"type":"Point","coordinates":[-80.290612349,25.733807186]},"properties":{"year":2022,"ped":0,"fatal":0}},{"type":"Feature","geometry":{"type":"Point","coordinates":[-80.208152599,25.8253123740001]},"properties":{"year":2022,"ped":1,"fatal":0}},{"type":"Feature","geometry":{"type":"Point","coordinates":[-80.210265068,25.7697573290001]},"properties":{"year":2022,"ped":0,"fatal":0}},{"type":"Feature","geometry":{"type":"Point","coordinates":[-80.320426942,25.7577675160001]},"properties":{"year":2022,"ped":1,"fatal":0}},{"type":"Feature","geometry":{"type":"Point","coordinates":[-80.234648406,25.816697821]},"properties":{"year":2022,"ped":1,"fatal":1}},{"type":"Feature","geometry":{"type":"Point","coordinates":[-80.270072985,25.705066147]},"properties":{"year":2022,"ped":0,"fatal":0}},{"type":"Feature","geometry":{"type":"Point","coordinates":[-80.2406710559999,25.8237709910001]},"properties":{"year":2022,"ped":1,"fatal":0}},{"type":"Feature","geometry":{"type":"Point","coordinates":[-80.320268813,25.768424069]},"properties":{"year":2022,"ped":0,"fatal":1}},{"type":"Feature","geometry":{"type":"Point","coordinates":[-80.223045699,25.77301378]},"properties":{"year":2022,"ped":0,"fatal":0}},{"type":"Feature","geometry":{"type":"Point","coordinates":[-80.314051483,25.8092753060001]},"properties":{"year":2022,"ped":1,"fatal":1}},{"type":"Feature","geometry":{"type":"Point","coordinates":[-80.207507914,25.809191304]},"properties":{"year":2022,"ped":0,"fatal":0}},{"type":"Feature","geometry":{"type":"Point","coordinates":[-80.219801847,25.746570954]},"properties":{"year":2022,"ped":0,"fatal":0}},{"type":"Feature","geometry":{"type":"Point","coordinates":[-80.1970545359999,25.784975527]},"properties":{"year":2022,"ped":1,"fatal":0}},{"type":"Feature","geometry":{"type":"Point","coordinates":[-80.312594984,25.7825890130001]},"properties":{"year":2022,"ped":0,"fatal":0}},{"type":"Feature","geometry":{"type":"Point","coordinates":[-80.214723152,25.7744025160001]},"properties":{"year":2022,"ped":1,"fatal":1}},{"type":"Feature","geometry":{"type":"Point","coordinates":[-80.205799753,25.7666124420001]},"properties":{"year":2022,"ped":0,"fatal":0}},{"type":"Feature","geometry":{"type":"Point","coordinates":[-80.214532645,25.768553863]},"properties":{"year":2022,"ped":1,"fatal":1}},{"type":"Feature","geometry":{"type":"Point","coordinates":[-80.214819711,25.750912139]},"properties":{"year":2022,"ped":1,"fatal":0}},{"type":"Feature","geometry":{"type":"Point","coordinates":[-80.2161225689999,25.7666768]},"properties":{"year":2022,"ped":0,"fatal":0}},{"type":"Feature","geometry":{"type":"Point","coordinates":[-80.264372034,25.8036776220001]},"properties":{"year":2022,"ped":0,"fatal":0}},{"type":"Feature","geometry":{"type":"Point","coordinates":[-80.266125097,25.7957505790001]},"properties":{"year":2022,"ped":0,"fatal":0}},{"type":"Feature","geometry":{"type":"Point","coordinates":[-80.206209997,25.750248605]},"properties":{"year":2022,"ped":0,"fatal":1}},{"type":"Feature","geometry":{"type":"Point","coordinates":[-80.289334992,25.763513317]},"properties":{"year":2022,"ped":0,"fatal":0}},{"type":"Feature","geometry":{"type":"Point","coordinates":[-80.211192328,25.799176763]},"properties":{"year":2022,"ped":0,"fatal":0}},{"type":"Feature","geometry":{"type":"Point","coordinates":[-80.3360397819999,25.7477003760001]},"properties":{"year":2022,"ped":1,"fatal":0}},{"type":"Feature","geometry":{"type":"Point","coordinates":[-80.331269106,25.8097327340001]},"properties":{"year":2022,"ped":0,"fatal":0}},{"type":"Feature","geometry":{"type":"Point","coordinates":[-80.3212796879999,25.8020697600001]},"properties":{"year":2022,"ped":0,"fatal":0}},{"type":"Feature","geometry":{"type":"Point","coordinates":[-80.28899983,25.7840737020001]},"properties":{"year":2022,"ped":0,"fatal":0}},{"type":"Feature","geometry":{"type":"Point","coordinates":[-80.231484197,25.7944628020001]},"properties":{"year":2022,"ped":0,"fatal":0}},{"type":"Feature","geometry":{"type":"Point","coordinates":[-80.2408280189999,25.8230104190001]},"properties":{"year":2022,"ped":0,"fatal":0}},{"type":"Feature","geometry":{"type":"Point","coordinates":[-80.332381599,25.7907234530001]},"properties":{"year":2022,"ped":0,"fatal":0}},{"type":"Feature","geometry":{"type":"Point","coordinates":[-80.188948469,25.794769133]},"properties":{"year":2022,"ped":0,"fatal":0}},{"type":"Feature","geometry":{"type":"Point","coordinates":[-80.298924676,25.7650256640001]},"properties":{"year":2022,"ped":0,"fatal":0}},{"type":"Feature","geometry":{"type":"Point","coordinates":[-80.204043568,25.825036024]},"properties":{"year":2022,"ped":0,"fatal":0}},{"type":"Feature","geometry":{"type":"Point","coordinates":[-80.2067842549999,25.79154435]},"properties":{"year":2022,"ped":1,"fatal":0}},{"type":"Feature","geometry":{"type":"Point","coordinates":[-80.321006901,25.81355245]},"properties":{"year":2022,"ped":0,"fatal":0}},{"type":"Feature","geometry":{"type":"Point","coordinates":[-80.239787069,25.796135914]},"properties":{"year":2022,"ped":1,"fatal":1}},{"type":"Feature","geometry":{"type":"Point","coordinates":[-80.2035124069999,25.78670701]},"properties":{"year":2022,"ped":0,"fatal":1}},{"type":"Feature","geometry":{"type":"Point","coordinates":[-80.2419015139999,25.765970059]},"properties":{"year":2022,"ped":0,"fatal":0}},{"type":"Feature","geometry":{"type":"Point","coordinates":[-80.173825375,25.782865454]},"properties":{"year":2022,"ped":0,"fatal":0}},{"type":"Feature","geometry":{"type":"Point","coordinates":[-80.280502793,25.807844806]},"properties":{"year":2022,"ped":0,"fatal":0}},{"type":"Feature","geometry":{"type":"Point","coordinates":[-80.217843514,25.77242019]},"properties":{"year":2022,"ped":0,"fatal":0}},{"type":"Feature","geometry":{"type":"Point","coordinates":[-80.261397877,25.7824994710001]},"properties":{"year":2022,"ped":0,"fatal":0}},{"type":"Feature","geometry":{"type":"Point","coordinates":[-80.2483009429999,25.8069553010001]},"properties":{"year":2022,"ped":0,"fatal":0}},{"type":"Feature","geometry":{"type":"Point","coordinates":[-80.328387354,25.776755345]},"properties":{"year":2022,"ped":0,"fatal":0}},{"type":"Feature","geometry":{"type":"Point","coordinates":[-80.335584078,25.747448922]},"properties":{"year":2022,"ped":1,"fatal":1}},{"type":"Feature","geometry":{"type":"Point","coordinates":[-80.242480217,25.8146010470001]},"properties":{"year":2022,"ped":0,"fatal":0}},{"type":"Feature","geometry":{"type":"Point","coordinates":[-80.298013122,25.7778027270001]},"properties":{"year":2022,"ped":0,"fatal":0}},{"type":"Feature","geometry":{"type":"Point","coordinates":[-80.2069211149999,25.7878469090001]},"properties":{"year":2022,"ped":0,"fatal":0}},{"type":"Feature","geometry":{"type":"Point","coordinates":[-80.2130337199999,25.776469499]},"properties":{"year":2022,"ped":0,"fatal":1}},{"type":"Feature","geometry":{"type":"Point","coordinates":[-80.289265292,25.7707635150001]},"properties":{"year":2022,"ped":1,"fatal":1}},{"type":"Feature","geometry":{"type":"Point","coordinates":[-80.200831417,25.7661852140001]},"properties":{"year":2022,"ped":0,"fatal":0}},{"type":"Feature","geometry":{"type":"Point","coordinates":[-80.2652477399999,25.8256699230001]},"properties":{"year":2022,"ped":1,"fatal":1}},{"type":"Feature","geometry":{"type":"Point","coordinates":[-80.195784219,25.7672958140001]},"properties":{"year":2022,"ped":0,"fatal":0}},{"type":"Feature","geometry":{"type":"Point","coordinates":[-80.332332879,25.7696033170001]},"properties":{"year":2022,"ped":0,"fatal":0}},{"type":"Feature","geometry":{"type":"Point","coordinates":[-80.273184257,25.8229203230001]},"properties":{"year":2022,"ped":1,"fatal":0}},{"type":"Feature","geometry":{"type":"Point","coordinates":[-80.256069655,25.749730497]},"properties":{"year":2022,"ped":0,"fatal":0}},{"type":"Feature","geometry":{"type":"Point","coordinates":[-80.3207022829999,25.7648067170001]},"properties":{"year":2022,"ped":0,"fatal":0}},{"type":"Feature","geometry":{"type":"Point","coordinates":[-80.317539285,25.7060351330001]},"properties":{"year":2022,"ped":0,"fatal":0}},{"type":"Feature","geometry":{"type":"Point","coordinates":[-80.259728455,25.743976876]},"properties":{"year":2022,"ped":0,"fatal":0}},{"type":"Feature","geometry":{"type":"Point","coordinates":[-80.2043482879999,25.795373822]},"properties":{"year":2022,"ped":0,"fatal":0}},{"type":"Feature","geometry":{"type":"Point","coordinates":[-80.335649078,25.7402754240001]},"properties":{"year":2022,"ped":0,"fatal":0}},{"type":"Feature","geometry":{"type":"Point","coordinates":[-80.2018999159999,25.8102383040001]},"properties":{"year":2022,"ped":0,"fatal":0}},{"type":"Feature","geometry":{"type":"Point","coordinates":[-80.24469694,25.820090119]},"properties":{"year":2022,"ped":0,"fatal":0}},{"type":"Feature","geometry":{"type":"Point","coordinates":[-80.257516401,25.764605316]},"properties":{"year":2022,"ped":0,"fatal":0}},{"type":"Feature","geometry":{"type":"Point","coordinates":[-80.317011483,25.7800574130001]},"properties":{"year":2022,"ped":0,"fatal":0}},{"type":"Feature","geometry":{"type":"Point","coordinates":[-80.204930915,25.791604308]},"properties":{"year":2022,"ped":0,"fatal":0}},{"type":"Feature","geometry":{"type":"Point","coordinates":[-80.260882119,25.7066658370001]},"properties":{"year":2022,"ped":0,"fatal":0}},{"type":"Feature","geometry":{"type":"Point","coordinates":[-80.2241034959999,25.814157725]},"properties":{"year":2022,"ped":1,"fatal":0}},{"type":"Feature","geometry":{"type":"Point","coordinates":[-80.2627218,25.7493785200001]},"properties":{"year":2022,"ped":0,"fatal":0}},{"type":"Feature","geometry":{"type":"Point","coordinates":[-80.2380919299999,25.79427603]},"properties":{"year":2022,"ped":1,"fatal":1}},{"type":"Feature","geometry":{"type":"Point","coordinates":[-80.188057666,25.789623154]},"properties":{"year":2022,"ped":1,"fatal":1}},{"type":"Feature","geometry":{"type":"Point","coordinates":[-80.19018202,25.7721005130001]},"properties":{"year":2022,"ped":0,"fatal":0}},{"type":"Feature","geometry":{"type":"Point","coordinates":[-80.242001656,25.8006876860001]},"properties":{"year":2022,"ped":0,"fatal":0}},{"type":"Feature","geometry":{"type":"Point","coordinates":[-80.288369691,25.7841192120001]},"properties":{"year":2022,"ped":0,"fatal":0}},{"type":"Feature","geometry":{"type":"Point","coordinates":[-80.289167891,25.784056611]},"properties":{"year":2022,"ped":0,"fatal":0}},{"type":"Feature","geometry":{"type":"Point","coordinates":[-80.263069999,25.7592863180001]},"properties":{"year":2022,"ped":0,"fatal":0}},{"type":"Feature","geometry":{"type":"Point","coordinates":[-80.2398687049999,25.799736207]},"properties":{"year":2022,"ped":0,"fatal":1}},{"type":"Feature","geometry":{"type":"Point","coordinates":[-80.3212394559999,25.78783493]},"properties":{"year":2022,"ped":0,"fatal":0}},{"type":"Feature","geometry":{"type":"Point","coordinates":[-80.189160709,25.7988480810001]},"properties":{"year":2022,"ped":0,"fatal":1}},{"type":"Feature","geometry":{"type":"Point","coordinates":[-80.310872181,25.733249088]},"properties":{"year":2022,"ped":0,"fatal":1}},{"type":"Feature","geometry":{"type":"Point","coordinates":[-80.3348960129999,25.716713575]},"properties":{"year":2022,"ped":0,"fatal":0}},{"type":"Feature","geometry":{"type":"Point","coordinates":[-80.321675264,25.82665653]},"properties":{"year":2022,"ped":0,"fatal":0}},{"type":"Feature","geometry":{"type":"Point","coordinates":[-80.335677305,25.7334457370001]},"properties":{"year":2022,"ped":0,"fatal":1}},{"type":"Feature","geometry":{"type":"Point","coordinates":[-80.213608186,25.748967544]},"properties":{"year":2022,"ped":0,"fatal":0}},{"type":"Feature","geometry":{"type":"Point","coordinates":[-80.305742462,25.6945604840001]},"properties":{"year":2022,"ped":0,"fatal":0}},{"type":"Feature","geometry":{"type":"Point","coordinates":[-80.285920168,25.7189514020001]},"properties":{"year":2022,"ped":0,"fatal":0}},{"type":"Feature","geometry":{"type":"Point","coordinates":[-80.222774681,25.7697784700001]},"properties":{"year":2022,"ped":0,"fatal":0}},{"type":"Feature","geometry":{"type":"Point","coordinates":[-80.239068056,25.773856686]},"properties":{"year":2022,"ped":0,"fatal":0}},{"type":"Feature","geometry":{"type":"Point","coordinates":[-80.199224376,25.8047332740001]},"properties":{"year":2022,"ped":1,"fatal":0}},{"type":"Feature","geometry":{"type":"Point","coordinates":[-80.3256989989999,25.8262187440001]},"properties":{"year":2022,"ped":0,"fatal":0}},{"type":"Feature","geometry":{"type":"Point","coordinates":[-80.206669031,25.780695753]},"properties":{"year":2022,"ped":0,"fatal":0}},{"type":"Feature","geometry":{"type":"Point","coordinates":[-80.2018588609999,25.785770353]},"properties":{"year":2022,"ped":0,"fatal":0}},{"type":"Feature","geometry":{"type":"Point","coordinates":[-80.321175328,25.8100023380001]},"properties":{"year":2022,"ped":0,"fatal":0}},{"type":"Feature","geometry":{"type":"Point","coordinates":[-80.239730553,25.7905879890001]},"properties":{"year":2022,"ped":1,"fatal":0}},{"type":"Feature","geometry":{"type":"Point","coordinates":[-80.222371375,25.75876284]},"properties":{"year":2022,"ped":0,"fatal":1}},{"type":"Feature","geometry":{"type":"Point","coordinates":[-80.199470473,25.7772691440001]},"properties":{"year":2022,"ped":0,"fatal":0}},{"type":"Feature","geometry":{"type":"Point","coordinates":[-80.240414604,25.8163939030001]},"properties":{"year":2022,"ped":0,"fatal":0}},{"type":"Feature","geometry":{"type":"Point","coordinates":[-80.2232818099999,25.791083547]},"properties":{"year":2022,"ped":1,"fatal":0}},{"type":"Feature","geometry":{"type":"Point","coordinates":[-80.217038859,25.7510732010001]},"properties":{"year":2022,"ped":0,"fatal":0}},{"type":"Feature","geometry":{"type":"Point","coordinates":[-80.190811561,25.797082808]},"properties":{"year":2022,"ped":0,"fatal":0}},{"type":"Feature","geometry":{"type":"Point","coordinates":[-80.232345713,25.7558122770001]},"properties":{"year":2022,"ped":0,"fatal":0}},{"type":"Feature","geometry":{"type":"Point","coordinates":[-80.2088933639999,25.7918487960001]},"properties":{"year":2022,"ped":1,"fatal":1}},{"type":"Feature","geometry":{"type":"Point","coordinates":[-80.310795104,25.7481355420001]},"properties":{"year":2022,"ped":0,"fatal":0}},{"type":"Feature","geometry":{"type":"Point","coordinates":[-80.251073425,25.7790399]},"properties":{"year":2022,"ped":0,"fatal":0}},{"type":"Feature","geometry":{"type":"Point","coordinates":[-80.2561408,25.785924611]},"properties":{"year":2022,"ped":0,"fatal":0}},{"type":"Feature","geometry":{"type":"Point","coordinates":[-80.244562704,25.772153014]},"properties":{"year":2022,"ped":0,"fatal":0}},{"type":"Feature","geometry":{"type":"Point","coordinates":[-80.2074310149999,25.8070413040001]},"properties":{"year":2022,"ped":1,"fatal":1}},{"type":"Feature","geometry":{"type":"Point","coordinates":[-80.265211633,25.761312891]},"properties":{"year":2022,"ped":0,"fatal":0}},{"type":"Feature","geometry":{"type":"Point","coordinates":[-80.3183405839999,25.731115726]},"properties":{"year":2022,"ped":0,"fatal":0}},{"type":"Feature","geometry":{"type":"Point","coordinates":[-80.214742513,25.777133312]},"properties":{"year":2022,"ped":1,"fatal":0}},{"type":"Feature","geometry":{"type":"Point","coordinates":[-80.1959375179999,25.8252763990001]},"properties":{"year":2022,"ped":1,"fatal":1}},{"type":"Feature","geometry":{"type":"Point","coordinates":[-80.3203060289999,25.768409352]},"properties":{"year":2022,"ped":0,"fatal":0}},{"type":"Feature","geometry":{"type":"Point","coordinates":[-80.318597284,25.7343807250001]},"properties":{"year":2022,"ped":0,"fatal":0}},{"type":"Feature","geometry":{"type":"Point","coordinates":[-80.301353428,25.777841047]},"properties":{"year":2022,"ped":0,"fatal":1}},{"type":"Feature","geometry":{"type":"Point","coordinates":[-80.232496251,25.821199687]},"properties":{"year":2022,"ped":0,"fatal":0}},{"type":"Feature","geometry":{"type":"Point","coordinates":[-80.305340214,25.7502645640001]},"properties":{"year":2022,"ped":0,"fatal":0}},{"type":"Feature","geometry":{"type":"Point","coordinates":[-80.310858845,25.7772758310001]},"properties":{"year":2022,"ped":0,"fatal":0}},{"type":"Feature","geometry":{"type":"Point","coordinates":[-80.298985494,25.7938071020001]},"properties":{"year":2022,"ped":0,"fatal":1}},{"type":"Feature","geometry":{"type":"Point","coordinates":[-80.2315097429999,25.8009796850001]},"properties":{"year":2022,"ped":0,"fatal":0}},{"type":"Feature","geometry":{"type":"Point","coordinates":[-80.277293696,25.763944617]},"properties":{"year":2022,"ped":1,"fatal":0}},{"type":"Feature","geometry":{"type":"Point","coordinates":[-80.2160519829999,25.76764673]},"properties":{"year":2022,"ped":1,"fatal":0}},{"type":"Feature","geometry":{"type":"Point","coordinates":[-80.206100407,25.825006681]},"properties":{"year":2022,"ped":0,"fatal":0}},{"type":"Feature","geometry":{"type":"Point","coordinates":[-80.307295768,25.7629965790001]},"properties":{"year":2022,"ped":0,"fatal":0}},{"type":"Feature","geometry":{"type":"Point","coordinates":[-80.2402776499999,25.794310061]},"properties":{"year":2022,"ped":0,"fatal":0}},{"type":"Feature","geometry":{"type":"Point","coordinates":[-80.248447662,25.8116163510001]},"properties":{"year":2022,"ped":0,"fatal":0}},{"type":"Feature","geometry":{"type":"Point","coordinates":[-80.223109025,25.789688519]},"properties":{"year":2022,"ped":0,"fatal":0}},{"type":"Feature","geometry":{"type":"Point","coordinates":[-80.1891163,25.800600613]},"properties":{"year":2022,"ped":1,"fatal":0}},{"type":"Feature","geometry":{"type":"Point","coordinates":[-80.271340916,25.7642119660001]},"properties":{"year":2022,"ped":0,"fatal":1}},{"type":"Feature","geometry":{"type":"Point","coordinates":[-80.275522767,25.771301997]},"properties":{"year":2022,"ped":1,"fatal":0}},{"type":"Feature","geometry":{"type":"Point","coordinates":[-80.238196671,25.7397720710001]},"properties":{"year":2022,"ped":1,"fatal":0}},{"type":"Feature","geometry":{"type":"Point","coordinates":[-80.1891400109999,25.7903944]},"properties":{"year":2022,"ped":0,"fatal":0}},{"type":"Feature","geometry":{"type":"Point","coordinates":[-80.214788911,25.7783863]},"properties":{"year":2022,"ped":0,"fatal":0}},{"type":"Feature","geometry":{"type":"Point","coordinates":[-80.215517792,25.766719504]},"properties":{"year":2022,"ped":1,"fatal":0}},{"type":"Feature","geometry":{"type":"Point","coordinates":[-80.317674159,25.708559961]},"properties":{"year":2022,"ped":0,"fatal":0}},{"type":"Feature","geometry":{"type":"Point","coordinates":[-80.258501152,25.7335456430001]},"properties":{"year":2022,"ped":1,"fatal":0}},{"type":"Feature","geometry":{"type":"Point","coordinates":[-80.284111513,25.726551709]},"properties":{"year":2022,"ped":0,"fatal":0}},{"type":"Feature","geometry":{"type":"Point","coordinates":[-80.2878600769999,25.7635394980001]},"properties":{"year":2022,"ped":0,"fatal":0}},{"type":"Feature","geometry":{"type":"Point","coordinates":[-80.276813632,25.763951992]},"properties":{"year":2022,"ped":0,"fatal":0}},{"type":"Feature","geometry":{"type":"Point","coordinates":[-80.258917766,25.764661732]},"properties":{"year":2022,"ped":1,"fatal":0}},{"type":"Feature","geometry":{"type":"Point","coordinates":[-80.258084888,25.7656041760001]},"properties":{"year":2022,"ped":0,"fatal":0}},{"type":"Feature","geometry":{"type":"Point","coordinates":[-80.258387096,25.750495976]},"properties":{"year":2022,"ped":1,"fatal":0}},{"type":"Feature","geometry":{"type":"Point","coordinates":[-80.2864539939999,25.734086518]},"properties":{"year":2022,"ped":0,"fatal":0}},{"type":"Feature","geometry":{"type":"Point","coordinates":[-80.258806916,25.7553907560001]},"properties":{"year":2022,"ped":1,"fatal":0}},{"type":"Feature","geometry":{"type":"Point","coordinates":[-80.27367034,25.7343462050001]},"properties":{"year":2022,"ped":1,"fatal":0}},{"type":"Feature","geometry":{"type":"Point","coordinates":[-80.268967399,25.720867028]},"properties":{"year":2022,"ped":0,"fatal":0}},{"type":"Feature","geometry":{"type":"Point","coordinates":[-80.187000401,25.8114709610001]},"properties":{"year":2022,"ped":0,"fatal":1}},{"type":"Feature","geometry":{"type":"Point","coordinates":[-80.255719846,25.7840161010001]},"properties":{"year":2022,"ped":1,"fatal":1}},{"type":"Feature","geometry":{"type":"Point","coordinates":[-80.224317419,25.818663853]},"properties":{"year":2022,"ped":1,"fatal":1}},{"type":"Feature","geometry":{"type":"Point","coordinates":[-80.231486225,25.7944912250001]},"properties":{"year":2022,"ped":0,"fatal":0}},{"type":"Feature","geometry":{"type":"Point","coordinates":[-80.319946992,25.7624066870001]},"properties":{"year":2023,"ped":0,"fatal":0}},{"type":"Feature","geometry":{"type":"Point","coordinates":[-80.303580917,25.7502858550001]},"properties":{"year":2023,"ped":0,"fatal":0}},{"type":"Feature","geometry":{"type":"Point","coordinates":[-80.296904978,25.790850973]},"properties":{"year":2023,"ped":1,"fatal":0}},{"type":"Feature","geometry":{"type":"Point","coordinates":[-80.32707959,25.717218928]},"properties":{"year":2023,"ped":0,"fatal":1}},{"type":"Feature","geometry":{"type":"Point","coordinates":[-80.3206020919999,25.756733437]},"properties":{"year":2023,"ped":0,"fatal":0}},{"type":"Feature","geometry":{"type":"Point","coordinates":[-80.271327566,25.725532146]},"properties":{"year":2023,"ped":0,"fatal":0}},{"type":"Feature","geometry":{"type":"Point","coordinates":[-80.2859134879999,25.7183822310001]},"properties":{"year":2023,"ped":0,"fatal":0}},{"type":"Feature","geometry":{"type":"Point","coordinates":[-80.2442714859999,25.80792402]},"properties":{"year":2023,"ped":1,"fatal":0}},{"type":"Feature","geometry":{"type":"Point","coordinates":[-80.270793156,25.719386436]},"properties":{"year":2023,"ped":0,"fatal":0}},{"type":"Feature","geometry":{"type":"Point","coordinates":[-80.280151525,25.7119550620001]},"properties":{"year":2023,"ped":0,"fatal":0}},{"type":"Feature","geometry":{"type":"Point","coordinates":[-80.273436379,25.7144049790001]},"properties":{"year":2023,"ped":0,"fatal":0}},{"type":"Feature","geometry":{"type":"Point","coordinates":[-80.262990544,25.77871343]},"properties":{"year":2023,"ped":0,"fatal":0}},{"type":"Feature","geometry":{"type":"Point","coordinates":[-80.2388854019999,25.8122904640001]},"properties":{"year":2023,"ped":0,"fatal":0}},{"type":"Feature","geometry":{"type":"Point","coordinates":[-80.238212657,25.7485785690001]},"properties":{"year":2023,"ped":0,"fatal":0}},{"type":"Feature","geometry":{"type":"Point","coordinates":[-80.1957397259999,25.76633996]},"properties":{"year":2023,"ped":0,"fatal":0}},{"type":"Feature","geometry":{"type":"Point","coordinates":[-80.1905197,25.7825052640001]},"properties":{"year":2023,"ped":0,"fatal":0}},{"type":"Feature","geometry":{"type":"Point","coordinates":[-80.3098509119999,25.7629347550001]},"properties":{"year":2023,"ped":0,"fatal":1}},{"type":"Feature","geometry":{"type":"Point","coordinates":[-80.20731578,25.8042357100001]},"properties":{"year":2023,"ped":0,"fatal":0}},{"type":"Feature","geometry":{"type":"Point","coordinates":[-80.23190189,25.8063845020001]},"properties":{"year":2023,"ped":1,"fatal":1}},{"type":"Feature","geometry":{"type":"Point","coordinates":[-80.1880284229999,25.817609632]},"properties":{"year":2023,"ped":0,"fatal":0}},{"type":"Feature","geometry":{"type":"Point","coordinates":[-80.28108765,25.807832284]},"properties":{"year":2023,"ped":0,"fatal":0}},{"type":"Feature","geometry":{"type":"Point","coordinates":[-80.3181250169999,25.7268117520001]},"properties":{"year":2023,"ped":0,"fatal":0}},{"type":"Feature","geometry":{"type":"Point","coordinates":[-80.232709818,25.82644809]},"properties":{"year":2023,"ped":0,"fatal":0}},{"type":"Feature","geometry":{"type":"Point","coordinates":[-80.2634864039999,25.769560294]},"properties":{"year":2023,"ped":0,"fatal":0}},{"type":"Feature","geometry":{"type":"Point","coordinates":[-80.197748803,25.772493551]},"properties":{"year":2023,"ped":1,"fatal":1}},{"type":"Feature","geometry":{"type":"Point","coordinates":[-80.217814456,25.7665672540001]},"properties":{"year":2023,"ped":0,"fatal":0}},{"type":"Feature","geometry":{"type":"Point","coordinates":[-80.3333377829999,25.8262053080001]},"properties":{"year":2023,"ped":1,"fatal":0}},{"type":"Feature","geometry":{"type":"Point","coordinates":[-80.214752714,25.776502808]},"properties":{"year":2023,"ped":1,"fatal":0}},{"type":"Feature","geometry":{"type":"Point","coordinates":[-80.202118259,25.826925068]},"properties":{"year":2023,"ped":0,"fatal":1}},{"type":"Feature","geometry":{"type":"Point","coordinates":[-80.237910551,25.801714857]},"properties":{"year":2023,"ped":0,"fatal":1}},{"type":"Feature","geometry":{"type":"Point","coordinates":[-80.215491527,25.805032602]},"properties":{"year":2023,"ped":1,"fatal":1}},{"type":"Feature","geometry":{"type":"Point","coordinates":[-80.226747496,25.8279970770001]},"properties":{"year":2023,"ped":0,"fatal":0}},{"type":"Feature","geometry":{"type":"Point","coordinates":[-80.2070165979999,25.809189566]},"properties":{"year":2023,"ped":0,"fatal":0}},{"type":"Feature","geometry":{"type":"Point","coordinates":[-80.2052761749999,25.794292812]},"properties":{"year":2023,"ped":0,"fatal":0}},{"type":"Feature","geometry":{"type":"Point","coordinates":[-80.2552210599999,25.766780295]},"properties":{"year":2023,"ped":0,"fatal":0}},{"type":"Feature","geometry":{"type":"Point","coordinates":[-80.2631045319999,25.808365549]},"properties":{"year":2023,"ped":0,"fatal":0}},{"type":"Feature","geometry":{"type":"Point","coordinates":[-80.2060453289999,25.773755312]},"properties":{"year":2023,"ped":0,"fatal":0}},{"type":"Feature","geometry":{"type":"Point","coordinates":[-80.206908685,25.7902413780001]},"properties":{"year":2023,"ped":1,"fatal":0}},{"type":"Feature","geometry":{"type":"Point","coordinates":[-80.205315438,25.7917110710001]},"properties":{"year":2023,"ped":0,"fatal":0}},{"type":"Feature","geometry":{"type":"Point","coordinates":[-80.199720101,25.7635316010001]},"properties":{"year":2023,"ped":0,"fatal":0}},{"type":"Feature","geometry":{"type":"Point","coordinates":[-80.302954438,25.784279428]},"properties":{"year":2023,"ped":0,"fatal":1}},{"type":"Feature","geometry":{"type":"Point","coordinates":[-80.2716560389999,25.7715047450001]},"properties":{"year":2023,"ped":0,"fatal":1}},{"type":"Feature","geometry":{"type":"Point","coordinates":[-80.266406264,25.74084807]},"properties":{"year":2023,"ped":0,"fatal":0}},{"type":"Feature","geometry":{"type":"Point","coordinates":[-80.2742118309999,25.7165848270001]},"properties":{"year":2023,"ped":0,"fatal":0}},{"type":"Feature","geometry":{"type":"Point","coordinates":[-80.289249559,25.7840549520001]},"properties":{"year":2023,"ped":0,"fatal":0}},{"type":"Feature","geometry":{"type":"Point","coordinates":[-80.320938413,25.795153596]},"properties":{"year":2023,"ped":0,"fatal":0}},{"type":"Feature","geometry":{"type":"Point","coordinates":[-80.3304117389999,25.688061286]},"properties":{"year":2023,"ped":0,"fatal":0}},{"type":"Feature","geometry":{"type":"Point","coordinates":[-80.254022992,25.732625641]},"properties":{"year":2023,"ped":1,"fatal":1}},{"type":"Feature","geometry":{"type":"Point","coordinates":[-80.25462709,25.7718483900001]},"properties":{"year":2023,"ped":0,"fatal":0}},{"type":"Feature","geometry":{"type":"Point","coordinates":[-80.263890498,25.8009604700001]},"properties":{"year":2023,"ped":0,"fatal":0}},{"type":"Feature","geometry":{"type":"Point","coordinates":[-80.240533042,25.7651021900001]},"properties":{"year":2023,"ped":1,"fatal":1}},{"type":"Feature","geometry":{"type":"Point","coordinates":[-80.2741172999999,25.717525407]},"properties":{"year":2023,"ped":0,"fatal":0}},{"type":"Feature","geometry":{"type":"Point","coordinates":[-80.254610062,25.751043786]},"properties":{"year":2023,"ped":0,"fatal":0}},{"type":"Feature","geometry":{"type":"Point","coordinates":[-80.2149607379999,25.787573561]},"properties":{"year":2023,"ped":0,"fatal":1}},{"type":"Feature","geometry":{"type":"Point","coordinates":[-80.239568973,25.787437857]},"properties":{"year":2023,"ped":1,"fatal":1}},{"type":"Feature","geometry":{"type":"Point","coordinates":[-80.194666995,25.8117793650001]},"properties":{"year":2023,"ped":0,"fatal":0}},{"type":"Feature","geometry":{"type":"Point","coordinates":[-80.209278274,25.824810498]},"properties":{"year":2023,"ped":0,"fatal":0}},{"type":"Feature","geometry":{"type":"Point","coordinates":[-80.213182279,25.7802797040001]},"properties":{"year":2023,"ped":1,"fatal":0}},{"type":"Feature","geometry":{"type":"Point","coordinates":[-80.210913417,25.747110392]},"properties":{"year":2023,"ped":0,"fatal":0}},{"type":"Feature","geometry":{"type":"Point","coordinates":[-80.335490996,25.769679808]},"properties":{"year":2023,"ped":0,"fatal":0}},{"type":"Feature","geometry":{"type":"Point","coordinates":[-80.281756033,25.748438811]},"properties":{"year":2023,"ped":0,"fatal":0}},{"type":"Feature","geometry":{"type":"Point","coordinates":[-80.211395097,25.7726545370001]},"properties":{"year":2023,"ped":0,"fatal":0}},{"type":"Feature","geometry":{"type":"Point","coordinates":[-80.27628731,25.7151053430001]},"properties":{"year":2023,"ped":0,"fatal":0}},{"type":"Feature","geometry":{"type":"Point","coordinates":[-80.321932115,25.7699024660001]},"properties":{"year":2023,"ped":0,"fatal":0}},{"type":"Feature","geometry":{"type":"Point","coordinates":[-80.3252757829999,25.7697106410001]},"properties":{"year":2023,"ped":1,"fatal":0}},{"type":"Feature","geometry":{"type":"Point","coordinates":[-80.256360011,25.8034939730001]},"properties":{"year":2023,"ped":0,"fatal":0}},{"type":"Feature","geometry":{"type":"Point","coordinates":[-80.261486335,25.7266053110001]},"properties":{"year":2023,"ped":0,"fatal":0}},{"type":"Feature","geometry":{"type":"Point","coordinates":[-80.270829991,25.815625991]},"properties":{"year":2023,"ped":0,"fatal":0}},{"type":"Feature","geometry":{"type":"Point","coordinates":[-80.288539557,25.763518947]},"properties":{"year":2023,"ped":0,"fatal":0}},{"type":"Feature","geometry":{"type":"Point","coordinates":[-80.303925067,25.7630799030001]},"properties":{"year":2023,"ped":0,"fatal":0}},{"type":"Feature","geometry":{"type":"Point","coordinates":[-80.2006248979999,25.7816470060001]},"properties":{"year":2023,"ped":0,"fatal":0}},{"type":"Feature","geometry":{"type":"Point","coordinates":[-80.2384865779999,25.757786014]},"properties":{"year":2023,"ped":1,"fatal":0}},{"type":"Feature","geometry":{"type":"Point","coordinates":[-80.241358528,25.7722624200001]},"properties":{"year":2023,"ped":0,"fatal":0}},{"type":"Feature","geometry":{"type":"Point","coordinates":[-80.231818561,25.8037157680001]},"properties":{"year":2023,"ped":0,"fatal":0}},{"type":"Feature","geometry":{"type":"Point","coordinates":[-80.267654932,25.7836611970001]},"properties":{"year":2023,"ped":0,"fatal":0}},{"type":"Feature","geometry":{"type":"Point","coordinates":[-80.318955956,25.7330155110001]},"properties":{"year":2023,"ped":0,"fatal":0}},{"type":"Feature","geometry":{"type":"Point","coordinates":[-80.263167583,25.8232516]},"properties":{"year":2023,"ped":1,"fatal":0}},{"type":"Feature","geometry":{"type":"Point","coordinates":[-80.3213402169999,25.8069751470001]},"properties":{"year":2023,"ped":0,"fatal":0}},{"type":"Feature","geometry":{"type":"Point","coordinates":[-80.264707989,25.8109683920001]},"properties":{"year":2023,"ped":1,"fatal":0}},{"type":"Feature","geometry":{"type":"Point","coordinates":[-80.239028993,25.772070856]},"properties":{"year":2024,"ped":1,"fatal":1}},{"type":"Feature","geometry":{"type":"Point","coordinates":[-80.309137224,25.7481160020001]},"properties":{"year":2024,"ped":0,"fatal":1}},{"type":"Feature","geometry":{"type":"Point","coordinates":[-80.2893409919999,25.704577129]},"properties":{"year":2024,"ped":1,"fatal":0}},{"type":"Feature","geometry":{"type":"Point","coordinates":[-80.293288687,25.7015490650001]},"properties":{"year":2024,"ped":1,"fatal":0}},{"type":"Feature","geometry":{"type":"Point","coordinates":[-80.265745129,25.723359536]},"properties":{"year":2024,"ped":0,"fatal":0}},{"type":"Feature","geometry":{"type":"Point","coordinates":[-80.232652585,25.824439716]},"properties":{"year":2024,"ped":1,"fatal":1}},{"type":"Feature","geometry":{"type":"Point","coordinates":[-80.259856892,25.749588589]},"properties":{"year":2024,"ped":1,"fatal":0}},{"type":"Feature","geometry":{"type":"Point","coordinates":[-80.264289892,25.7980553990001]},"properties":{"year":2024,"ped":0,"fatal":0}},{"type":"Feature","geometry":{"type":"Point","coordinates":[-80.229393831,25.771513499]},"properties":{"year":2024,"ped":1,"fatal":0}},{"type":"Feature","geometry":{"type":"Point","coordinates":[-80.318871458,25.7028668400001]},"properties":{"year":2024,"ped":0,"fatal":0}},{"type":"Feature","geometry":{"type":"Point","coordinates":[-80.2074507849999,25.807529006]},"properties":{"year":2024,"ped":0,"fatal":1}},{"type":"Feature","geometry":{"type":"Point","coordinates":[-80.170785108,25.7761733740001]},"properties":{"year":2024,"ped":1,"fatal":0}},{"type":"Feature","geometry":{"type":"Point","coordinates":[-80.300781432,25.6951945180001]},"properties":{"year":2024,"ped":0,"fatal":0}},{"type":"Feature","geometry":{"type":"Point","coordinates":[-80.273446387,25.8256766100001]},"properties":{"year":2024,"ped":0,"fatal":0}},{"type":"Feature","geometry":{"type":"Point","coordinates":[-80.248325472,25.808758057]},"properties":{"year":2024,"ped":0,"fatal":0}},{"type":"Feature","geometry":{"type":"Point","coordinates":[-80.220458053,25.824492408]},"properties":{"year":2024,"ped":0,"fatal":1}},{"type":"Feature","geometry":{"type":"Point","coordinates":[-80.2546179879999,25.748874604]},"properties":{"year":2024,"ped":0,"fatal":0}},{"type":"Feature","geometry":{"type":"Point","coordinates":[-80.205544327,25.7946970670001]},"properties":{"year":2024,"ped":0,"fatal":0}},{"type":"Feature","geometry":{"type":"Point","coordinates":[-80.2055577959999,25.794857365]},"properties":{"year":2024,"ped":0,"fatal":0}},{"type":"Feature","geometry":{"type":"Point","coordinates":[-80.1908545379999,25.794769285]},"properties":{"year":2024,"ped":1,"fatal":0}},{"type":"Feature","geometry":{"type":"Point","coordinates":[-80.309470418,25.6995404950001]},"properties":{"year":2024,"ped":1,"fatal":0}},{"type":"Feature","geometry":{"type":"Point","coordinates":[-80.193545973,25.7725292640001]},"properties":{"year":2024,"ped":0,"fatal":0}},{"type":"Feature","geometry":{"type":"Point","coordinates":[-80.206996093,25.793142694]},"properties":{"year":2024,"ped":0,"fatal":0}},{"type":"Feature","geometry":{"type":"Point","coordinates":[-80.2206541899999,25.783503653]},"properties":{"year":2024,"ped":0,"fatal":0}},{"type":"Feature","geometry":{"type":"Point","coordinates":[-80.335771657,25.7482413560001]},"properties":{"year":2024,"ped":0,"fatal":0}},{"type":"Feature","geometry":{"type":"Point","coordinates":[-80.333572039,25.688051731]},"properties":{"year":2024,"ped":0,"fatal":0}},{"type":"Feature","geometry":{"type":"Point","coordinates":[-80.2189466299999,25.787332254]},"properties":{"year":2024,"ped":0,"fatal":1}},{"type":"Feature","geometry":{"type":"Point","coordinates":[-80.3044457839999,25.770521338]},"properties":{"year":2024,"ped":0,"fatal":0}},{"type":"Feature","geometry":{"type":"Point","coordinates":[-80.258576782,25.750560852]},"properties":{"year":2024,"ped":1,"fatal":0}},{"type":"Feature","geometry":{"type":"Point","coordinates":[-80.32135721,25.808611064]},"properties":{"year":2024,"ped":0,"fatal":0}},{"type":"Feature","geometry":{"type":"Point","coordinates":[-80.313040999,25.8054055700001]},"properties":{"year":2024,"ped":0,"fatal":0}},{"type":"Feature","geometry":{"type":"Point","coordinates":[-80.32381507,25.7621494630001]},"properties":{"year":2024,"ped":0,"fatal":0}},{"type":"Feature","geometry":{"type":"Point","coordinates":[-80.197822961,25.776777856]},"properties":{"year":2024,"ped":0,"fatal":0}},{"type":"Feature","geometry":{"type":"Point","coordinates":[-80.224794086,25.8244473770001]},"properties":{"year":2024,"ped":1,"fatal":0}},{"type":"Feature","geometry":{"type":"Point","coordinates":[-80.192341761,25.8127435420001]},"properties":{"year":2024,"ped":1,"fatal":0}},{"type":"Feature","geometry":{"type":"Point","coordinates":[-80.221301669,25.772811844]},"properties":{"year":2024,"ped":0,"fatal":0}},{"type":"Feature","geometry":{"type":"Point","coordinates":[-80.206200054,25.820841086]},"properties":{"year":2024,"ped":0,"fatal":0}},{"type":"Feature","geometry":{"type":"Point","coordinates":[-80.181457641,25.7898359810001]},"properties":{"year":2024,"ped":0,"fatal":0}},{"type":"Feature","geometry":{"type":"Point","coordinates":[-80.2054845659999,25.7931673900001]},"properties":{"year":2024,"ped":0,"fatal":0}},{"type":"Feature","geometry":{"type":"Point","coordinates":[-80.194095971,25.786977232]},"properties":{"year":2024,"ped":0,"fatal":1}},{"type":"Feature","geometry":{"type":"Point","coordinates":[-80.219484431,25.8022119340001]},"properties":{"year":2024,"ped":0,"fatal":0}},{"type":"Feature","geometry":{"type":"Point","coordinates":[-80.197727699,25.7748019950001]},"properties":{"year":2024,"ped":1,"fatal":0}},{"type":"Feature","geometry":{"type":"Point","coordinates":[-80.285087463,25.8078670200001]},"properties":{"year":2024,"ped":0,"fatal":0}},{"type":"Feature","geometry":{"type":"Point","coordinates":[-80.269216419,25.794783651]},"properties":{"year":2024,"ped":0,"fatal":0}},{"type":"Feature","geometry":{"type":"Point","coordinates":[-80.3133529089999,25.815019611]},"properties":{"year":2024,"ped":0,"fatal":0}},{"type":"Feature","geometry":{"type":"Point","coordinates":[-80.299734239,25.696144611]},"properties":{"year":2024,"ped":0,"fatal":0}},{"type":"Feature","geometry":{"type":"Point","coordinates":[-80.329219413,25.76224201]},"properties":{"year":2024,"ped":0,"fatal":0}},{"type":"Feature","geometry":{"type":"Point","coordinates":[-80.27716398,25.754026658]},"properties":{"year":2024,"ped":0,"fatal":0}},{"type":"Feature","geometry":{"type":"Point","coordinates":[-80.315827581,25.762674551]},"properties":{"year":2024,"ped":0,"fatal":0}},{"type":"Feature","geometry":{"type":"Point","coordinates":[-80.322318418,25.7827268390001]},"properties":{"year":2024,"ped":0,"fatal":0}},{"type":"Feature","geometry":{"type":"Point","coordinates":[-80.1952864949999,25.8039468910001]},"properties":{"year":2024,"ped":0,"fatal":0}},{"type":"Feature","geometry":{"type":"Point","coordinates":[-80.206143432,25.813996565]},"properties":{"year":2024,"ped":0,"fatal":0}},{"type":"Feature","geometry":{"type":"Point","coordinates":[-80.220811434,25.8245868700001]},"properties":{"year":2024,"ped":0,"fatal":0}},{"type":"Feature","geometry":{"type":"Point","coordinates":[-80.220103332,25.7860087710001]},"properties":{"year":2024,"ped":1,"fatal":0}},{"type":"Feature","geometry":{"type":"Point","coordinates":[-80.233382889,25.7464258950001]},"properties":{"year":2024,"ped":0,"fatal":0}},{"type":"Feature","geometry":{"type":"Point","coordinates":[-80.3185661749999,25.7700169770001]},"properties":{"year":2024,"ped":0,"fatal":0}},{"type":"Feature","geometry":{"type":"Point","coordinates":[-80.333269969,25.781603149]},"properties":{"year":2024,"ped":0,"fatal":0}},{"type":"Feature","geometry":{"type":"Point","coordinates":[-80.260905754,25.752020042]},"properties":{"year":2024,"ped":1,"fatal":0}},{"type":"Feature","geometry":{"type":"Point","coordinates":[-80.212913783,25.8128534350001]},"properties":{"year":2024,"ped":0,"fatal":0}},{"type":"Feature","geometry":{"type":"Point","coordinates":[-80.262050573,25.73299387]},"properties":{"year":2024,"ped":1,"fatal":1}},{"type":"Feature","geometry":{"type":"Point","coordinates":[-80.321197737,25.800038692]},"properties":{"year":2024,"ped":0,"fatal":0}},{"type":"Feature","geometry":{"type":"Point","coordinates":[-80.194108222,25.7616358010001]},"properties":{"year":2024,"ped":0,"fatal":0}},{"type":"Feature","geometry":{"type":"Point","coordinates":[-80.1782958169999,25.8107126570001]},"properties":{"year":2024,"ped":0,"fatal":0}},{"type":"Feature","geometry":{"type":"Point","coordinates":[-80.216132601,25.8246198800001]},"properties":{"year":2024,"ped":1,"fatal":1}},{"type":"Feature","geometry":{"type":"Point","coordinates":[-80.279328182,25.707783872]},"properties":{"year":2024,"ped":0,"fatal":0}},{"type":"Feature","geometry":{"type":"Point","coordinates":[-80.2408045339999,25.820919765]},"properties":{"year":2024,"ped":0,"fatal":0}},{"type":"Feature","geometry":{"type":"Point","coordinates":[-80.245910078,25.7792625700001]},"properties":{"year":2024,"ped":1,"fatal":0}},{"type":"Feature","geometry":{"type":"Point","coordinates":[-80.240413684,25.7388911510001]},"properties":{"year":2024,"ped":0,"fatal":0}},{"type":"Feature","geometry":{"type":"Point","coordinates":[-80.301391645,25.784465138]},"properties":{"year":2024,"ped":0,"fatal":0}},{"type":"Feature","geometry":{"type":"Point","coordinates":[-80.2325916309999,25.8242228990001]},"properties":{"year":2024,"ped":0,"fatal":1}},{"type":"Feature","geometry":{"type":"Point","coordinates":[-80.295906582,25.7632935950001]},"properties":{"year":2024,"ped":0,"fatal":0}},{"type":"Feature","geometry":{"type":"Point","coordinates":[-80.2162007699999,25.7676494350001]},"properties":{"year":2024,"ped":0,"fatal":0}},{"type":"Feature","geometry":{"type":"Point","coordinates":[-80.3275723849999,25.762275779]},"properties":{"year":2024,"ped":1,"fatal":0}},{"type":"Feature","geometry":{"type":"Point","coordinates":[-80.24853945,25.8087997330001]},"properties":{"year":2024,"ped":1,"fatal":0}},{"type":"Feature","geometry":{"type":"Point","coordinates":[-80.198015379,25.788133525]},"properties":{"year":2024,"ped":0,"fatal":0}},{"type":"Feature","geometry":{"type":"Point","coordinates":[-80.258559405,25.8051530930001]},"properties":{"year":2024,"ped":0,"fatal":0}},{"type":"Feature","geometry":{"type":"Point","coordinates":[-80.1943027739999,25.7869830240001]},"properties":{"year":2024,"ped":0,"fatal":0}},{"type":"Feature","geometry":{"type":"Point","coordinates":[-80.2003840419999,25.795356494]},"properties":{"year":2024,"ped":0,"fatal":0}},{"type":"Feature","geometry":{"type":"Point","coordinates":[-80.2396594589999,25.786900099]},"properties":{"year":2024,"ped":0,"fatal":0}},{"type":"Feature","geometry":{"type":"Point","coordinates":[-80.227019573,25.794644084]},"properties":{"year":2024,"ped":0,"fatal":0}},{"type":"Feature","geometry":{"type":"Point","coordinates":[-80.2411955429999,25.7794328370001]},"properties":{"year":2024,"ped":0,"fatal":0}},{"type":"Feature","geometry":{"type":"Point","coordinates":[-80.2711416819999,25.8193117380001]},"properties":{"year":2024,"ped":0,"fatal":1}},{"type":"Feature","geometry":{"type":"Point","coordinates":[-80.267250519,25.7481546700001]},"properties":{"year":2024,"ped":0,"fatal":0}},{"type":"Feature","geometry":{"type":"Point","coordinates":[-80.2719081939999,25.7779631000001]},"properties":{"year":2024,"ped":0,"fatal":0}},{"type":"Feature","geometry":{"type":"Point","coordinates":[-80.289248775,25.770829808]},"properties":{"year":2024,"ped":1,"fatal":1}},{"type":"Feature","geometry":{"type":"Point","coordinates":[-80.2549127139999,25.757180116]},"properties":{"year":2024,"ped":0,"fatal":0}},{"type":"Feature","geometry":{"type":"Point","coordinates":[-80.335623429,25.7367156820001]},"properties":{"year":2024,"ped":1,"fatal":0}},{"type":"Feature","geometry":{"type":"Point","coordinates":[-80.23122578,25.7723764040001]},"properties":{"year":2024,"ped":1,"fatal":1}},{"type":"Feature","geometry":{"type":"Point","coordinates":[-80.2165041279999,25.764309988]},"properties":{"year":2024,"ped":0,"fatal":0}},{"type":"Feature","geometry":{"type":"Point","coordinates":[-80.260714987,25.752833222]},"properties":{"year":2024,"ped":1,"fatal":0}},{"type":"Feature","geometry":{"type":"Point","coordinates":[-80.275482551,25.7487954850001]},"properties":{"year":2024,"ped":1,"fatal":0}},{"type":"Feature","geometry":{"type":"Point","coordinates":[-80.288083494,25.784182973]},"properties":{"year":2024,"ped":0,"fatal":0}},{"type":"Feature","geometry":{"type":"Point","coordinates":[-80.255100361,25.763033459]},"properties":{"year":2024,"ped":0,"fatal":0}},{"type":"Feature","geometry":{"type":"Point","coordinates":[-80.224045524,25.809471823]},"properties":{"year":2024,"ped":0,"fatal":0}},{"type":"Feature","geometry":{"type":"Point","coordinates":[-80.2309731299999,25.7726545510001]},"properties":{"year":2024,"ped":0,"fatal":0}},{"type":"Feature","geometry":{"type":"Point","coordinates":[-80.205987067,25.791554048]},"properties":{"year":2021,"ped":1,"fatal":1}},{"type":"Feature","geometry":{"type":"Point","coordinates":[-80.240437705,25.817031903]},"properties":{"year":2021,"ped":0,"fatal":1}},{"type":"Feature","geometry":{"type":"Point","coordinates":[-80.207093815,25.797541607]},"properties":{"year":2021,"ped":0,"fatal":0}},{"type":"Feature","geometry":{"type":"Point","coordinates":[-80.214231114,25.757141817]},"properties":{"year":2021,"ped":0,"fatal":0}},{"type":"Feature","geometry":{"type":"Point","coordinates":[-80.2681996969999,25.7834629120001]},"properties":{"year":2021,"ped":0,"fatal":1}},{"type":"Feature","geometry":{"type":"Point","coordinates":[-80.2147282129999,25.776610212]},"properties":{"year":2021,"ped":1,"fatal":1}},{"type":"Feature","geometry":{"type":"Point","coordinates":[-80.1900801209999,25.7683580130001]},"properties":{"year":2021,"ped":0,"fatal":0}},{"type":"Feature","geometry":{"type":"Point","coordinates":[-80.332332879,25.7696033170001]},"properties":{"year":2021,"ped":0,"fatal":0}},{"type":"Feature","geometry":{"type":"Point","coordinates":[-80.203614296,25.7519703950001]},"properties":{"year":2021,"ped":0,"fatal":1}},{"type":"Feature","geometry":{"type":"Point","coordinates":[-80.193869116,25.7818705020001]},"properties":{"year":2021,"ped":0,"fatal":0}},{"type":"Feature","geometry":{"type":"Point","coordinates":[-80.2612157999999,25.764489616]},"properties":{"year":2021,"ped":0,"fatal":0}},{"type":"Feature","geometry":{"type":"Point","coordinates":[-80.319845683,25.7473714220001]},"properties":{"year":2021,"ped":0,"fatal":0}},{"type":"Feature","geometry":{"type":"Point","coordinates":[-80.2600977989999,25.808770505]},"properties":{"year":2021,"ped":0,"fatal":1}},{"type":"Feature","geometry":{"type":"Point","coordinates":[-80.234922308,25.7724269140001]},"properties":{"year":2021,"ped":0,"fatal":0}},{"type":"Feature","geometry":{"type":"Point","coordinates":[-80.2881668919999,25.772385414]},"properties":{"year":2021,"ped":1,"fatal":1}},{"type":"Feature","geometry":{"type":"Point","coordinates":[-80.318679182,25.7802533130001]},"properties":{"year":2021,"ped":0,"fatal":0}},{"type":"Feature","geometry":{"type":"Point","coordinates":[-80.203530218,25.749752519]},"properties":{"year":2021,"ped":0,"fatal":0}},{"type":"Feature","geometry":{"type":"Point","coordinates":[-80.302905988,25.733344625]},"properties":{"year":2021,"ped":1,"fatal":0}},{"type":"Feature","geometry":{"type":"Point","coordinates":[-80.321681381,25.826845701]},"properties":{"year":2021,"ped":0,"fatal":0}},{"type":"Feature","geometry":{"type":"Point","coordinates":[-80.19349426,25.8050476340001]},"properties":{"year":2021,"ped":0,"fatal":0}},{"type":"Feature","geometry":{"type":"Point","coordinates":[-80.210674571,25.751693432]},"properties":{"year":2021,"ped":1,"fatal":0}},{"type":"Feature","geometry":{"type":"Point","coordinates":[-80.310459255,25.717981723]},"properties":{"year":2021,"ped":0,"fatal":1}},{"type":"Feature","geometry":{"type":"Point","coordinates":[-80.284963523,25.749036462]},"properties":{"year":2021,"ped":0,"fatal":1}},{"type":"Feature","geometry":{"type":"Point","coordinates":[-80.271993654,25.764110998]},"properties":{"year":2021,"ped":1,"fatal":0}},{"type":"Feature","geometry":{"type":"Point","coordinates":[-80.1912509809999,25.8114104360001]},"properties":{"year":2021,"ped":1,"fatal":1}},{"type":"Feature","geometry":{"type":"Point","coordinates":[-80.2233508039999,25.797415024]},"properties":{"year":2021,"ped":1,"fatal":1}},{"type":"Feature","geometry":{"type":"Point","coordinates":[-80.196728396,25.7954146180001]},"properties":{"year":2021,"ped":0,"fatal":1}},{"type":"Feature","geometry":{"type":"Point","coordinates":[-80.231748731,25.802032448]},"properties":{"year":2021,"ped":1,"fatal":0}},{"type":"Feature","geometry":{"type":"Point","coordinates":[-80.317579489,25.809276185]},"properties":{"year":2021,"ped":1,"fatal":0}},{"type":"Feature","geometry":{"type":"Point","coordinates":[-80.248702301,25.8184255360001]},"properties":{"year":2021,"ped":0,"fatal":0}},{"type":"Feature","geometry":{"type":"Point","coordinates":[-80.265172983,25.7268790520001]},"properties":{"year":2021,"ped":1,"fatal":0}},{"type":"Feature","geometry":{"type":"Point","coordinates":[-80.231760545,25.802068988]},"properties":{"year":2021,"ped":1,"fatal":0}},{"type":"Feature","geometry":{"type":"Point","coordinates":[-80.170877461,25.79035341]},"properties":{"year":2021,"ped":0,"fatal":0}},{"type":"Feature","geometry":{"type":"Point","coordinates":[-80.244276311,25.808020454]},"properties":{"year":2021,"ped":0,"fatal":0}},{"type":"Feature","geometry":{"type":"Point","coordinates":[-80.2261566829999,25.8076572360001]},"properties":{"year":2021,"ped":0,"fatal":0}},{"type":"Feature","geometry":{"type":"Point","coordinates":[-80.248690287,25.817764282]},"properties":{"year":2021,"ped":0,"fatal":0}},{"type":"Feature","geometry":{"type":"Point","coordinates":[-80.282299477,25.7109109800001]},"properties":{"year":2021,"ped":0,"fatal":0}},{"type":"Feature","geometry":{"type":"Point","coordinates":[-80.2603729589999,25.729812118]},"properties":{"year":2021,"ped":0,"fatal":0}},{"type":"Feature","geometry":{"type":"Point","coordinates":[-80.254528294,25.748899459]},"properties":{"year":2021,"ped":0,"fatal":0}},{"type":"Feature","geometry":{"type":"Point","coordinates":[-80.297227242,25.812591915]},"properties":{"year":2022,"ped":0,"fatal":0}},{"type":"Feature","geometry":{"type":"Point","coordinates":[-80.272739541,25.8082250910001]},"properties":{"year":2022,"ped":0,"fatal":0}},{"type":"Feature","geometry":{"type":"Point","coordinates":[-80.275678695,25.808012606]},"properties":{"year":2022,"ped":0,"fatal":0}},{"type":"Feature","geometry":{"type":"Point","coordinates":[-80.262274503,25.7389418920001]},"properties":{"year":2022,"ped":0,"fatal":0}},{"type":"Feature","geometry":{"type":"Point","coordinates":[-80.32162098,25.824353102]},"properties":{"year":2022,"ped":0,"fatal":0}},{"type":"Feature","geometry":{"type":"Point","coordinates":[-80.222606511,25.772264513]},"properties":{"year":2022,"ped":1,"fatal":0}},{"type":"Feature","geometry":{"type":"Point","coordinates":[-80.303515647,25.6934163770001]},"properties":{"year":2022,"ped":0,"fatal":0}},{"type":"Feature","geometry":{"type":"Point","coordinates":[-80.255123607,25.7644506890001]},"properties":{"year":2022,"ped":0,"fatal":0}},{"type":"Feature","geometry":{"type":"Point","coordinates":[-80.2606980199999,25.7283808920001]},"properties":{"year":2022,"ped":1,"fatal":0}},{"type":"Feature","geometry":{"type":"Point","coordinates":[-80.281454992,25.8234009020001]},"properties":{"year":2022,"ped":0,"fatal":0}},{"type":"Feature","geometry":{"type":"Point","coordinates":[-80.3109037739999,25.7316906520001]},"properties":{"year":2022,"ped":0,"fatal":0}},{"type":"Feature","geometry":{"type":"Point","coordinates":[-80.189131221,25.7876493090001]},"properties":{"year":2022,"ped":1,"fatal":1}},{"type":"Feature","geometry":{"type":"Point","coordinates":[-80.316070016,25.680661372]},"properties":{"year":2022,"ped":1,"fatal":0}},{"type":"Feature","geometry":{"type":"Point","coordinates":[-80.3061767889999,25.690576235]},"properties":{"year":2022,"ped":1,"fatal":0}},{"type":"Feature","geometry":{"type":"Point","coordinates":[-80.215884515,25.8149646110001]},"properties":{"year":2022,"ped":0,"fatal":0}},{"type":"Feature","geometry":{"type":"Point","coordinates":[-80.2577123,25.809808205]},"properties":{"year":2022,"ped":0,"fatal":0}},{"type":"Feature","geometry":{"type":"Point","coordinates":[-80.239127906,25.7750824130001]},"properties":{"year":2022,"ped":0,"fatal":0}},{"type":"Feature","geometry":{"type":"Point","coordinates":[-80.2664288,25.7229274270001]},"properties":{"year":2022,"ped":0,"fatal":0}},{"type":"Feature","geometry":{"type":"Point","coordinates":[-80.238464006,25.7573676170001]},"properties":{"year":2022,"ped":1,"fatal":1}},{"type":"Feature","geometry":{"type":"Point","coordinates":[-80.317408553,25.809439813]},"properties":{"year":2022,"ped":1,"fatal":0}},{"type":"Feature","geometry":{"type":"Point","coordinates":[-80.275917495,25.716073077]},"properties":{"year":2022,"ped":0,"fatal":0}},{"type":"Feature","geometry":{"type":"Point","coordinates":[-80.283082195,25.7093987310001]},"properties":{"year":2022,"ped":0,"fatal":0}},{"type":"Feature","geometry":{"type":"Point","coordinates":[-80.3038276409999,25.7612188890001]},"properties":{"year":2022,"ped":0,"fatal":0}},{"type":"Feature","geometry":{"type":"Point","coordinates":[-80.296293491,25.6988010330001]},"properties":{"year":2022,"ped":0,"fatal":0}},{"type":"Feature","geometry":{"type":"Point","coordinates":[-80.1975773189999,25.7732015130001]},"properties":{"year":2022,"ped":1,"fatal":1}},{"type":"Feature","geometry":{"type":"Point","coordinates":[-80.271575796,25.771451014]},"properties":{"year":2022,"ped":0,"fatal":1}},{"type":"Feature","geometry":{"type":"Point","coordinates":[-80.244640617,25.761971257]},"properties":{"year":2022,"ped":0,"fatal":0}},{"type":"Feature","geometry":{"type":"Point","coordinates":[-80.205941014,25.8136658020001]},"properties":{"year":2022,"ped":0,"fatal":0}},{"type":"Feature","geometry":{"type":"Point","coordinates":[-80.243606904,25.8122947040001]},"properties":{"year":2022,"ped":0,"fatal":0}},{"type":"Feature","geometry":{"type":"Point","coordinates":[-80.206873415,25.78645211]},"properties":{"year":2022,"ped":0,"fatal":0}},{"type":"Feature","geometry":{"type":"Point","coordinates":[-80.214186312,25.8247306000001]},"properties":{"year":2022,"ped":1,"fatal":0}},{"type":"Feature","geometry":{"type":"Point","coordinates":[-80.191018239,25.803473968]},"properties":{"year":2022,"ped":0,"fatal":0}},{"type":"Feature","geometry":{"type":"Point","coordinates":[-80.265091399,25.7846976110001]},"properties":{"year":2022,"ped":0,"fatal":0}},{"type":"Feature","geometry":{"type":"Point","coordinates":[-80.2379144069999,25.741972221]},"properties":{"year":2022,"ped":0,"fatal":0}},{"type":"Feature","geometry":{"type":"Point","coordinates":[-80.269119829,25.7518405650001]},"properties":{"year":2022,"ped":0,"fatal":0}},{"type":"Feature","geometry":{"type":"Point","coordinates":[-80.2547929689999,25.756012345]},"properties":{"year":2022,"ped":0,"fatal":0}},{"type":"Feature","geometry":{"type":"Point","coordinates":[-80.263181054,25.709164706]},"properties":{"year":2022,"ped":0,"fatal":1}},{"type":"Feature","geometry":{"type":"Point","coordinates":[-80.1873655209999,25.774989212]},"properties":{"year":2022,"ped":0,"fatal":0}},{"type":"Feature","geometry":{"type":"Point","coordinates":[-80.262465073,25.726987373]},"properties":{"year":2022,"ped":0,"fatal":0}},{"type":"Feature","geometry":{"type":"Point","coordinates":[-80.32450848,25.7697277680001]},"properties":{"year":2022,"ped":0,"fatal":0}},{"type":"Feature","geometry":{"type":"Point","coordinates":[-80.20018713,25.767354402]},"properties":{"year":2022,"ped":0,"fatal":0}},{"type":"Feature","geometry":{"type":"Point","coordinates":[-80.1953831019999,25.8119056240001]},"properties":{"year":2022,"ped":0,"fatal":0}},{"type":"Feature","geometry":{"type":"Point","coordinates":[-80.254057454,25.736970064]},"properties":{"year":2022,"ped":0,"fatal":0}},{"type":"Feature","geometry":{"type":"Point","coordinates":[-80.212972714,25.7658924150001]},"properties":{"year":2022,"ped":1,"fatal":0}},{"type":"Feature","geometry":{"type":"Point","coordinates":[-80.234922308,25.7724269140001]},"properties":{"year":2022,"ped":0,"fatal":0}},{"type":"Feature","geometry":{"type":"Point","coordinates":[-80.301270632,25.807280398]},"properties":{"year":2022,"ped":0,"fatal":0}},{"type":"Feature","geometry":{"type":"Point","coordinates":[-80.249009658,25.757486898]},"properties":{"year":2022,"ped":0,"fatal":1}},{"type":"Feature","geometry":{"type":"Point","coordinates":[-80.18909322,25.789240308]},"properties":{"year":2022,"ped":0,"fatal":0}},{"type":"Feature","geometry":{"type":"Point","coordinates":[-80.285717296,25.7073153900001]},"properties":{"year":2022,"ped":0,"fatal":0}},{"type":"Feature","geometry":{"type":"Point","coordinates":[-80.2987693599999,25.7185101330001]},"properties":{"year":2022,"ped":0,"fatal":0}},{"type":"Feature","geometry":{"type":"Point","coordinates":[-80.180745067,25.8107367800001]},"properties":{"year":2022,"ped":0,"fatal":1}},{"type":"Feature","geometry":{"type":"Point","coordinates":[-80.199474481,25.812174337]},"properties":{"year":2022,"ped":1,"fatal":0}},{"type":"Feature","geometry":{"type":"Point","coordinates":[-80.293574171,25.7081442520001]},"properties":{"year":2022,"ped":0,"fatal":0}},{"type":"Feature","geometry":{"type":"Point","coordinates":[-80.255114751,25.778993443]},"properties":{"year":2022,"ped":1,"fatal":0}},{"type":"Feature","geometry":{"type":"Point","coordinates":[-80.1891156199999,25.7859099090001]},"properties":{"year":2022,"ped":0,"fatal":0}},{"type":"Feature","geometry":{"type":"Point","coordinates":[-80.29185494,25.776065341]},"properties":{"year":2022,"ped":0,"fatal":0}},{"type":"Feature","geometry":{"type":"Point","coordinates":[-80.264000411,25.825428335]},"properties":{"year":2022,"ped":0,"fatal":0}},{"type":"Feature","geometry":{"type":"Point","coordinates":[-80.32792897,25.762245294]},"properties":{"year":2022,"ped":1,"fatal":0}},{"type":"Feature","geometry":{"type":"Point","coordinates":[-80.223413014,25.7947263620001]},"properties":{"year":2022,"ped":1,"fatal":0}},{"type":"Feature","geometry":{"type":"Point","coordinates":[-80.246740202,25.8237378000001]},"properties":{"year":2022,"ped":0,"fatal":0}},{"type":"Feature","geometry":{"type":"Point","coordinates":[-80.239924505,25.809106404]},"properties":{"year":2022,"ped":0,"fatal":1}},{"type":"Feature","geometry":{"type":"Point","coordinates":[-80.2116763069999,25.765953365]},"properties":{"year":2022,"ped":0,"fatal":0}},{"type":"Feature","geometry":{"type":"Point","coordinates":[-80.2324709069999,25.8120247030001]},"properties":{"year":2022,"ped":0,"fatal":0}},{"type":"Feature","geometry":{"type":"Point","coordinates":[-80.2745865909999,25.764044573]},"properties":{"year":2022,"ped":1,"fatal":0}},{"type":"Feature","geometry":{"type":"Point","coordinates":[-80.306114357,25.7828891790001]},"properties":{"year":2022,"ped":0,"fatal":0}},{"type":"Feature","geometry":{"type":"Point","coordinates":[-80.1872058279999,25.8115822500001]},"properties":{"year":2022,"ped":0,"fatal":0}},{"type":"Feature","geometry":{"type":"Point","coordinates":[-80.288166092,25.763548717]},"properties":{"year":2022,"ped":0,"fatal":1}},{"type":"Feature","geometry":{"type":"Point","coordinates":[-80.313316183,25.8137155050001]},"properties":{"year":2022,"ped":1,"fatal":0}},{"type":"Feature","geometry":{"type":"Point","coordinates":[-80.2145593069999,25.7754563880001]},"properties":{"year":2022,"ped":1,"fatal":0}},{"type":"Feature","geometry":{"type":"Point","coordinates":[-80.210220142,25.817274576]},"properties":{"year":2022,"ped":0,"fatal":0}},{"type":"Feature","geometry":{"type":"Point","coordinates":[-80.26295213,25.7563538690001]},"properties":{"year":2019,"ped":0,"fatal":0}},{"type":"Feature","geometry":{"type":"Point","coordinates":[-80.211649573,25.812141932]},"properties":{"year":2020,"ped":0,"fatal":0}},{"type":"Feature","geometry":{"type":"Point","coordinates":[-80.189300238,25.81716483]},"properties":{"year":2020,"ped":0,"fatal":1}},{"type":"Feature","geometry":{"type":"Point","coordinates":[-80.3352227789999,25.7240249280001]},"properties":{"year":2021,"ped":0,"fatal":1}},{"type":"Feature","geometry":{"type":"Point","coordinates":[-80.239529905,25.7871753100001]},"properties":{"year":2021,"ped":1,"fatal":1}},{"type":"Feature","geometry":{"type":"Point","coordinates":[-80.2625825,25.746101421]},"properties":{"year":2021,"ped":0,"fatal":0}},{"type":"Feature","geometry":{"type":"Point","coordinates":[-80.308149887,25.733193025]},"properties":{"year":2022,"ped":1,"fatal":0}},{"type":"Feature","geometry":{"type":"Point","coordinates":[-80.2397901049999,25.7954443080001]},"properties":{"year":2022,"ped":1,"fatal":0}},{"type":"Feature","geometry":{"type":"Point","coordinates":[-80.335941678,25.756735932]},"properties":{"year":2022,"ped":0,"fatal":0}},{"type":"Feature","geometry":{"type":"Point","coordinates":[-80.313166665,25.8026318550001]},"properties":{"year":2022,"ped":0,"fatal":0}},{"type":"Feature","geometry":{"type":"Point","coordinates":[-80.288286328,25.763490925]},"properties":{"year":2023,"ped":0,"fatal":0}},{"type":"Feature","geometry":{"type":"Point","coordinates":[-80.252038305,25.748107697]},"properties":{"year":2023,"ped":0,"fatal":1}},{"type":"Feature","geometry":{"type":"Point","coordinates":[-80.207910339,25.8182837250001]},"properties":{"year":2024,"ped":0,"fatal":0}},{"type":"Feature","geometry":{"type":"Point","coordinates":[-80.20743616,25.766966385]},"properties":{"year":2024,"ped":0,"fatal":0}},{"type":"Feature","geometry":{"type":"Point","coordinates":[-80.238251216,25.7847607510001]},"properties":{"year":2019,"ped":0,"fatal":0}},{"type":"Feature","geometry":{"type":"Point","coordinates":[-80.2191046409999,25.8245673500001]},"properties":{"year":2019,"ped":0,"fatal":1}},{"type":"Feature","geometry":{"type":"Point","coordinates":[-80.2057968939999,25.809877294]},"properties":{"year":2019,"ped":0,"fatal":0}},{"type":"Feature","geometry":{"type":"Point","coordinates":[-80.227943888,25.76551311]},"properties":{"year":2020,"ped":1,"fatal":0}},{"type":"Feature","geometry":{"type":"Point","coordinates":[-80.1891088199999,25.788965309]},"properties":{"year":2020,"ped":1,"fatal":1}},{"type":"Feature","geometry":{"type":"Point","coordinates":[-80.206963115,25.7915386080001]},"properties":{"year":2020,"ped":0,"fatal":0}},{"type":"Feature","geometry":{"type":"Point","coordinates":[-80.284001195,25.70865493]},"properties":{"year":2021,"ped":0,"fatal":0}},{"type":"Feature","geometry":{"type":"Point","coordinates":[-80.223432209,25.798462666]},"properties":{"year":2021,"ped":0,"fatal":0}},{"type":"Feature","geometry":{"type":"Point","coordinates":[-80.319283382,25.780321513]},"properties":{"year":2021,"ped":0,"fatal":0}},{"type":"Feature","geometry":{"type":"Point","coordinates":[-80.190363097,25.7671538640001]},"properties":{"year":2023,"ped":1,"fatal":0}},{"type":"Feature","geometry":{"type":"Point","coordinates":[-80.206582585,25.8202176130001]},"properties":{"year":2023,"ped":1,"fatal":1}},{"type":"Feature","geometry":{"type":"Point","coordinates":[-80.206530683,25.7659977590001]},"properties":{"year":2023,"ped":1,"fatal":0}},{"type":"Feature","geometry":{"type":"Point","coordinates":[-80.231355176,25.812194553]},"properties":{"year":2023,"ped":0,"fatal":0}},{"type":"Feature","geometry":{"type":"Point","coordinates":[-80.318319715,25.695330675]},"properties":{"year":2019,"ped":0,"fatal":1}},{"type":"Feature","geometry":{"type":"Point","coordinates":[-80.332268579,25.769604417]},"properties":{"year":2020,"ped":1,"fatal":0}},{"type":"Feature","geometry":{"type":"Point","coordinates":[-80.284845886,25.8260767260001]},"properties":{"year":2020,"ped":0,"fatal":0}},{"type":"Feature","geometry":{"type":"Point","coordinates":[-80.238961707,25.770312915]},"properties":{"year":2021,"ped":0,"fatal":0}},{"type":"Feature","geometry":{"type":"Point","coordinates":[-80.251141611,25.7790983520001]},"properties":{"year":2021,"ped":0,"fatal":0}},{"type":"Feature","geometry":{"type":"Point","coordinates":[-80.24280347,25.8171671200001]},"properties":{"year":2022,"ped":0,"fatal":0}},{"type":"Feature","geometry":{"type":"Point","coordinates":[-80.273445588,25.826661464]},"properties":{"year":2022,"ped":0,"fatal":0}},{"type":"Feature","geometry":{"type":"Point","coordinates":[-80.263000984,25.7571535480001]},"properties":{"year":2023,"ped":0,"fatal":0}},{"type":"Feature","geometry":{"type":"Point","coordinates":[-80.265197173,25.823166869]},"properties":{"year":2023,"ped":0,"fatal":0}},{"type":"Feature","geometry":{"type":"Point","coordinates":[-80.315055614,25.732979616]},"properties":{"year":2023,"ped":0,"fatal":0}},{"type":"Feature","geometry":{"type":"Point","coordinates":[-80.2742829329999,25.7343165070001]},"properties":{"year":2024,"ped":0,"fatal":0}},{"type":"Feature","geometry":{"type":"Point","coordinates":[-80.244082836,25.8015771120001]},"properties":{"year":2024,"ped":0,"fatal":0}},{"type":"Feature","geometry":{"type":"Point","coordinates":[-80.263358634,25.7644638790001]},"properties":{"year":2024,"ped":0,"fatal":1}},{"type":"Feature","geometry":{"type":"Point","coordinates":[-80.271082926,25.7897239700001]},"properties":{"year":2019,"ped":0,"fatal":0}},{"type":"Feature","geometry":{"type":"Point","coordinates":[-80.18817527,25.8113979620001]},"properties":{"year":2019,"ped":0,"fatal":0}},{"type":"Feature","geometry":{"type":"Point","coordinates":[-80.320291781,25.8079958760001]},"properties":{"year":2019,"ped":0,"fatal":0}},{"type":"Feature","geometry":{"type":"Point","coordinates":[-80.199543883,25.8139857640001]},"properties":{"year":2019,"ped":0,"fatal":0}},{"type":"Feature","geometry":{"type":"Point","coordinates":[-80.263277208,25.8100814950001]},"properties":{"year":2019,"ped":0,"fatal":0}},{"type":"Feature","geometry":{"type":"Point","coordinates":[-80.2508669109999,25.8087272020001]},"properties":{"year":2020,"ped":0,"fatal":1}},{"type":"Feature","geometry":{"type":"Point","coordinates":[-80.238206407,25.751105819]},"properties":{"year":2020,"ped":1,"fatal":0}},{"type":"Feature","geometry":{"type":"Point","coordinates":[-80.235434846,25.7804435680001]},"properties":{"year":2020,"ped":1,"fatal":0}},{"type":"Feature","geometry":{"type":"Point","coordinates":[-80.295625835,25.7633087830001]},"properties":{"year":2020,"ped":1,"fatal":0}},{"type":"Feature","geometry":{"type":"Point","coordinates":[-80.18904172,25.7968750060001]},"properties":{"year":2021,"ped":0,"fatal":0}},{"type":"Feature","geometry":{"type":"Point","coordinates":[-80.1997661629999,25.819827101]},"properties":{"year":2021,"ped":0,"fatal":0}},{"type":"Feature","geometry":{"type":"Point","coordinates":[-80.209893547,25.7879023900001]},"properties":{"year":2022,"ped":0,"fatal":0}},{"type":"Feature","geometry":{"type":"Point","coordinates":[-80.230055278,25.8094150630001]},"properties":{"year":2022,"ped":1,"fatal":0}},{"type":"Feature","geometry":{"type":"Point","coordinates":[-80.239435961,25.784494389]},"properties":{"year":2022,"ped":0,"fatal":0}},{"type":"Feature","geometry":{"type":"Point","coordinates":[-80.231767057,25.801879485]},"properties":{"year":2022,"ped":0,"fatal":0}},{"type":"Feature","geometry":{"type":"Point","coordinates":[-80.212695627,25.824714531]},"properties":{"year":2022,"ped":1,"fatal":1}},{"type":"Feature","geometry":{"type":"Point","coordinates":[-80.293578606,25.8232827640001]},"properties":{"year":2023,"ped":0,"fatal":0}},{"type":"Feature","geometry":{"type":"Point","coordinates":[-80.2139725549999,25.809880434]},"properties":{"year":2023,"ped":0,"fatal":0}},{"type":"Feature","geometry":{"type":"Point","coordinates":[-80.241813797,25.7650149240001]},"properties":{"year":2023,"ped":1,"fatal":1}},{"type":"Feature","geometry":{"type":"Point","coordinates":[-80.267776501,25.7836336570001]},"properties":{"year":2023,"ped":0,"fatal":0}},{"type":"Feature","geometry":{"type":"Point","coordinates":[-80.3204610289999,25.8264870630001]},"properties":{"year":2024,"ped":0,"fatal":1}},{"type":"Feature","geometry":{"type":"Point","coordinates":[-80.2327450829999,25.765378765]},"properties":{"year":2024,"ped":0,"fatal":0}},{"type":"Feature","geometry":{"type":"Point","coordinates":[-80.231447061,25.792360989]},"properties":{"year":2024,"ped":0,"fatal":0}},{"type":"Feature","geometry":{"type":"Point","coordinates":[-80.224520258,25.784291603]},"properties":{"year":2024,"ped":0,"fatal":0}},{"type":"Feature","geometry":{"type":"Point","coordinates":[-80.19999732,25.699995352]},"properties":{"year":2024,"ped":0,"fatal":1}},{"type":"Feature","geometry":{"type":"Point","coordinates":[-80.320557605,25.764403654]},"properties":{"year":2024,"ped":0,"fatal":0}},{"type":"Feature","geometry":{"type":"Point","coordinates":[-80.194142939,25.758555238]},"properties":{"year":2024,"ped":0,"fatal":0}},{"type":"Feature","geometry":{"type":"Point","coordinates":[-80.206717286,25.750053779]},"properties":{"year":2019,"ped":0,"fatal":0}},{"type":"Feature","geometry":{"type":"Point","coordinates":[-80.2485589999999,25.8069557060001]},"properties":{"year":2019,"ped":1,"fatal":0}},{"type":"Feature","geometry":{"type":"Point","coordinates":[-80.216065682,25.819530231]},"properties":{"year":2019,"ped":0,"fatal":0}},{"type":"Feature","geometry":{"type":"Point","coordinates":[-80.254099313,25.7325551440001]},"properties":{"year":2019,"ped":0,"fatal":0}},{"type":"Feature","geometry":{"type":"Point","coordinates":[-80.2832320099999,25.82033496]},"properties":{"year":2020,"ped":0,"fatal":0}},{"type":"Feature","geometry":{"type":"Point","coordinates":[-80.302548255,25.772341999]},"properties":{"year":2020,"ped":0,"fatal":0}},{"type":"Feature","geometry":{"type":"Point","coordinates":[-80.286408243,25.7323736170001]},"properties":{"year":2020,"ped":0,"fatal":0}},{"type":"Feature","geometry":{"type":"Point","coordinates":[-80.255629343,25.7789693350001]},"properties":{"year":2021,"ped":0,"fatal":0}},{"type":"Feature","geometry":{"type":"Point","coordinates":[-80.170861923,25.7903444890001]},"properties":{"year":2021,"ped":0,"fatal":0}},{"type":"Feature","geometry":{"type":"Point","coordinates":[-80.264295383,25.7255146140001]},"properties":{"year":2021,"ped":0,"fatal":0}},{"type":"Feature","geometry":{"type":"Point","coordinates":[-80.207773314,25.810050303]},"properties":{"year":2021,"ped":0,"fatal":0}},{"type":"Feature","geometry":{"type":"Point","coordinates":[-80.205262332,25.8036569970001]},"properties":{"year":2021,"ped":0,"fatal":0}},{"type":"Feature","geometry":{"type":"Point","coordinates":[-80.2095221819999,25.7765674950001]},"properties":{"year":2021,"ped":0,"fatal":0}},{"type":"Feature","geometry":{"type":"Point","coordinates":[-80.221731303,25.7458673990001]},"properties":{"year":2022,"ped":0,"fatal":0}},{"type":"Feature","geometry":{"type":"Point","coordinates":[-80.3285490769999,25.7825879160001]},"properties":{"year":2022,"ped":0,"fatal":0}},{"type":"Feature","geometry":{"type":"Point","coordinates":[-80.2841262649999,25.7264574750001]},"properties":{"year":2022,"ped":0,"fatal":0}},{"type":"Feature","geometry":{"type":"Point","coordinates":[-80.223088402,25.7771210920001]},"properties":{"year":2023,"ped":0,"fatal":0}},{"type":"Feature","geometry":{"type":"Point","coordinates":[-80.2020643829999,25.8252260020001]},"properties":{"year":2023,"ped":0,"fatal":0}},{"type":"Feature","geometry":{"type":"Point","coordinates":[-80.2444710669999,25.764977877]},"properties":{"year":2023,"ped":0,"fatal":0}},{"type":"Feature","geometry":{"type":"Point","coordinates":[-80.2650831129999,25.7856322330001]},"properties":{"year":2023,"ped":0,"fatal":1}},{"type":"Feature","geometry":{"type":"Point","coordinates":[-80.195452496,25.814095186]},"properties":{"year":2024,"ped":0,"fatal":0}},{"type":"Feature","geometry":{"type":"Point","coordinates":[-80.335833721,25.749843157]},"properties":{"year":2024,"ped":0,"fatal":0}},{"type":"Feature","geometry":{"type":"Point","coordinates":[-80.215489933,25.773499563]},"properties":{"year":2024,"ped":1,"fatal":1}},{"type":"Feature","geometry":{"type":"Point","coordinates":[-80.231139148,25.7795042610001]},"properties":{"year":2024,"ped":1,"fatal":0}},{"type":"Feature","geometry":{"type":"Point","coordinates":[-80.252949612,25.771919444]},"properties":{"year":2019,"ped":1,"fatal":1}},{"type":"Feature","geometry":{"type":"Point","coordinates":[-80.275004596,25.74881064]},"properties":{"year":2019,"ped":0,"fatal":0}},{"type":"Feature","geometry":{"type":"Point","coordinates":[-80.2068445149999,25.7856093090001]},"properties":{"year":2020,"ped":0,"fatal":0}},{"type":"Feature","geometry":{"type":"Point","coordinates":[-80.320603083,25.762707318]},"properties":{"year":2020,"ped":0,"fatal":0}},{"type":"Feature","geometry":{"type":"Point","coordinates":[-80.265289117,25.785480121]},"properties":{"year":2020,"ped":0,"fatal":0}},{"type":"Feature","geometry":{"type":"Point","coordinates":[-80.25615461,25.762976049]},"properties":{"year":2020,"ped":0,"fatal":0}},{"type":"Feature","geometry":{"type":"Point","coordinates":[-80.2064102149999,25.8250904000001]},"properties":{"year":2021,"ped":0,"fatal":1}},{"type":"Feature","geometry":{"type":"Point","coordinates":[-80.287835592,25.7339145240001]},"properties":{"year":2021,"ped":1,"fatal":0}},{"type":"Feature","geometry":{"type":"Point","coordinates":[-80.2399031049999,25.801577706]},"properties":{"year":2021,"ped":0,"fatal":0}},{"type":"Feature","geometry":{"type":"Point","coordinates":[-80.196700194,25.795466209]},"properties":{"year":2021,"ped":1,"fatal":0}},{"type":"Feature","geometry":{"type":"Point","coordinates":[-80.2399031049999,25.801577706]},"properties":{"year":2021,"ped":0,"fatal":0}},{"type":"Feature","geometry":{"type":"Point","coordinates":[-80.285246692,25.807678906]},"properties":{"year":2022,"ped":0,"fatal":0}},{"type":"Feature","geometry":{"type":"Point","coordinates":[-80.2259692379999,25.809429435]},"properties":{"year":2023,"ped":1,"fatal":1}},{"type":"Feature","geometry":{"type":"Point","coordinates":[-80.263749871,25.747381907]},"properties":{"year":2023,"ped":0,"fatal":0}},{"type":"Feature","geometry":{"type":"Point","coordinates":[-80.2330675709999,25.7870937820001]},"properties":{"year":2023,"ped":1,"fatal":0}},{"type":"Feature","geometry":{"type":"Point","coordinates":[-80.248450213,25.812565341]},"properties":{"year":2024,"ped":0,"fatal":0}},{"type":"Feature","geometry":{"type":"Point","coordinates":[-80.261111173,25.8083615030001]},"properties":{"year":2024,"ped":0,"fatal":0}},{"type":"Feature","geometry":{"type":"Point","coordinates":[-80.1995146359999,25.813250603]},"properties":{"year":2019,"ped":0,"fatal":0}},{"type":"Feature","geometry":{"type":"Point","coordinates":[-80.205535045,25.7939424580001]},"properties":{"year":2019,"ped":0,"fatal":0}},{"type":"Feature","geometry":{"type":"Point","coordinates":[-80.231487413,25.794480532]},"properties":{"year":2019,"ped":0,"fatal":0}},{"type":"Feature","geometry":{"type":"Point","coordinates":[-80.261851228,25.8158406530001]},"properties":{"year":2019,"ped":0,"fatal":0}},{"type":"Feature","geometry":{"type":"Point","coordinates":[-80.191517026,25.814907681]},"properties":{"year":2023,"ped":0,"fatal":0}},{"type":"Feature","geometry":{"type":"Point","coordinates":[-80.245461639,25.7279978060001]},"properties":{"year":2023,"ped":0,"fatal":0}},{"type":"Feature","geometry":{"type":"Point","coordinates":[-80.319307911,25.7218113760001]},"properties":{"year":2023,"ped":0,"fatal":1}},{"type":"Feature","geometry":{"type":"Point","coordinates":[-80.2438414009999,25.7867151090001]},"properties":{"year":2023,"ped":0,"fatal":0}},{"type":"Feature","geometry":{"type":"Point","coordinates":[-80.262907583,25.758419056]},"properties":{"year":2024,"ped":0,"fatal":1}},{"type":"Feature","geometry":{"type":"Point","coordinates":[-80.197737203,25.785917087]},"properties":{"year":2024,"ped":1,"fatal":0}},{"type":"Feature","geometry":{"type":"Point","coordinates":[-80.3186388029999,25.7626084780001]},"properties":{"year":2019,"ped":0,"fatal":0}},{"type":"Feature","geometry":{"type":"Point","coordinates":[-80.309468926,25.7769954840001]},"properties":{"year":2019,"ped":0,"fatal":0}},{"type":"Feature","geometry":{"type":"Point","coordinates":[-80.312281245,25.7753692040001]},"properties":{"year":2019,"ped":1,"fatal":0}},{"type":"Feature","geometry":{"type":"Point","coordinates":[-80.320264562,25.7711806360001]},"properties":{"year":2019,"ped":0,"fatal":0}},{"type":"Feature","geometry":{"type":"Point","coordinates":[-80.199995675,25.8007641900001]},"properties":{"year":2020,"ped":0,"fatal":1}},{"type":"Feature","geometry":{"type":"Point","coordinates":[-80.223195636,25.792219754]},"properties":{"year":2020,"ped":1,"fatal":0}},{"type":"Feature","geometry":{"type":"Point","coordinates":[-80.3109694029999,25.735920649]},"properties":{"year":2020,"ped":0,"fatal":1}},{"type":"Feature","geometry":{"type":"Point","coordinates":[-80.289775091,25.7840477120001]},"properties":{"year":2021,"ped":0,"fatal":0}},{"type":"Feature","geometry":{"type":"Point","coordinates":[-80.2752580969999,25.715758529]},"properties":{"year":2021,"ped":0,"fatal":0}},{"type":"Feature","geometry":{"type":"Point","coordinates":[-80.199982647,25.822406733]},"properties":{"year":2021,"ped":1,"fatal":0}},{"type":"Feature","geometry":{"type":"Point","coordinates":[-80.3128606829999,25.7971409090001]},"properties":{"year":2021,"ped":0,"fatal":0}},{"type":"Feature","geometry":{"type":"Point","coordinates":[-80.2939165399999,25.8074964140001]},"properties":{"year":2023,"ped":0,"fatal":0}},{"type":"Feature","geometry":{"type":"Point","coordinates":[-80.189116826,25.7997463040001]},"properties":{"year":2023,"ped":0,"fatal":0}},{"type":"Feature","geometry":{"type":"Point","coordinates":[-80.2055318869999,25.7918178780001]},"properties":{"year":2023,"ped":0,"fatal":0}},{"type":"Feature","geometry":{"type":"Point","coordinates":[-80.214597742,25.783767627]},"properties":{"year":2024,"ped":0,"fatal":0}},{"type":"Feature","geometry":{"type":"Point","coordinates":[-80.278956384,25.77836796]},"properties":{"year":2024,"ped":0,"fatal":1}},{"type":"Feature","geometry":{"type":"Point","coordinates":[-80.2400949359999,25.8128313350001]},"properties":{"year":2024,"ped":0,"fatal":0}},{"type":"Feature","geometry":{"type":"Point","coordinates":[-80.1971805329999,25.761505975]},"properties":{"year":2024,"ped":0,"fatal":0}},{"type":"Feature","geometry":{"type":"Point","coordinates":[-80.2301793359999,25.7514367540001]},"properties":{"year":2024,"ped":0,"fatal":0}},{"type":"Feature","geometry":{"type":"Point","coordinates":[-80.306977629,25.6901054190001]},"properties":{"year":2024,"ped":0,"fatal":0}},{"type":"Feature","geometry":{"type":"Point","coordinates":[-80.223138317,25.792050761]},"properties":{"year":2024,"ped":0,"fatal":0}},{"type":"Feature","geometry":{"type":"Point","coordinates":[-80.2384031189999,25.7504045060001]},"properties":{"year":2024,"ped":0,"fatal":1}},{"type":"Feature","geometry":{"type":"Point","coordinates":[-80.216115246,25.8193034060001]},"properties":{"year":2024,"ped":0,"fatal":0}},{"type":"Feature","geometry":{"type":"Point","coordinates":[-80.202633159,25.788715772]},"properties":{"year":2020,"ped":1,"fatal":0}},{"type":"Feature","geometry":{"type":"Point","coordinates":[-80.22417172,25.779858629]},"properties":{"year":2021,"ped":1,"fatal":0}},{"type":"Feature","geometry":{"type":"Point","coordinates":[-80.270798196,25.8154545030001]},"properties":{"year":2021,"ped":0,"fatal":1}},{"type":"Feature","geometry":{"type":"Point","coordinates":[-80.2403045039999,25.8126698040001]},"properties":{"year":2021,"ped":1,"fatal":1}},{"type":"Feature","geometry":{"type":"Point","coordinates":[-80.206972514,25.8249788000001]},"properties":{"year":2021,"ped":0,"fatal":0}},{"type":"Feature","geometry":{"type":"Point","coordinates":[-80.239647706,25.7906526090001]},"properties":{"year":2022,"ped":1,"fatal":1}},{"type":"Feature","geometry":{"type":"Point","coordinates":[-80.215799412,25.8122373030001]},"properties":{"year":2022,"ped":1,"fatal":0}},{"type":"Feature","geometry":{"type":"Point","coordinates":[-80.2620433019999,25.734844111]},"properties":{"year":2022,"ped":0,"fatal":0}},{"type":"Feature","geometry":{"type":"Point","coordinates":[-80.2741172999999,25.717525407]},"properties":{"year":2022,"ped":0,"fatal":0}},{"type":"Feature","geometry":{"type":"Point","coordinates":[-80.265659951,25.7234268500001]},"properties":{"year":2023,"ped":0,"fatal":0}},{"type":"Feature","geometry":{"type":"Point","coordinates":[-80.25651721,25.7536561000001]},"properties":{"year":2023,"ped":0,"fatal":0}},{"type":"Feature","geometry":{"type":"Point","coordinates":[-80.3195310199999,25.7217102770001]},"properties":{"year":2023,"ped":0,"fatal":0}},{"type":"Feature","geometry":{"type":"Point","coordinates":[-80.3242875619999,25.776523028]},"properties":{"year":2023,"ped":0,"fatal":0}},{"type":"Feature","geometry":{"type":"Point","coordinates":[-80.232132373,25.813025602]},"properties":{"year":2024,"ped":0,"fatal":0}},{"type":"Feature","geometry":{"type":"Point","coordinates":[-80.286226147,25.778069928]},"properties":{"year":2024,"ped":0,"fatal":0}},{"type":"Feature","geometry":{"type":"Point","coordinates":[-80.279700142,25.7123401420001]},"properties":{"year":2024,"ped":0,"fatal":0}},{"type":"Feature","geometry":{"type":"Point","coordinates":[-80.1909947249999,25.8016252200001]},"properties":{"year":2024,"ped":0,"fatal":0}},{"type":"Feature","geometry":{"type":"Point","coordinates":[-80.215019835,25.77249806]},"properties":{"year":2024,"ped":1,"fatal":0}},{"type":"Feature","geometry":{"type":"Point","coordinates":[-80.214522443,25.769497024]},"properties":{"year":2019,"ped":0,"fatal":0}},{"type":"Feature","geometry":{"type":"Point","coordinates":[-80.261526138,25.8232712920001]},"properties":{"year":2019,"ped":0,"fatal":0}},{"type":"Feature","geometry":{"type":"Point","coordinates":[-80.284623913,25.734079024]},"properties":{"year":2019,"ped":0,"fatal":0}},{"type":"Feature","geometry":{"type":"Point","coordinates":[-80.221955022,25.7509208390001]},"properties":{"year":2019,"ped":0,"fatal":0}},{"type":"Feature","geometry":{"type":"Point","coordinates":[-80.22432178,25.7735472730001]},"properties":{"year":2019,"ped":1,"fatal":0}},{"type":"Feature","geometry":{"type":"Point","coordinates":[-80.2876891619999,25.7587676580001]},"properties":{"year":2019,"ped":1,"fatal":0}},{"type":"Feature","geometry":{"type":"Point","coordinates":[-80.270898996,25.748893959]},"properties":{"year":2020,"ped":0,"fatal":0}},{"type":"Feature","geometry":{"type":"Point","coordinates":[-80.214778113,25.7784404110001]},"properties":{"year":2021,"ped":0,"fatal":0}},{"type":"Feature","geometry":{"type":"Point","coordinates":[-80.207300214,25.8033805050001]},"properties":{"year":2021,"ped":1,"fatal":1}},{"type":"Feature","geometry":{"type":"Point","coordinates":[-80.319091183,25.770112016]},"properties":{"year":2021,"ped":1,"fatal":0}},{"type":"Feature","geometry":{"type":"Point","coordinates":[-80.205137226,25.776966352]},"properties":{"year":2022,"ped":0,"fatal":0}},{"type":"Feature","geometry":{"type":"Point","coordinates":[-80.265750042,25.784968737]},"properties":{"year":2022,"ped":0,"fatal":1}},{"type":"Feature","geometry":{"type":"Point","coordinates":[-80.3207707509999,25.6884748950001]},"properties":{"year":2022,"ped":0,"fatal":0}},{"type":"Feature","geometry":{"type":"Point","coordinates":[-80.206770347,25.7846607860001]},"properties":{"year":2022,"ped":1,"fatal":1}},{"type":"Feature","geometry":{"type":"Point","coordinates":[-80.263455708,25.72512407]},"properties":{"year":2022,"ped":0,"fatal":0}},{"type":"Feature","geometry":{"type":"Point","coordinates":[-80.261767085,25.7278260680001]},"properties":{"year":2023,"ped":1,"fatal":0}},{"type":"Feature","geometry":{"type":"Point","coordinates":[-80.253802783,25.7489631510001]},"properties":{"year":2023,"ped":0,"fatal":0}},{"type":"Feature","geometry":{"type":"Point","coordinates":[-80.20537129,25.757375445]},"properties":{"year":2023,"ped":0,"fatal":1}},{"type":"Feature","geometry":{"type":"Point","coordinates":[-80.288290988,25.7780001190001]},"properties":{"year":2023,"ped":1,"fatal":0}},{"type":"Feature","geometry":{"type":"Point","coordinates":[-80.2880108849999,25.766946009]},"properties":{"year":2023,"ped":0,"fatal":0}},{"type":"Feature","geometry":{"type":"Point","coordinates":[-80.287146804,25.746138887]},"properties":{"year":2024,"ped":0,"fatal":0}},{"type":"Feature","geometry":{"type":"Point","coordinates":[-80.205021054,25.788730248]},"properties":{"year":2024,"ped":0,"fatal":0}},{"type":"Feature","geometry":{"type":"Point","coordinates":[-80.289985438,25.7042959360001]},"properties":{"year":2024,"ped":0,"fatal":0}},{"type":"Feature","geometry":{"type":"Point","coordinates":[-80.287164322,25.7840618220001]},"properties":{"year":2019,"ped":0,"fatal":0}},{"type":"Feature","geometry":{"type":"Point","coordinates":[-80.3011241409999,25.6963707210001]},"properties":{"year":2019,"ped":0,"fatal":0}},{"type":"Feature","geometry":{"type":"Point","coordinates":[-80.33592939,25.695479655]},"properties":{"year":2019,"ped":0,"fatal":0}},{"type":"Feature","geometry":{"type":"Point","coordinates":[-80.248888892,25.8236711710001]},"properties":{"year":2019,"ped":0,"fatal":0}},{"type":"Feature","geometry":{"type":"Point","coordinates":[-80.3245902419999,25.746120692]},"properties":{"year":2019,"ped":0,"fatal":0}},{"type":"Feature","geometry":{"type":"Point","coordinates":[-80.3209514769999,25.763061936]},"properties":{"year":2020,"ped":0,"fatal":0}},{"type":"Feature","geometry":{"type":"Point","coordinates":[-80.194273158,25.75852166]},"properties":{"year":2020,"ped":0,"fatal":0}},{"type":"Feature","geometry":{"type":"Point","coordinates":[-80.2933534919999,25.7011931330001]},"properties":{"year":2020,"ped":0,"fatal":0}},{"type":"Feature","geometry":{"type":"Point","coordinates":[-80.240729787,25.813083696]},"properties":{"year":2020,"ped":1,"fatal":0}},{"type":"Feature","geometry":{"type":"Point","coordinates":[-80.1978343179999,25.7662706150001]},"properties":{"year":2020,"ped":0,"fatal":0}},{"type":"Feature","geometry":{"type":"Point","coordinates":[-80.229324707,25.8094173040001]},"properties":{"year":2021,"ped":0,"fatal":0}},{"type":"Feature","geometry":{"type":"Point","coordinates":[-80.240739404,25.8250200000001]},"properties":{"year":2021,"ped":1,"fatal":0}},{"type":"Feature","geometry":{"type":"Point","coordinates":[-80.219464816,25.785659332]},"properties":{"year":2021,"ped":0,"fatal":1}},{"type":"Feature","geometry":{"type":"Point","coordinates":[-80.222319711,25.7722823130001]},"properties":{"year":2021,"ped":0,"fatal":0}},{"type":"Feature","geometry":{"type":"Point","coordinates":[-80.2338087059999,25.801854764]},"properties":{"year":2021,"ped":0,"fatal":1}},{"type":"Feature","geometry":{"type":"Point","coordinates":[-80.313163678,25.7702174300001]},"properties":{"year":2022,"ped":0,"fatal":0}},{"type":"Feature","geometry":{"type":"Point","coordinates":[-80.224658999,25.826656864]},"properties":{"year":2022,"ped":0,"fatal":0}},{"type":"Feature","geometry":{"type":"Point","coordinates":[-80.262471099,25.7053532370001]},"properties":{"year":2022,"ped":0,"fatal":0}},{"type":"Feature","geometry":{"type":"Point","coordinates":[-80.259842525,25.7645203970001]},"properties":{"year":2023,"ped":0,"fatal":0}},{"type":"Feature","geometry":{"type":"Point","coordinates":[-80.213352893,25.7804015200001]},"properties":{"year":2023,"ped":1,"fatal":0}},{"type":"Feature","geometry":{"type":"Point","coordinates":[-80.239811543,25.7900075480001]},"properties":{"year":2024,"ped":1,"fatal":0}},{"type":"Feature","geometry":{"type":"Point","coordinates":[-80.3339039479999,25.695958343]},"properties":{"year":2024,"ped":0,"fatal":0}},{"type":"Feature","geometry":{"type":"Point","coordinates":[-80.2522507419999,25.764753726]},"properties":{"year":2019,"ped":0,"fatal":1}},{"type":"Feature","geometry":{"type":"Point","coordinates":[-80.273943527,25.716985988]},"properties":{"year":2019,"ped":0,"fatal":0}},{"type":"Feature","geometry":{"type":"Point","coordinates":[-80.225361101,25.7727768390001]},"properties":{"year":2020,"ped":0,"fatal":0}},{"type":"Feature","geometry":{"type":"Point","coordinates":[-80.2731116749999,25.771385679]},"properties":{"year":2020,"ped":0,"fatal":0}},{"type":"Feature","geometry":{"type":"Point","coordinates":[-80.2248740109999,25.765560716]},"properties":{"year":2020,"ped":0,"fatal":1}},{"type":"Feature","geometry":{"type":"Point","coordinates":[-80.2286025079999,25.8242972]},"properties":{"year":2020,"ped":0,"fatal":1}},{"type":"Feature","geometry":{"type":"Point","coordinates":[-80.317806283,25.7826777130001]},"properties":{"year":2020,"ped":0,"fatal":0}},{"type":"Feature","geometry":{"type":"Point","coordinates":[-80.244373755,25.82196724]},"properties":{"year":2020,"ped":0,"fatal":0}},{"type":"Feature","geometry":{"type":"Point","coordinates":[-80.323469783,25.7177890290001]},"properties":{"year":2021,"ped":0,"fatal":0}},{"type":"Feature","geometry":{"type":"Point","coordinates":[-80.189368921,25.772592613]},"properties":{"year":2021,"ped":1,"fatal":0}},{"type":"Feature","geometry":{"type":"Point","coordinates":[-80.206988915,25.793909607]},"properties":{"year":2021,"ped":1,"fatal":0}},{"type":"Feature","geometry":{"type":"Point","coordinates":[-80.2313409939999,25.7855745150001]},"properties":{"year":2022,"ped":0,"fatal":1}},{"type":"Feature","geometry":{"type":"Point","coordinates":[-80.2835248919999,25.8249238020001]},"properties":{"year":2022,"ped":0,"fatal":0}},{"type":"Feature","geometry":{"type":"Point","coordinates":[-80.2611156789999,25.7046862290001]},"properties":{"year":2022,"ped":0,"fatal":0}},{"type":"Feature","geometry":{"type":"Point","coordinates":[-80.284947373,25.7485253570001]},"properties":{"year":2023,"ped":0,"fatal":0}},{"type":"Feature","geometry":{"type":"Point","coordinates":[-80.251095112,25.8118014880001]},"properties":{"year":2023,"ped":1,"fatal":1}},{"type":"Feature","geometry":{"type":"Point","coordinates":[-80.191124418,25.804106958]},"properties":{"year":2023,"ped":0,"fatal":0}},{"type":"Feature","geometry":{"type":"Point","coordinates":[-80.25464422,25.786108174]},"properties":{"year":2024,"ped":0,"fatal":0}},{"type":"Feature","geometry":{"type":"Point","coordinates":[-80.2266241579999,25.824348811]},"properties":{"year":2024,"ped":0,"fatal":0}},{"type":"Feature","geometry":{"type":"Point","coordinates":[-80.210489132,25.7841347560001]},"properties":{"year":2024,"ped":0,"fatal":0}},{"type":"Feature","geometry":{"type":"Point","coordinates":[-80.326249354,25.717399331]},"properties":{"year":2024,"ped":0,"fatal":0}},{"type":"Feature","geometry":{"type":"Point","coordinates":[-80.2398843349999,25.801667536]},"properties":{"year":2019,"ped":0,"fatal":1}},{"type":"Feature","geometry":{"type":"Point","coordinates":[-80.203485035,25.810199653]},"properties":{"year":2019,"ped":1,"fatal":0}},{"type":"Feature","geometry":{"type":"Point","coordinates":[-80.25572364,25.8085483410001]},"properties":{"year":2020,"ped":0,"fatal":0}},{"type":"Feature","geometry":{"type":"Point","coordinates":[-80.22363985,25.804326329]},"properties":{"year":2020,"ped":1,"fatal":1}},{"type":"Feature","geometry":{"type":"Point","coordinates":[-80.304208514,25.770500054]},"properties":{"year":2021,"ped":0,"fatal":0}},{"type":"Feature","geometry":{"type":"Point","coordinates":[-80.2317793829999,25.80193717]},"properties":{"year":2021,"ped":0,"fatal":0}},{"type":"Feature","geometry":{"type":"Point","coordinates":[-80.2003755169999,25.7805520110001]},"properties":{"year":2021,"ped":1,"fatal":1}},{"type":"Feature","geometry":{"type":"Point","coordinates":[-80.232450134,25.8168464410001]},"properties":{"year":2021,"ped":0,"fatal":0}},{"type":"Feature","geometry":{"type":"Point","coordinates":[-80.242110179,25.7852794]},"properties":{"year":2024,"ped":0,"fatal":0}},{"type":"Feature","geometry":{"type":"Point","coordinates":[-80.303600334,25.748058551]},"properties":{"year":2024,"ped":0,"fatal":0}},{"type":"Feature","geometry":{"type":"Point","coordinates":[-80.271015669,25.7343424810001]},"properties":{"year":2024,"ped":0,"fatal":0}},{"type":"Feature","geometry":{"type":"Point","coordinates":[-80.206897479,25.7901838490001]},"properties":{"year":2024,"ped":1,"fatal":1}},{"type":"Feature","geometry":{"type":"Point","coordinates":[-80.255370881,25.7691685950001]},"properties":{"year":2024,"ped":0,"fatal":1}},{"type":"Feature","geometry":{"type":"Point","coordinates":[-80.320034753,25.751478171]},"properties":{"year":2024,"ped":0,"fatal":1}},{"type":"Feature","geometry":{"type":"Point","coordinates":[-80.2069433949999,25.791451485]},"properties":{"year":2024,"ped":0,"fatal":0}},{"type":"Feature","geometry":{"type":"Point","coordinates":[-80.239725919,25.792806328]},"properties":{"year":2024,"ped":0,"fatal":0}},{"type":"Feature","geometry":{"type":"Point","coordinates":[-80.302859172,25.7334829100001]},"properties":{"year":2024,"ped":0,"fatal":1}},{"type":"Feature","geometry":{"type":"Point","coordinates":[-80.21578464,25.8099535480001]},"properties":{"year":2024,"ped":0,"fatal":0}},{"type":"Feature","geometry":{"type":"Point","coordinates":[-80.2567323709999,25.8037401600001]},"properties":{"year":2024,"ped":1,"fatal":0}},{"type":"Feature","geometry":{"type":"Point","coordinates":[-80.321599237,25.820606249]},"properties":{"year":2024,"ped":0,"fatal":1}},{"type":"Feature","geometry":{"type":"Point","coordinates":[-80.319229784,25.7028700330001]},"properties":{"year":2021,"ped":0,"fatal":0}},{"type":"Feature","geometry":{"type":"Point","coordinates":[-80.2468794659999,25.761181005]},"properties":{"year":2021,"ped":0,"fatal":0}},{"type":"Feature","geometry":{"type":"Point","coordinates":[-80.2642667979999,25.8082736050001]},"properties":{"year":2022,"ped":0,"fatal":0}},{"type":"Feature","geometry":{"type":"Point","coordinates":[-80.295978889,25.770644616]},"properties":{"year":2022,"ped":0,"fatal":0}},{"type":"Feature","geometry":{"type":"Point","coordinates":[-80.323062366,25.7622027950001]},"properties":{"year":2022,"ped":0,"fatal":0}},{"type":"Feature","geometry":{"type":"Point","coordinates":[-80.2090544449999,25.750391936]},"properties":{"year":2022,"ped":0,"fatal":0}},{"type":"Feature","geometry":{"type":"Point","coordinates":[-80.181217304,25.7871950310001]},"properties":{"year":2023,"ped":0,"fatal":1}},{"type":"Feature","geometry":{"type":"Point","coordinates":[-80.316200736,25.770084744]},"properties":{"year":2023,"ped":0,"fatal":0}},{"type":"Feature","geometry":{"type":"Point","coordinates":[-80.23253515,25.8226344940001]},"properties":{"year":2024,"ped":0,"fatal":0}},{"type":"Feature","geometry":{"type":"Point","coordinates":[-80.267135008,25.7841615510001]},"properties":{"year":2019,"ped":0,"fatal":0}},{"type":"Feature","geometry":{"type":"Point","coordinates":[-80.251801053,25.742945332]},"properties":{"year":2019,"ped":1,"fatal":1}},{"type":"Feature","geometry":{"type":"Point","coordinates":[-80.196568387,25.746073761]},"properties":{"year":2021,"ped":0,"fatal":0}},{"type":"Feature","geometry":{"type":"Point","coordinates":[-80.190458764,25.7800431260001]},"properties":{"year":2021,"ped":0,"fatal":1}},{"type":"Feature","geometry":{"type":"Point","coordinates":[-80.325384119,25.766081682]},"properties":{"year":2021,"ped":0,"fatal":0}},{"type":"Feature","geometry":{"type":"Point","coordinates":[-80.199091497,25.7617080650001]},"properties":{"year":2021,"ped":0,"fatal":1}},{"type":"Feature","geometry":{"type":"Point","coordinates":[-80.1876764199999,25.8114460030001]},"properties":{"year":2021,"ped":0,"fatal":0}},{"type":"Feature","geometry":{"type":"Point","coordinates":[-80.243152547,25.7793973720001]},"properties":{"year":2021,"ped":1,"fatal":1}},{"type":"Feature","geometry":{"type":"Point","coordinates":[-80.2073089149999,25.803627405]},"properties":{"year":2021,"ped":0,"fatal":0}},{"type":"Feature","geometry":{"type":"Point","coordinates":[-80.303965405,25.733534854]},"properties":{"year":2022,"ped":0,"fatal":1}},{"type":"Feature","geometry":{"type":"Point","coordinates":[-80.215408412,25.8018678060001]},"properties":{"year":2022,"ped":0,"fatal":1}},{"type":"Feature","geometry":{"type":"Point","coordinates":[-80.287031658,25.777969613]},"properties":{"year":2022,"ped":1,"fatal":1}},{"type":"Feature","geometry":{"type":"Point","coordinates":[-80.226785261,25.807615996]},"properties":{"year":2022,"ped":1,"fatal":0}},{"type":"Feature","geometry":{"type":"Point","coordinates":[-80.248488202,25.8236820010001]},"properties":{"year":2022,"ped":1,"fatal":0}},{"type":"Feature","geometry":{"type":"Point","coordinates":[-80.197696763,25.79543757]},"properties":{"year":2022,"ped":0,"fatal":0}},{"type":"Feature","geometry":{"type":"Point","coordinates":[-80.2800158919999,25.7782842180001]},"properties":{"year":2023,"ped":0,"fatal":1}},{"type":"Feature","geometry":{"type":"Point","coordinates":[-80.2262825189999,25.816978905]},"properties":{"year":2023,"ped":0,"fatal":0}},{"type":"Feature","geometry":{"type":"Point","coordinates":[-80.208299821,25.750462885]},"properties":{"year":2024,"ped":0,"fatal":1}},{"type":"Feature","geometry":{"type":"Point","coordinates":[-80.317654476,25.7825052370001]},"properties":{"year":2024,"ped":0,"fatal":0}},{"type":"Feature","geometry":{"type":"Point","coordinates":[-80.279693725,25.7123667380001]},"properties":{"year":2024,"ped":1,"fatal":1}},{"type":"Feature","geometry":{"type":"Point","coordinates":[-80.193793881,25.7778524620001]},"properties":{"year":2024,"ped":0,"fatal":0}},{"type":"Feature","geometry":{"type":"Point","coordinates":[-80.319811024,25.745811949]},"properties":{"year":2024,"ped":0,"fatal":0}},{"type":"Feature","geometry":{"type":"Point","coordinates":[-80.2217663019999,25.7458643750001]},"properties":{"year":2024,"ped":0,"fatal":1}},{"type":"Feature","geometry":{"type":"Point","coordinates":[-80.239834765,25.798905147]},"properties":{"year":2019,"ped":1,"fatal":1}},{"type":"Feature","geometry":{"type":"Point","coordinates":[-80.206226735,25.8125842920001]},"properties":{"year":2019,"ped":0,"fatal":0}},{"type":"Feature","geometry":{"type":"Point","coordinates":[-80.3274286509999,25.733368356]},"properties":{"year":2019,"ped":0,"fatal":1}},{"type":"Feature","geometry":{"type":"Point","coordinates":[-80.2852450239999,25.7078118090001]},"properties":{"year":2020,"ped":0,"fatal":0}},{"type":"Feature","geometry":{"type":"Point","coordinates":[-80.332773646,25.804794015]},"properties":{"year":2020,"ped":1,"fatal":0}},{"type":"Feature","geometry":{"type":"Point","coordinates":[-80.272914596,25.808107206]},"properties":{"year":2020,"ped":1,"fatal":1}},{"type":"Feature","geometry":{"type":"Point","coordinates":[-80.216401334,25.8274363730001]},"properties":{"year":2020,"ped":1,"fatal":1}},{"type":"Feature","geometry":{"type":"Point","coordinates":[-80.255909483,25.73502117]},"properties":{"year":2020,"ped":1,"fatal":1}},{"type":"Feature","geometry":{"type":"Point","coordinates":[-80.316587494,25.7789234860001]},"properties":{"year":2020,"ped":0,"fatal":0}},{"type":"Feature","geometry":{"type":"Point","coordinates":[-80.196818767,25.7954488730001]},"properties":{"year":2020,"ped":0,"fatal":0}},{"type":"Feature","geometry":{"type":"Point","coordinates":[-80.247934388,25.7994821720001]},"properties":{"year":2022,"ped":0,"fatal":0}},{"type":"Feature","geometry":{"type":"Point","coordinates":[-80.258670556,25.750537686]},"properties":{"year":2024,"ped":0,"fatal":0}},{"type":"Feature","geometry":{"type":"Point","coordinates":[-80.321770181,25.811233305]},"properties":{"year":2021,"ped":0,"fatal":0}},{"type":"Feature","geometry":{"type":"Point","coordinates":[-80.264001099,25.782398012]},"properties":{"year":2021,"ped":0,"fatal":1}},{"type":"Feature","geometry":{"type":"Point","coordinates":[-80.2897791999999,25.785481266]},"properties":{"year":2021,"ped":0,"fatal":0}},{"type":"Feature","geometry":{"type":"Point","coordinates":[-80.2488855029999,25.823674054]},"properties":{"year":2022,"ped":0,"fatal":0}},{"type":"Feature","geometry":{"type":"Point","coordinates":[-80.290994349,25.7842884290001]},"properties":{"year":2023,"ped":0,"fatal":0}},{"type":"Feature","geometry":{"type":"Point","coordinates":[-80.232022295,25.8114243640001]},"properties":{"year":2023,"ped":0,"fatal":1}},{"type":"Feature","geometry":{"type":"Point","coordinates":[-80.201286301,25.7522622270001]},"properties":{"year":2023,"ped":0,"fatal":1}},{"type":"Feature","geometry":{"type":"Point","coordinates":[-80.311147293,25.6866213700001]},"properties":{"year":2023,"ped":0,"fatal":0}},{"type":"Feature","geometry":{"type":"Point","coordinates":[-80.259402732,25.743892235]},"properties":{"year":2024,"ped":0,"fatal":0}},{"type":"Feature","geometry":{"type":"Point","coordinates":[-80.291434021,25.734249613]},"properties":{"year":2024,"ped":0,"fatal":0}},{"type":"Feature","geometry":{"type":"Point","coordinates":[-80.262756144,25.749407004]},"properties":{"year":2024,"ped":0,"fatal":0}},{"type":"Feature","geometry":{"type":"Point","coordinates":[-80.200324837,25.7953507510001]},"properties":{"year":2024,"ped":1,"fatal":1}},{"type":"Feature","geometry":{"type":"Point","coordinates":[-80.222203002,25.74555732]},"properties":{"year":2019,"ped":0,"fatal":1}},{"type":"Feature","geometry":{"type":"Point","coordinates":[-80.335584078,25.747448922]},"properties":{"year":2020,"ped":1,"fatal":0}},{"type":"Feature","geometry":{"type":"Point","coordinates":[-80.207020714,25.8249775]},"properties":{"year":2020,"ped":0,"fatal":0}},{"type":"Feature","geometry":{"type":"Point","coordinates":[-80.252685906,25.779060569]},"properties":{"year":2020,"ped":0,"fatal":0}},{"type":"Feature","geometry":{"type":"Point","coordinates":[-80.232258228,25.805614545]},"properties":{"year":2021,"ped":0,"fatal":0}},{"type":"Feature","geometry":{"type":"Point","coordinates":[-80.2753408739999,25.763930439]},"properties":{"year":2022,"ped":0,"fatal":0}},{"type":"Feature","geometry":{"type":"Point","coordinates":[-80.2175642189999,25.8072537150001]},"properties":{"year":2022,"ped":0,"fatal":0}},{"type":"Feature","geometry":{"type":"Point","coordinates":[-80.197507039,25.7881609190001]},"properties":{"year":2022,"ped":0,"fatal":0}},{"type":"Feature","geometry":{"type":"Point","coordinates":[-80.271057646,25.7191704750001]},"properties":{"year":2023,"ped":0,"fatal":0}},{"type":"Feature","geometry":{"type":"Point","coordinates":[-80.268304139,25.7948943480001]},"properties":{"year":2023,"ped":0,"fatal":0}},{"type":"Feature","geometry":{"type":"Point","coordinates":[-80.175560504,25.783160224]},"properties":{"year":2023,"ped":0,"fatal":1}},{"type":"Feature","geometry":{"type":"Point","coordinates":[-80.2056181249999,25.8039916450001]},"properties":{"year":2019,"ped":0,"fatal":0}},{"type":"Feature","geometry":{"type":"Point","coordinates":[-80.1824741199999,25.74647665]},"properties":{"year":2019,"ped":0,"fatal":1}},{"type":"Feature","geometry":{"type":"Point","coordinates":[-80.2459810829999,25.808916455]},"properties":{"year":2019,"ped":0,"fatal":0}},{"type":"Feature","geometry":{"type":"Point","coordinates":[-80.254890068,25.7608533260001]},"properties":{"year":2021,"ped":0,"fatal":0}},{"type":"Feature","geometry":{"type":"Point","coordinates":[-80.214186312,25.8247306000001]},"properties":{"year":2021,"ped":0,"fatal":0}},{"type":"Feature","geometry":{"type":"Point","coordinates":[-80.202499717,25.767108115]},"properties":{"year":2022,"ped":1,"fatal":1}},{"type":"Feature","geometry":{"type":"Point","coordinates":[-80.302905988,25.733344625]},"properties":{"year":2022,"ped":0,"fatal":0}},{"type":"Feature","geometry":{"type":"Point","coordinates":[-80.223798282,25.7664943510001]},"properties":{"year":2022,"ped":0,"fatal":0}},{"type":"Feature","geometry":{"type":"Point","coordinates":[-80.2067221199999,25.778473736]},"properties":{"year":2022,"ped":0,"fatal":0}},{"type":"Feature","geometry":{"type":"Point","coordinates":[-80.287468589,25.7708136910001]},"properties":{"year":2022,"ped":1,"fatal":0}},{"type":"Feature","geometry":{"type":"Point","coordinates":[-80.3315093639999,25.7550124740001]},"properties":{"year":2023,"ped":1,"fatal":0}},{"type":"Feature","geometry":{"type":"Point","coordinates":[-80.207880356,25.7878213430001]},"properties":{"year":2023,"ped":1,"fatal":0}},{"type":"Feature","geometry":{"type":"Point","coordinates":[-80.239707863,25.8090865680001]},"properties":{"year":2023,"ped":0,"fatal":1}},{"type":"Feature","geometry":{"type":"Point","coordinates":[-80.222421431,25.7632174400001]},"properties":{"year":2023,"ped":0,"fatal":0}},{"type":"Feature","geometry":{"type":"Point","coordinates":[-80.214938763,25.78559878]},"properties":{"year":2024,"ped":0,"fatal":1}},{"type":"Feature","geometry":{"type":"Point","coordinates":[-80.2349790769999,25.7662034250001]},"properties":{"year":2019,"ped":1,"fatal":1}},{"type":"Feature","geometry":{"type":"Point","coordinates":[-80.211977283,25.787681879]},"properties":{"year":2019,"ped":1,"fatal":0}},{"type":"Feature","geometry":{"type":"Point","coordinates":[-80.2439433439999,25.808964944]},"properties":{"year":2019,"ped":0,"fatal":1}},{"type":"Feature","geometry":{"type":"Point","coordinates":[-80.198908111,25.7953901060001]},"properties":{"year":2019,"ped":0,"fatal":1}},{"type":"Feature","geometry":{"type":"Point","coordinates":[-80.198481683,25.7953347860001]},"properties":{"year":2021,"ped":1,"fatal":0}},{"type":"Feature","geometry":{"type":"Point","coordinates":[-80.221201934,25.826720412]},"properties":{"year":2022,"ped":0,"fatal":1}},{"type":"Feature","geometry":{"type":"Point","coordinates":[-80.269158453,25.751866308]},"properties":{"year":2022,"ped":0,"fatal":0}},{"type":"Feature","geometry":{"type":"Point","coordinates":[-80.255414201,25.7702627300001]},"properties":{"year":2022,"ped":0,"fatal":0}},{"type":"Feature","geometry":{"type":"Point","coordinates":[-80.229883172,25.74284677]},"properties":{"year":2022,"ped":0,"fatal":1}},{"type":"Feature","geometry":{"type":"Point","coordinates":[-80.218899634,25.7868743510001]},"properties":{"year":2022,"ped":0,"fatal":0}},{"type":"Feature","geometry":{"type":"Point","coordinates":[-80.227833903,25.8066206290001]},"properties":{"year":2024,"ped":0,"fatal":0}},{"type":"Feature","geometry":{"type":"Point","coordinates":[-80.3332865369999,25.6881159910001]},"properties":{"year":2024,"ped":0,"fatal":0}},{"type":"Feature","geometry":{"type":"Point","coordinates":[-80.208046988,25.7659556680001]},"properties":{"year":2024,"ped":1,"fatal":1}},{"type":"Feature","geometry":{"type":"Point","coordinates":[-80.2428954599999,25.765041867]},"properties":{"year":2024,"ped":0,"fatal":0}},{"type":"Feature","geometry":{"type":"Point","coordinates":[-80.195612759,25.7615838840001]},"properties":{"year":2024,"ped":0,"fatal":0}},{"type":"Feature","geometry":{"type":"Point","coordinates":[-80.263396069,25.7249880360001]},"properties":{"year":2024,"ped":0,"fatal":1}},{"type":"Feature","geometry":{"type":"Point","coordinates":[-80.202050374,25.7859241840001]},"properties":{"year":2024,"ped":0,"fatal":0}},{"type":"Feature","geometry":{"type":"Point","coordinates":[-80.217731565,25.8283443350001]},"properties":{"year":2024,"ped":0,"fatal":0}},{"type":"Feature","geometry":{"type":"Point","coordinates":[-80.1948805339999,25.7956060720001]},"properties":{"year":2024,"ped":0,"fatal":0}},{"type":"Feature","geometry":{"type":"Point","coordinates":[-80.331534763,25.761887657]},"properties":{"year":2024,"ped":1,"fatal":0}},{"type":"Feature","geometry":{"type":"Point","coordinates":[-80.203110312,25.7987971310001]},"properties":{"year":2024,"ped":0,"fatal":0}},{"type":"Feature","geometry":{"type":"Point","coordinates":[-80.257851353,25.7294479760001]},"properties":{"year":2024,"ped":0,"fatal":0}},{"type":"Feature","geometry":{"type":"Point","coordinates":[-80.2161467399999,25.7511515510001]},"properties":{"year":2024,"ped":1,"fatal":0}},{"type":"Feature","geometry":{"type":"Point","coordinates":[-80.199344335,25.789565344]},"properties":{"year":2024,"ped":1,"fatal":0}},{"type":"Feature","geometry":{"type":"Point","coordinates":[-80.2349664239999,25.7685772130001]},"properties":{"year":2024,"ped":0,"fatal":0}},{"type":"Feature","geometry":{"type":"Point","coordinates":[-80.241364247,25.779309217]},"properties":{"year":2024,"ped":1,"fatal":0}},{"type":"Feature","geometry":{"type":"Point","coordinates":[-80.214596005,25.7736237770001]},"properties":{"year":2024,"ped":1,"fatal":0}},{"type":"Feature","geometry":{"type":"Point","coordinates":[-80.2315040729999,25.7871352990001]},"properties":{"year":2024,"ped":0,"fatal":0}},{"type":"Feature","geometry":{"type":"Point","coordinates":[-80.231742789,25.801808081]},"properties":{"year":2024,"ped":1,"fatal":0}},{"type":"Feature","geometry":{"type":"Point","coordinates":[-80.203730461,25.825039858]},"properties":{"year":2024,"ped":0,"fatal":0}},{"type":"Feature","geometry":{"type":"Point","coordinates":[-80.210715029,25.8035100600001]},"properties":{"year":2024,"ped":1,"fatal":0}},{"type":"Feature","geometry":{"type":"Point","coordinates":[-80.214307559,25.76673714]},"properties":{"year":2024,"ped":0,"fatal":0}},{"type":"Feature","geometry":{"type":"Point","coordinates":[-80.209438216,25.7745809210001]},"properties":{"year":2024,"ped":0,"fatal":0}},{"type":"Feature","geometry":{"type":"Point","coordinates":[-80.210735633,25.824872977]},"properties":{"year":2024,"ped":1,"fatal":0}},{"type":"Feature","geometry":{"type":"Point","coordinates":[-80.22266223,25.828165734]},"properties":{"year":2024,"ped":0,"fatal":0}},{"type":"Feature","geometry":{"type":"Point","coordinates":[-80.224620477,25.8242202340001]},"properties":{"year":2024,"ped":1,"fatal":0}},{"type":"Feature","geometry":{"type":"Point","coordinates":[-80.19060977,25.788146139]},"properties":{"year":2024,"ped":1,"fatal":0}},{"type":"Feature","geometry":{"type":"Point","coordinates":[-80.191452654,25.813490942]},"properties":{"year":2024,"ped":0,"fatal":0}},{"type":"Feature","geometry":{"type":"Point","coordinates":[-80.302587377,25.7258853650001]},"properties":{"year":2024,"ped":0,"fatal":0}},{"type":"Feature","geometry":{"type":"Point","coordinates":[-80.195876224,25.7818088970001]},"properties":{"year":2024,"ped":0,"fatal":0}},{"type":"Feature","geometry":{"type":"Point","coordinates":[-80.215179862,25.7893511930001]},"properties":{"year":2024,"ped":0,"fatal":0}},{"type":"Feature","geometry":{"type":"Point","coordinates":[-80.31996006,25.762526785]},"properties":{"year":2024,"ped":0,"fatal":0}},{"type":"Feature","geometry":{"type":"Point","coordinates":[-80.2647189149999,25.8111285210001]},"properties":{"year":2024,"ped":0,"fatal":0}},{"type":"Feature","geometry":{"type":"Point","coordinates":[-80.306157712,25.783350682]},"properties":{"year":2024,"ped":0,"fatal":0}},{"type":"Feature","geometry":{"type":"Point","coordinates":[-80.335717315,25.74756533]},"properties":{"year":2024,"ped":0,"fatal":1}},{"type":"Feature","geometry":{"type":"Point","coordinates":[-80.191884532,25.8253824060001]},"properties":{"year":2024,"ped":0,"fatal":1}},{"type":"Feature","geometry":{"type":"Point","coordinates":[-80.1891121909999,25.797919952]},"properties":{"year":2024,"ped":1,"fatal":1}},{"type":"Feature","geometry":{"type":"Point","coordinates":[-80.2953279609999,25.7846625940001]},"properties":{"year":2024,"ped":1,"fatal":0}},{"type":"Feature","geometry":{"type":"Point","coordinates":[-80.219939769,25.750903878]},"properties":{"year":2024,"ped":0,"fatal":0}},{"type":"Feature","geometry":{"type":"Point","coordinates":[-80.3123931329999,25.774284606]},"properties":{"year":2024,"ped":1,"fatal":1}},{"type":"Feature","geometry":{"type":"Point","coordinates":[-80.231663839,25.7981493680001]},"properties":{"year":2024,"ped":0,"fatal":0}},{"type":"Feature","geometry":{"type":"Point","coordinates":[-80.198044544,25.78367157]},"properties":{"year":2024,"ped":0,"fatal":0}},{"type":"Feature","geometry":{"type":"Point","coordinates":[-80.326403697,25.7151940750001]},"properties":{"year":2024,"ped":0,"fatal":0}},{"type":"Feature","geometry":{"type":"Point","coordinates":[-80.2681244349999,25.7415170150001]},"properties":{"year":2024,"ped":0,"fatal":0}},{"type":"Feature","geometry":{"type":"Point","coordinates":[-80.27522573,25.7342530820001]},"properties":{"year":2024,"ped":0,"fatal":0}},{"type":"Feature","geometry":{"type":"Point","coordinates":[-80.201445076,25.788720104]},"properties":{"year":2024,"ped":0,"fatal":0}},{"type":"Feature","geometry":{"type":"Point","coordinates":[-80.2719139439999,25.7805100480001]},"properties":{"year":2024,"ped":0,"fatal":0}},{"type":"Feature","geometry":{"type":"Point","coordinates":[-80.2059059599999,25.805121161]},"properties":{"year":2024,"ped":0,"fatal":0}},{"type":"Feature","geometry":{"type":"Point","coordinates":[-80.318567059,25.728019927]},"properties":{"year":2024,"ped":0,"fatal":0}},{"type":"Feature","geometry":{"type":"Point","coordinates":[-80.232975999,25.8275058610001]},"properties":{"year":2024,"ped":0,"fatal":0}},{"type":"Feature","geometry":{"type":"Point","coordinates":[-80.2625190909999,25.7460433200001]},"properties":{"year":2024,"ped":0,"fatal":0}},{"type":"Feature","geometry":{"type":"Point","coordinates":[-80.240174258,25.8046256060001]},"properties":{"year":2024,"ped":0,"fatal":0}},{"type":"Feature","geometry":{"type":"Point","coordinates":[-80.211568195,25.776506281]},"properties":{"year":2024,"ped":0,"fatal":0}},{"type":"Feature","geometry":{"type":"Point","coordinates":[-80.238765466,25.761574223]},"properties":{"year":2024,"ped":1,"fatal":1}},{"type":"Feature","geometry":{"type":"Point","coordinates":[-80.245194719,25.794111247]},"properties":{"year":2024,"ped":0,"fatal":0}},{"type":"Feature","geometry":{"type":"Point","coordinates":[-80.3059547299999,25.7630586650001]},"properties":{"year":2024,"ped":0,"fatal":0}},{"type":"Feature","geometry":{"type":"Point","coordinates":[-80.328193146,25.7334140720001]},"properties":{"year":2024,"ped":1,"fatal":0}},{"type":"Feature","geometry":{"type":"Point","coordinates":[-80.2836012939999,25.8251320700001]},"properties":{"year":2024,"ped":0,"fatal":1}},{"type":"Feature","geometry":{"type":"Point","coordinates":[-80.265650641,25.7717308380001]},"properties":{"year":2024,"ped":1,"fatal":0}},{"type":"Feature","geometry":{"type":"Point","coordinates":[-80.331051582,25.7619642930001]},"properties":{"year":2024,"ped":0,"fatal":0}},{"type":"Feature","geometry":{"type":"Point","coordinates":[-80.2073541249999,25.8065271250001]},"properties":{"year":2024,"ped":0,"fatal":0}},{"type":"Feature","geometry":{"type":"Point","coordinates":[-80.207492808,25.810032887]},"properties":{"year":2024,"ped":0,"fatal":0}},{"type":"Feature","geometry":{"type":"Point","coordinates":[-80.253927316,25.7827287640001]},"properties":{"year":2024,"ped":0,"fatal":0}},{"type":"Feature","geometry":{"type":"Point","coordinates":[-80.250898284,25.734972269]},"properties":{"year":2024,"ped":0,"fatal":0}},{"type":"Feature","geometry":{"type":"Point","coordinates":[-80.3088795629999,25.7970165890001]},"properties":{"year":2024,"ped":0,"fatal":0}},{"type":"Feature","geometry":{"type":"Point","coordinates":[-80.255247636,25.768643942]},"properties":{"year":2024,"ped":1,"fatal":1}},{"type":"Feature","geometry":{"type":"Point","coordinates":[-80.225554248,25.794746984]},"properties":{"year":2024,"ped":1,"fatal":0}},{"type":"Feature","geometry":{"type":"Point","coordinates":[-80.335660622,25.747564685]},"properties":{"year":2024,"ped":0,"fatal":0}},{"type":"Feature","geometry":{"type":"Point","coordinates":[-80.200139537,25.777822294]},"properties":{"year":2024,"ped":0,"fatal":0}},{"type":"Feature","geometry":{"type":"Point","coordinates":[-80.186753332,25.827429357]},"properties":{"year":2024,"ped":0,"fatal":0}},{"type":"Feature","geometry":{"type":"Point","coordinates":[-80.198542287,25.7725679920001]},"properties":{"year":2024,"ped":1,"fatal":1}},{"type":"Feature","geometry":{"type":"Point","coordinates":[-80.2068355709999,25.787676273]},"properties":{"year":2024,"ped":0,"fatal":1}},{"type":"Feature","geometry":{"type":"Point","coordinates":[-80.2152570329999,25.794957938]},"properties":{"year":2024,"ped":0,"fatal":1}},{"type":"Feature","geometry":{"type":"Point","coordinates":[-80.237930261,25.7432105890001]},"properties":{"year":2024,"ped":1,"fatal":1}},{"type":"Feature","geometry":{"type":"Point","coordinates":[-80.2628832139999,25.7550328340001]},"properties":{"year":2024,"ped":0,"fatal":0}},{"type":"Feature","geometry":{"type":"Point","coordinates":[-80.216224283,25.8239649980001]},"properties":{"year":2024,"ped":0,"fatal":0}},{"type":"Feature","geometry":{"type":"Point","coordinates":[-80.275075633,25.7784941950001]},"properties":{"year":2024,"ped":0,"fatal":1}},{"type":"Feature","geometry":{"type":"Point","coordinates":[-80.3207904609999,25.7963171850001]},"properties":{"year":2024,"ped":0,"fatal":0}},{"type":"Feature","geometry":{"type":"Point","coordinates":[-80.294131819,25.7186044490001]},"properties":{"year":2024,"ped":0,"fatal":0}},{"type":"Feature","geometry":{"type":"Point","coordinates":[-80.285484841,25.778028319]},"properties":{"year":2024,"ped":0,"fatal":0}},{"type":"Feature","geometry":{"type":"Point","coordinates":[-80.248474029,25.8125567480001]},"properties":{"year":2024,"ped":0,"fatal":0}},{"type":"Feature","geometry":{"type":"Point","coordinates":[-80.31359938,25.8263257310001]},"properties":{"year":2024,"ped":0,"fatal":0}},{"type":"Feature","geometry":{"type":"Point","coordinates":[-80.20799443,25.819085397]},"properties":{"year":2024,"ped":0,"fatal":1}},{"type":"Feature","geometry":{"type":"Point","coordinates":[-80.282064352,25.8253398410001]},"properties":{"year":2024,"ped":0,"fatal":0}},{"type":"Feature","geometry":{"type":"Point","coordinates":[-80.240617306,25.822085321]},"properties":{"year":2024,"ped":0,"fatal":1}},{"type":"Feature","geometry":{"type":"Point","coordinates":[-80.232893616,25.809344083]},"properties":{"year":2024,"ped":1,"fatal":0}},{"type":"Feature","geometry":{"type":"Point","coordinates":[-80.210146027,25.8150619890001]},"properties":{"year":2024,"ped":0,"fatal":0}},{"type":"Feature","geometry":{"type":"Point","coordinates":[-80.2623535979999,25.8086529460001]},"properties":{"year":2024,"ped":0,"fatal":1}},{"type":"Feature","geometry":{"type":"Point","coordinates":[-80.2767972779999,25.7848103040001]},"properties":{"year":2024,"ped":1,"fatal":1}},{"type":"Feature","geometry":{"type":"Point","coordinates":[-80.2231428969999,25.7899792470001]},"properties":{"year":2024,"ped":0,"fatal":0}},{"type":"Feature","geometry":{"type":"Point","coordinates":[-80.230966947,25.771418693]},"properties":{"year":2024,"ped":0,"fatal":0}},{"type":"Feature","geometry":{"type":"Point","coordinates":[-80.195069067,25.803995167]},"properties":{"year":2024,"ped":0,"fatal":1}},{"type":"Feature","geometry":{"type":"Point","coordinates":[-80.2543348199999,25.7646473470001]},"properties":{"year":2024,"ped":1,"fatal":1}},{"type":"Feature","geometry":{"type":"Point","coordinates":[-80.3254467469999,25.826219284]},"properties":{"year":2024,"ped":0,"fatal":1}},{"type":"Feature","geometry":{"type":"Point","coordinates":[-80.317108106,25.6999288230001]},"properties":{"year":2024,"ped":0,"fatal":0}},{"type":"Feature","geometry":{"type":"Point","coordinates":[-80.301497621,25.8206731600001]},"properties":{"year":2024,"ped":0,"fatal":0}},{"type":"Feature","geometry":{"type":"Point","coordinates":[-80.207004768,25.789316242]},"properties":{"year":2024,"ped":1,"fatal":0}},{"type":"Feature","geometry":{"type":"Point","coordinates":[-80.3121331739999,25.80929529]},"properties":{"year":2024,"ped":0,"fatal":0}},{"type":"Feature","geometry":{"type":"Point","coordinates":[-80.193022705,25.8254077770001]},"properties":{"year":2024,"ped":0,"fatal":0}},{"type":"Feature","geometry":{"type":"Point","coordinates":[-80.205587151,25.7886528540001]},"properties":{"year":2024,"ped":0,"fatal":0}},{"type":"Feature","geometry":{"type":"Point","coordinates":[-80.197954663,25.780732506]},"properties":{"year":2024,"ped":1,"fatal":0}},{"type":"Feature","geometry":{"type":"Point","coordinates":[-80.3207452299999,25.762273395]},"properties":{"year":2024,"ped":0,"fatal":1}},{"type":"Feature","geometry":{"type":"Point","coordinates":[-80.247050138,25.765877581]},"properties":{"year":2024,"ped":0,"fatal":0}},{"type":"Feature","geometry":{"type":"Point","coordinates":[-80.199280952,25.8066087990001]},"properties":{"year":2024,"ped":0,"fatal":0}},{"type":"Feature","geometry":{"type":"Point","coordinates":[-80.248879711,25.823615196]},"properties":{"year":2024,"ped":0,"fatal":1}},{"type":"Feature","geometry":{"type":"Point","coordinates":[-80.23875014,25.8240328260001]},"properties":{"year":2024,"ped":1,"fatal":1}},{"type":"Feature","geometry":{"type":"Point","coordinates":[-80.318005394,25.7830374820001]},"properties":{"year":2024,"ped":0,"fatal":1}},{"type":"Feature","geometry":{"type":"Point","coordinates":[-80.200190773,25.7747798070001]},"properties":{"year":2024,"ped":1,"fatal":0}},{"type":"Feature","geometry":{"type":"Point","coordinates":[-80.194851131,25.7955711380001]},"properties":{"year":2024,"ped":0,"fatal":0}},{"type":"Feature","geometry":{"type":"Point","coordinates":[-80.197918371,25.7859394590001]},"properties":{"year":2024,"ped":0,"fatal":0}},{"type":"Feature","geometry":{"type":"Point","coordinates":[-80.21470071,25.771540859]},"properties":{"year":2022,"ped":1,"fatal":0}},{"type":"Feature","geometry":{"type":"Point","coordinates":[-80.239996678,25.798872655]},"properties":{"year":2022,"ped":0,"fatal":1}},{"type":"Feature","geometry":{"type":"Point","coordinates":[-80.264893466,25.808152765]},"properties":{"year":2023,"ped":0,"fatal":0}},{"type":"Feature","geometry":{"type":"Point","coordinates":[-80.233776946,25.801860972]},"properties":{"year":2023,"ped":0,"fatal":0}},{"type":"Feature","geometry":{"type":"Point","coordinates":[-80.264220952,25.786310305]},"properties":{"year":2023,"ped":0,"fatal":1}},{"type":"Feature","geometry":{"type":"Point","coordinates":[-80.265864383,25.794956644]},"properties":{"year":2024,"ped":0,"fatal":0}},{"type":"Feature","geometry":{"type":"Point","coordinates":[-80.321447782,25.813134486]},"properties":{"year":2024,"ped":0,"fatal":0}},{"type":"Feature","geometry":{"type":"Point","coordinates":[-80.328326155,25.7698126240001]},"properties":{"year":2024,"ped":0,"fatal":0}},{"type":"Feature","geometry":{"type":"Point","coordinates":[-80.3208282419999,25.7614877980001]},"properties":{"year":2019,"ped":0,"fatal":0}},{"type":"Feature","geometry":{"type":"Point","coordinates":[-80.279554596,25.713120659]},"properties":{"year":2019,"ped":0,"fatal":0}},{"type":"Feature","geometry":{"type":"Point","coordinates":[-80.321154561,25.809517086]},"properties":{"year":2019,"ped":0,"fatal":0}},{"type":"Feature","geometry":{"type":"Point","coordinates":[-80.205535045,25.7939424580001]},"properties":{"year":2019,"ped":0,"fatal":0}},{"type":"Feature","geometry":{"type":"Point","coordinates":[-80.205607668,25.802949348]},"properties":{"year":2022,"ped":1,"fatal":0}},{"type":"Feature","geometry":{"type":"Point","coordinates":[-80.3021325459999,25.725913899]},"properties":{"year":2022,"ped":1,"fatal":0}},{"type":"Feature","geometry":{"type":"Point","coordinates":[-80.31386997,25.8279411250001]},"properties":{"year":2022,"ped":0,"fatal":1}},{"type":"Feature","geometry":{"type":"Point","coordinates":[-80.20711626,25.7978773080001]},"properties":{"year":2023,"ped":0,"fatal":0}},{"type":"Feature","geometry":{"type":"Point","coordinates":[-80.2407345239999,25.8201256300001]},"properties":{"year":2023,"ped":0,"fatal":0}},{"type":"Feature","geometry":{"type":"Point","coordinates":[-80.3195338799999,25.7803957250001]},"properties":{"year":2023,"ped":0,"fatal":0}},{"type":"Feature","geometry":{"type":"Point","coordinates":[-80.215558242,25.807395424]},"properties":{"year":2024,"ped":0,"fatal":0}},{"type":"Feature","geometry":{"type":"Point","coordinates":[-80.2358718799999,25.80180039]},"properties":{"year":2024,"ped":0,"fatal":1}},{"type":"Feature","geometry":{"type":"Point","coordinates":[-80.257616243,25.7656033850001]},"properties":{"year":2019,"ped":0,"fatal":0}},{"type":"Feature","geometry":{"type":"Point","coordinates":[-80.315824716,25.6844444280001]},"properties":{"year":2019,"ped":0,"fatal":0}},{"type":"Feature","geometry":{"type":"Point","coordinates":[-80.221533772,25.7836828960001]},"properties":{"year":2021,"ped":0,"fatal":0}},{"type":"Feature","geometry":{"type":"Point","coordinates":[-80.1959037189999,25.755751617]},"properties":{"year":2021,"ped":0,"fatal":1}},{"type":"Feature","geometry":{"type":"Point","coordinates":[-80.261923101,25.7262181250001]},"properties":{"year":2021,"ped":0,"fatal":0}},{"type":"Feature","geometry":{"type":"Point","coordinates":[-80.33354908,25.687930237]},"properties":{"year":2021,"ped":0,"fatal":0}},{"type":"Feature","geometry":{"type":"Point","coordinates":[-80.231866313,25.803718487]},"properties":{"year":2022,"ped":0,"fatal":1}},{"type":"Feature","geometry":{"type":"Point","coordinates":[-80.189131221,25.7876493090001]},"properties":{"year":2022,"ped":0,"fatal":0}},{"type":"Feature","geometry":{"type":"Point","coordinates":[-80.26306742,25.758923888]},"properties":{"year":2023,"ped":0,"fatal":0}},{"type":"Feature","geometry":{"type":"Point","coordinates":[-80.188999774,25.798088622]},"properties":{"year":2023,"ped":0,"fatal":0}},{"type":"Feature","geometry":{"type":"Point","coordinates":[-80.308868779,25.696083677]},"properties":{"year":2023,"ped":0,"fatal":0}},{"type":"Feature","geometry":{"type":"Point","coordinates":[-80.2867964819999,25.7339446400001]},"properties":{"year":2024,"ped":1,"fatal":1}},{"type":"Feature","geometry":{"type":"Point","coordinates":[-80.320633464,25.782920726]},"properties":{"year":2024,"ped":0,"fatal":0}},{"type":"Feature","geometry":{"type":"Point","coordinates":[-80.24048048,25.8220562710001]},"properties":{"year":2024,"ped":0,"fatal":1}},{"type":"Feature","geometry":{"type":"Point","coordinates":[-80.2655997969999,25.823155061]},"properties":{"year":2019,"ped":1,"fatal":0}},{"type":"Feature","geometry":{"type":"Point","coordinates":[-80.2409586809999,25.825750643]},"properties":{"year":2020,"ped":0,"fatal":0}},{"type":"Feature","geometry":{"type":"Point","coordinates":[-80.2751729839999,25.753016944]},"properties":{"year":2020,"ped":0,"fatal":0}},{"type":"Feature","geometry":{"type":"Point","coordinates":[-80.192932519,25.785609709]},"properties":{"year":2020,"ped":0,"fatal":0}},{"type":"Feature","geometry":{"type":"Point","coordinates":[-80.205565631,25.8205423850001]},"properties":{"year":2020,"ped":0,"fatal":0}},{"type":"Feature","geometry":{"type":"Point","coordinates":[-80.226140164,25.8094569560001]},"properties":{"year":2020,"ped":1,"fatal":1}},{"type":"Feature","geometry":{"type":"Point","coordinates":[-80.191496495,25.825384657]},"properties":{"year":2020,"ped":1,"fatal":0}},{"type":"Feature","geometry":{"type":"Point","coordinates":[-80.317652349,25.822551655]},"properties":{"year":2021,"ped":0,"fatal":0}},{"type":"Feature","geometry":{"type":"Point","coordinates":[-80.329330043,25.8097236080001]},"properties":{"year":2021,"ped":0,"fatal":0}},{"type":"Feature","geometry":{"type":"Point","coordinates":[-80.331562235,25.747687915]},"properties":{"year":2021,"ped":0,"fatal":0}},{"type":"Feature","geometry":{"type":"Point","coordinates":[-80.2624079999999,25.7420123220001]},"properties":{"year":2022,"ped":0,"fatal":0}},{"type":"Feature","geometry":{"type":"Point","coordinates":[-80.317003186,25.679445039]},"properties":{"year":2022,"ped":0,"fatal":0}},{"type":"Feature","geometry":{"type":"Point","coordinates":[-80.222433665,25.7641135800001]},"properties":{"year":2022,"ped":1,"fatal":1}},{"type":"Feature","geometry":{"type":"Point","coordinates":[-80.2947308769999,25.807223467]},"properties":{"year":2022,"ped":1,"fatal":1}},{"type":"Feature","geometry":{"type":"Point","coordinates":[-80.206175742,25.8250351410001]},"properties":{"year":2023,"ped":0,"fatal":0}},{"type":"Feature","geometry":{"type":"Point","coordinates":[-80.262473413,25.745176891]},"properties":{"year":2023,"ped":0,"fatal":0}},{"type":"Feature","geometry":{"type":"Point","coordinates":[-80.274511503,25.7570310450001]},"properties":{"year":2023,"ped":0,"fatal":0}},{"type":"Feature","geometry":{"type":"Point","coordinates":[-80.20397186,25.824141119]},"properties":{"year":2023,"ped":0,"fatal":0}},{"type":"Feature","geometry":{"type":"Point","coordinates":[-80.264472682,25.784943528]},"properties":{"year":2023,"ped":0,"fatal":0}},{"type":"Feature","geometry":{"type":"Point","coordinates":[-80.206959841,25.791451135]},"properties":{"year":2023,"ped":1,"fatal":1}},{"type":"Feature","geometry":{"type":"Point","coordinates":[-80.2843890469999,25.732427688]},"properties":{"year":2024,"ped":0,"fatal":0}},{"type":"Feature","geometry":{"type":"Point","coordinates":[-80.304284348,25.763065867]},"properties":{"year":2024,"ped":0,"fatal":0}},{"type":"Feature","geometry":{"type":"Point","coordinates":[-80.191211115,25.810601299]},"properties":{"year":2024,"ped":0,"fatal":0}},{"type":"Feature","geometry":{"type":"Point","coordinates":[-80.190250319,25.7725651550001]},"properties":{"year":2024,"ped":0,"fatal":0}},{"type":"Feature","geometry":{"type":"Point","coordinates":[-80.221234571,25.794818338]},"properties":{"year":2019,"ped":0,"fatal":1}},{"type":"Feature","geometry":{"type":"Point","coordinates":[-80.215793802,25.8120826430001]},"properties":{"year":2019,"ped":0,"fatal":0}},{"type":"Feature","geometry":{"type":"Point","coordinates":[-80.2113895429999,25.8036923650001]},"properties":{"year":2019,"ped":0,"fatal":0}},{"type":"Feature","geometry":{"type":"Point","coordinates":[-80.324210839,25.781372215]},"properties":{"year":2019,"ped":0,"fatal":0}},{"type":"Feature","geometry":{"type":"Point","coordinates":[-80.1953038779999,25.811430602]},"properties":{"year":2019,"ped":0,"fatal":0}},{"type":"Feature","geometry":{"type":"Point","coordinates":[-80.319652853,25.7440702220001]},"properties":{"year":2019,"ped":0,"fatal":0}},{"type":"Feature","geometry":{"type":"Point","coordinates":[-80.286302448,25.729173659]},"properties":{"year":2020,"ped":0,"fatal":0}},{"type":"Feature","geometry":{"type":"Point","coordinates":[-80.2398221189999,25.791601869]},"properties":{"year":2020,"ped":0,"fatal":1}},{"type":"Feature","geometry":{"type":"Point","coordinates":[-80.220297213,25.7462827200001]},"properties":{"year":2021,"ped":0,"fatal":0}},{"type":"Feature","geometry":{"type":"Point","coordinates":[-80.336073278,25.781225614]},"properties":{"year":2022,"ped":0,"fatal":0}},{"type":"Feature","geometry":{"type":"Point","coordinates":[-80.307084479,25.747977169]},"properties":{"year":2022,"ped":0,"fatal":0}},{"type":"Feature","geometry":{"type":"Point","coordinates":[-80.237968703,25.812296141]},"properties":{"year":2022,"ped":0,"fatal":0}},{"type":"Feature","geometry":{"type":"Point","coordinates":[-80.2868586019999,25.789495376]},"properties":{"year":2023,"ped":0,"fatal":0}},{"type":"Feature","geometry":{"type":"Point","coordinates":[-80.261369789,25.751986086]},"properties":{"year":2023,"ped":0,"fatal":0}},{"type":"Feature","geometry":{"type":"Point","coordinates":[-80.306799946,25.733364314]},"properties":{"year":2023,"ped":0,"fatal":0}},{"type":"Feature","geometry":{"type":"Point","coordinates":[-80.320200074,25.8093821320001]},"properties":{"year":2023,"ped":0,"fatal":0}},{"type":"Feature","geometry":{"type":"Point","coordinates":[-80.2621328829999,25.7346906860001]},"properties":{"year":2024,"ped":0,"fatal":0}},{"type":"Feature","geometry":{"type":"Point","coordinates":[-80.2068904939999,25.7878327670001]},"properties":{"year":2024,"ped":0,"fatal":0}},{"type":"Feature","geometry":{"type":"Point","coordinates":[-80.190662144,25.787961196]},"properties":{"year":2019,"ped":0,"fatal":0}},{"type":"Feature","geometry":{"type":"Point","coordinates":[-80.238045684,25.812131247]},"properties":{"year":2020,"ped":0,"fatal":1}},{"type":"Feature","geometry":{"type":"Point","coordinates":[-80.222195612,25.7455853210001]},"properties":{"year":2020,"ped":0,"fatal":1}},{"type":"Feature","geometry":{"type":"Point","coordinates":[-80.2129618129999,25.78616241]},"properties":{"year":2021,"ped":0,"fatal":0}},{"type":"Feature","geometry":{"type":"Point","coordinates":[-80.312594984,25.7825890130001]},"properties":{"year":2021,"ped":0,"fatal":0}},{"type":"Feature","geometry":{"type":"Point","coordinates":[-80.231745519,25.801272526]},"properties":{"year":2021,"ped":0,"fatal":0}},{"type":"Feature","geometry":{"type":"Point","coordinates":[-80.2069211149999,25.7878469090001]},"properties":{"year":2021,"ped":0,"fatal":0}},{"type":"Feature","geometry":{"type":"Point","coordinates":[-80.25673994,25.752335218]},"properties":{"year":2022,"ped":0,"fatal":0}},{"type":"Feature","geometry":{"type":"Point","coordinates":[-80.3192078439999,25.722130662]},"properties":{"year":2023,"ped":0,"fatal":0}},{"type":"Feature","geometry":{"type":"Point","coordinates":[-80.263039749,25.7493886520001]},"properties":{"year":2023,"ped":0,"fatal":0}},{"type":"Feature","geometry":{"type":"Point","coordinates":[-80.219537367,25.7684853590001]},"properties":{"year":2023,"ped":0,"fatal":0}},{"type":"Feature","geometry":{"type":"Point","coordinates":[-80.32831541,25.769799956]},"properties":{"year":2019,"ped":0,"fatal":0}},{"type":"Feature","geometry":{"type":"Point","coordinates":[-80.204348927,25.7728302830001]},"properties":{"year":2019,"ped":0,"fatal":0}},{"type":"Feature","geometry":{"type":"Point","coordinates":[-80.18903464,25.795569647]},"properties":{"year":2019,"ped":0,"fatal":0}},{"type":"Feature","geometry":{"type":"Point","coordinates":[-80.224388673,25.73844926]},"properties":{"year":2020,"ped":0,"fatal":0}},{"type":"Feature","geometry":{"type":"Point","coordinates":[-80.263540857,25.81023817]},"properties":{"year":2020,"ped":0,"fatal":0}},{"type":"Feature","geometry":{"type":"Point","coordinates":[-80.223840045,25.8087184350001]},"properties":{"year":2020,"ped":0,"fatal":0}},{"type":"Feature","geometry":{"type":"Point","coordinates":[-80.207397621,25.811886631]},"properties":{"year":2020,"ped":0,"fatal":0}},{"type":"Feature","geometry":{"type":"Point","coordinates":[-80.313693483,25.8281498010001]},"properties":{"year":2020,"ped":0,"fatal":0}},{"type":"Feature","geometry":{"type":"Point","coordinates":[-80.261218868,25.716470631]},"properties":{"year":2020,"ped":0,"fatal":0}},{"type":"Feature","geometry":{"type":"Point","coordinates":[-80.274771196,25.785070412]},"properties":{"year":2020,"ped":0,"fatal":1}},{"type":"Feature","geometry":{"type":"Point","coordinates":[-80.260988799,25.8088833050001]},"properties":{"year":2021,"ped":0,"fatal":0}},{"type":"Feature","geometry":{"type":"Point","coordinates":[-80.3208996819999,25.7788930140001]},"properties":{"year":2021,"ped":0,"fatal":0}},{"type":"Feature","geometry":{"type":"Point","coordinates":[-80.240542616,25.7847557960001]},"properties":{"year":2023,"ped":0,"fatal":0}},{"type":"Feature","geometry":{"type":"Point","coordinates":[-80.285861508,25.7709417]},"properties":{"year":2023,"ped":0,"fatal":0}},{"type":"Feature","geometry":{"type":"Point","coordinates":[-80.230948677,25.7745947510001]},"properties":{"year":2024,"ped":1,"fatal":1}},{"type":"Feature","geometry":{"type":"Point","coordinates":[-80.2372730229999,25.735533807]},"properties":{"year":2019,"ped":1,"fatal":0}},{"type":"Feature","geometry":{"type":"Point","coordinates":[-80.2118931859999,25.8173789630001]},"properties":{"year":2021,"ped":0,"fatal":1}},{"type":"Feature","geometry":{"type":"Point","coordinates":[-80.2767814979999,25.7153428130001]},"properties":{"year":2021,"ped":1,"fatal":0}},{"type":"Feature","geometry":{"type":"Point","coordinates":[-80.22345889,25.8124471560001]},"properties":{"year":2022,"ped":0,"fatal":0}},{"type":"Feature","geometry":{"type":"Point","coordinates":[-80.320182157,25.759254705]},"properties":{"year":2022,"ped":0,"fatal":1}},{"type":"Feature","geometry":{"type":"Point","coordinates":[-80.3262300279999,25.7826814650001]},"properties":{"year":2022,"ped":0,"fatal":0}},{"type":"Feature","geometry":{"type":"Point","coordinates":[-80.2883382639999,25.7779546370001]},"properties":{"year":2022,"ped":0,"fatal":0}},{"type":"Feature","geometry":{"type":"Point","coordinates":[-80.321678493,25.8181321270001]},"properties":{"year":2023,"ped":0,"fatal":0}},{"type":"Feature","geometry":{"type":"Point","coordinates":[-80.303351887,25.7777006600001]},"properties":{"year":2023,"ped":0,"fatal":0}},{"type":"Feature","geometry":{"type":"Point","coordinates":[-80.195463933,25.814119093]},"properties":{"year":2023,"ped":0,"fatal":0}},{"type":"Feature","geometry":{"type":"Point","coordinates":[-80.19524,25.8074388430001]},"properties":{"year":2023,"ped":0,"fatal":0}},{"type":"Feature","geometry":{"type":"Point","coordinates":[-80.328984297,25.769792178]},"properties":{"year":2023,"ped":1,"fatal":1}},{"type":"Feature","geometry":{"type":"Point","coordinates":[-80.3197772199999,25.7463265390001]},"properties":{"year":2024,"ped":0,"fatal":0}},{"type":"Feature","geometry":{"type":"Point","coordinates":[-80.276440179,25.7937566630001]},"properties":{"year":2024,"ped":1,"fatal":0}},{"type":"Feature","geometry":{"type":"Point","coordinates":[-80.2069946249999,25.795184497]},"properties":{"year":2019,"ped":0,"fatal":0}},{"type":"Feature","geometry":{"type":"Point","coordinates":[-80.316937547,25.780561645]},"properties":{"year":2019,"ped":0,"fatal":0}},{"type":"Feature","geometry":{"type":"Point","coordinates":[-80.199912854,25.7880953760001]},"properties":{"year":2019,"ped":1,"fatal":0}},{"type":"Feature","geometry":{"type":"Point","coordinates":[-80.320325482,25.7643266170001]},"properties":{"year":2020,"ped":0,"fatal":0}},{"type":"Feature","geometry":{"type":"Point","coordinates":[-80.2965020089999,25.6988009930001]},"properties":{"year":2020,"ped":1,"fatal":1}},{"type":"Feature","geometry":{"type":"Point","coordinates":[-80.320671782,25.796916809]},"properties":{"year":2020,"ped":0,"fatal":0}},{"type":"Feature","geometry":{"type":"Point","coordinates":[-80.295254847,25.8075696170001]},"properties":{"year":2020,"ped":0,"fatal":1}},{"type":"Feature","geometry":{"type":"Point","coordinates":[-80.2293888899999,25.7945705860001]},"properties":{"year":2021,"ped":0,"fatal":0}},{"type":"Feature","geometry":{"type":"Point","coordinates":[-80.214637013,25.7731967130001]},"properties":{"year":2021,"ped":1,"fatal":0}},{"type":"Feature","geometry":{"type":"Point","coordinates":[-80.284046415,25.766628606]},"properties":{"year":2022,"ped":1,"fatal":0}},{"type":"Feature","geometry":{"type":"Point","coordinates":[-80.3260275819999,25.6951602350001]},"properties":{"year":2022,"ped":0,"fatal":0}},{"type":"Feature","geometry":{"type":"Point","coordinates":[-80.267798523,25.8118326800001]},"properties":{"year":2022,"ped":0,"fatal":0}},{"type":"Feature","geometry":{"type":"Point","coordinates":[-80.1976319249999,25.773986259]},"properties":{"year":2023,"ped":0,"fatal":0}},{"type":"Feature","geometry":{"type":"Point","coordinates":[-80.226261058,25.816998234]},"properties":{"year":2023,"ped":0,"fatal":0}},{"type":"Feature","geometry":{"type":"Point","coordinates":[-80.2589608179999,25.756641415]},"properties":{"year":2024,"ped":0,"fatal":0}},{"type":"Feature","geometry":{"type":"Point","coordinates":[-80.3203388479999,25.769216607]},"properties":{"year":2024,"ped":0,"fatal":0}},{"type":"Feature","geometry":{"type":"Point","coordinates":[-80.2401112169999,25.823986172]},"properties":{"year":2024,"ped":1,"fatal":0}},{"type":"Feature","geometry":{"type":"Point","coordinates":[-80.319801185,25.750778784]},"properties":{"year":2024,"ped":0,"fatal":0}},{"type":"Feature","geometry":{"type":"Point","coordinates":[-80.232785099,25.8241902190001]},"properties":{"year":2024,"ped":0,"fatal":0}},{"type":"Feature","geometry":{"type":"Point","coordinates":[-80.195120617,25.7881815710001]},"properties":{"year":2024,"ped":1,"fatal":0}},{"type":"Feature","geometry":{"type":"Point","coordinates":[-80.2485200519999,25.814146828]},"properties":{"year":2024,"ped":0,"fatal":0}},{"type":"Feature","geometry":{"type":"Point","coordinates":[-80.3203186919999,25.7787039240001]},"properties":{"year":2019,"ped":0,"fatal":0}},{"type":"Feature","geometry":{"type":"Point","coordinates":[-80.202115038,25.8267329820001]},"properties":{"year":2019,"ped":1,"fatal":0}},{"type":"Feature","geometry":{"type":"Point","coordinates":[-80.263968012,25.7803774230001]},"properties":{"year":2020,"ped":1,"fatal":0}},{"type":"Feature","geometry":{"type":"Point","coordinates":[-80.305673511,25.7557948140001]},"properties":{"year":2021,"ped":0,"fatal":0}},{"type":"Feature","geometry":{"type":"Point","coordinates":[-80.3203167,25.7709013530001]},"properties":{"year":2021,"ped":0,"fatal":0}},{"type":"Feature","geometry":{"type":"Point","coordinates":[-80.287121193,25.745494622]},"properties":{"year":2021,"ped":0,"fatal":0}},{"type":"Feature","geometry":{"type":"Point","coordinates":[-80.230924128,25.770660521]},"properties":{"year":2022,"ped":0,"fatal":0}},{"type":"Feature","geometry":{"type":"Point","coordinates":[-80.2857856909999,25.70727914]},"properties":{"year":2022,"ped":0,"fatal":0}},{"type":"Feature","geometry":{"type":"Point","coordinates":[-80.248694037,25.817153229]},"properties":{"year":2022,"ped":1,"fatal":1}},{"type":"Feature","geometry":{"type":"Point","coordinates":[-80.2145413269999,25.784008327]},"properties":{"year":2023,"ped":0,"fatal":0}},{"type":"Feature","geometry":{"type":"Point","coordinates":[-80.263978736,25.700116743]},"properties":{"year":2023,"ped":1,"fatal":0}},{"type":"Feature","geometry":{"type":"Point","coordinates":[-80.2399862569999,25.807180664]},"properties":{"year":2023,"ped":0,"fatal":0}},{"type":"Feature","geometry":{"type":"Point","coordinates":[-80.214984902,25.780266619]},"properties":{"year":2023,"ped":1,"fatal":1}},{"type":"Feature","geometry":{"type":"Point","coordinates":[-80.223274749,25.7949761300001]},"properties":{"year":2023,"ped":1,"fatal":0}},{"type":"Feature","geometry":{"type":"Point","coordinates":[-80.3128761839999,25.7976946090001]},"properties":{"year":2021,"ped":0,"fatal":0}},{"type":"Feature","geometry":{"type":"Point","coordinates":[-80.288347336,25.7780053560001]},"properties":{"year":2023,"ped":0,"fatal":0}},{"type":"Feature","geometry":{"type":"Point","coordinates":[-80.261984758,25.7347310860001]},"properties":{"year":2023,"ped":1,"fatal":0}},{"type":"Feature","geometry":{"type":"Point","coordinates":[-80.199159827,25.7685606320001]},"properties":{"year":2023,"ped":1,"fatal":0}},{"type":"Feature","geometry":{"type":"Point","coordinates":[-80.281629671,25.7105808430001]},"properties":{"year":2024,"ped":0,"fatal":1}},{"type":"Feature","geometry":{"type":"Point","coordinates":[-80.303205522,25.6885981090001]},"properties":{"year":2024,"ped":0,"fatal":0}},{"type":"Feature","geometry":{"type":"Point","coordinates":[-80.2463164769999,25.7793096450001]},"properties":{"year":2024,"ped":1,"fatal":0}},{"type":"Feature","geometry":{"type":"Point","coordinates":[-80.2232878739999,25.795638664]},"properties":{"year":2024,"ped":0,"fatal":0}},{"type":"Feature","geometry":{"type":"Point","coordinates":[-80.215050291,25.787564703]},"properties":{"year":2024,"ped":0,"fatal":0}},{"type":"Feature","geometry":{"type":"Point","coordinates":[-80.263416338,25.785355861]},"properties":{"year":2019,"ped":0,"fatal":0}},{"type":"Feature","geometry":{"type":"Point","coordinates":[-80.230329959,25.7347182940001]},"properties":{"year":2019,"ped":0,"fatal":0}},{"type":"Feature","geometry":{"type":"Point","coordinates":[-80.181730672,25.810840603]},"properties":{"year":2019,"ped":0,"fatal":0}},{"type":"Feature","geometry":{"type":"Point","coordinates":[-80.3128797159999,25.6885621170001]},"properties":{"year":2019,"ped":0,"fatal":0}},{"type":"Feature","geometry":{"type":"Point","coordinates":[-80.294674991,25.733791115]},"properties":{"year":2019,"ped":0,"fatal":1}},{"type":"Feature","geometry":{"type":"Point","coordinates":[-80.2388973549999,25.7849484700001]},"properties":{"year":2019,"ped":0,"fatal":0}},{"type":"Feature","geometry":{"type":"Point","coordinates":[-80.2314997669999,25.7948198830001]},"properties":{"year":2020,"ped":1,"fatal":0}},{"type":"Feature","geometry":{"type":"Point","coordinates":[-80.2497653029999,25.771990814]},"properties":{"year":2020,"ped":0,"fatal":0}},{"type":"Feature","geometry":{"type":"Point","coordinates":[-80.196999918,25.787200109]},"properties":{"year":2021,"ped":0,"fatal":0}},{"type":"Feature","geometry":{"type":"Point","coordinates":[-80.262820168,25.814870625]},"properties":{"year":2021,"ped":0,"fatal":0}},{"type":"Feature","geometry":{"type":"Point","coordinates":[-80.2639643209999,25.780732184]},"properties":{"year":2021,"ped":0,"fatal":0}},{"type":"Feature","geometry":{"type":"Point","coordinates":[-80.232242341,25.771384439]},"properties":{"year":2021,"ped":0,"fatal":1}},{"type":"Feature","geometry":{"type":"Point","coordinates":[-80.1962859819999,25.8277408160001]},"properties":{"year":2021,"ped":1,"fatal":0}},{"type":"Feature","geometry":{"type":"Point","coordinates":[-80.233494933,25.805570141]},"properties":{"year":2022,"ped":1,"fatal":0}},{"type":"Feature","geometry":{"type":"Point","coordinates":[-80.239934405,25.802505706]},"properties":{"year":2022,"ped":0,"fatal":0}},{"type":"Feature","geometry":{"type":"Point","coordinates":[-80.2284376659999,25.809524461]},"properties":{"year":2022,"ped":1,"fatal":0}},{"type":"Feature","geometry":{"type":"Point","coordinates":[-80.238828709,25.7669774460001]},"properties":{"year":2023,"ped":0,"fatal":0}},{"type":"Feature","geometry":{"type":"Point","coordinates":[-80.273745197,25.7169634420001]},"properties":{"year":2023,"ped":0,"fatal":0}},{"type":"Feature","geometry":{"type":"Point","coordinates":[-80.206759139,25.8275525190001]},"properties":{"year":2023,"ped":0,"fatal":0}},{"type":"Feature","geometry":{"type":"Point","coordinates":[-80.243731574,25.7721258070001]},"properties":{"year":2024,"ped":0,"fatal":0}},{"type":"Feature","geometry":{"type":"Point","coordinates":[-80.3183995969999,25.748079182]},"properties":{"year":2024,"ped":0,"fatal":0}},{"type":"Feature","geometry":{"type":"Point","coordinates":[-80.245350287,25.7575394580001]},"properties":{"year":2024,"ped":0,"fatal":0}},{"type":"Feature","geometry":{"type":"Point","coordinates":[-80.1938919409999,25.7818709270001]},"properties":{"year":2024,"ped":0,"fatal":1}},{"type":"Feature","geometry":{"type":"Point","coordinates":[-80.303235313,25.7971246770001]},"properties":{"year":2024,"ped":0,"fatal":0}},{"type":"Feature","geometry":{"type":"Point","coordinates":[-80.279186873,25.8217876420001]},"properties":{"year":2019,"ped":0,"fatal":0}},{"type":"Feature","geometry":{"type":"Point","coordinates":[-80.300710221,25.71842624]},"properties":{"year":2019,"ped":0,"fatal":0}},{"type":"Feature","geometry":{"type":"Point","coordinates":[-80.265834662,25.7844003650001]},"properties":{"year":2020,"ped":0,"fatal":0}},{"type":"Feature","geometry":{"type":"Point","coordinates":[-80.1902113199999,25.810611803]},"properties":{"year":2021,"ped":0,"fatal":0}},{"type":"Feature","geometry":{"type":"Point","coordinates":[-80.2284902069999,25.8243008000001]},"properties":{"year":2021,"ped":1,"fatal":0}},{"type":"Feature","geometry":{"type":"Point","coordinates":[-80.313397983,25.816611304]},"properties":{"year":2021,"ped":0,"fatal":1}},{"type":"Feature","geometry":{"type":"Point","coordinates":[-80.2989863989999,25.6920584850001]},"properties":{"year":2022,"ped":1,"fatal":0}},{"type":"Feature","geometry":{"type":"Point","coordinates":[-80.25272768,25.817505317]},"properties":{"year":2022,"ped":0,"fatal":0}},{"type":"Feature","geometry":{"type":"Point","coordinates":[-80.197517739,25.788734264]},"properties":{"year":2022,"ped":1,"fatal":0}},{"type":"Feature","geometry":{"type":"Point","coordinates":[-80.320193637,25.76238433]},"properties":{"year":2022,"ped":0,"fatal":0}},{"type":"Feature","geometry":{"type":"Point","coordinates":[-80.274421245,25.775400845]},"properties":{"year":2023,"ped":0,"fatal":0}},{"type":"Feature","geometry":{"type":"Point","coordinates":[-80.2860700749999,25.734097326]},"properties":{"year":2023,"ped":0,"fatal":0}},{"type":"Feature","geometry":{"type":"Point","coordinates":[-80.252366416,25.7718820540001]},"properties":{"year":2023,"ped":0,"fatal":1}},{"type":"Feature","geometry":{"type":"Point","coordinates":[-80.263671476,25.785286]},"properties":{"year":2023,"ped":0,"fatal":0}},{"type":"Feature","geometry":{"type":"Point","coordinates":[-80.2231427689999,25.8280876480001]},"properties":{"year":2023,"ped":0,"fatal":1}},{"type":"Feature","geometry":{"type":"Point","coordinates":[-80.313864815,25.78976285]},"properties":{"year":2023,"ped":0,"fatal":1}},{"type":"Feature","geometry":{"type":"Point","coordinates":[-80.215783535,25.8114209990001]},"properties":{"year":2023,"ped":0,"fatal":0}},{"type":"Feature","geometry":{"type":"Point","coordinates":[-80.324376673,25.7808832530001]},"properties":{"year":2023,"ped":0,"fatal":0}},{"type":"Feature","geometry":{"type":"Point","coordinates":[-80.239370322,25.7794768750001]},"properties":{"year":2024,"ped":0,"fatal":0}},{"type":"Feature","geometry":{"type":"Point","coordinates":[-80.208217862,25.823917868]},"properties":{"year":2024,"ped":0,"fatal":0}},{"type":"Feature","geometry":{"type":"Point","coordinates":[-80.199464398,25.7768491620001]},"properties":{"year":2019,"ped":0,"fatal":0}},{"type":"Feature","geometry":{"type":"Point","coordinates":[-80.259635739,25.808992615]},"properties":{"year":2019,"ped":0,"fatal":0}},{"type":"Feature","geometry":{"type":"Point","coordinates":[-80.203155539,25.8037235350001]},"properties":{"year":2020,"ped":0,"fatal":0}},{"type":"Feature","geometry":{"type":"Point","coordinates":[-80.197793603,25.776344368]},"properties":{"year":2021,"ped":1,"fatal":0}},{"type":"Feature","geometry":{"type":"Point","coordinates":[-80.228478469,25.8176616590001]},"properties":{"year":2021,"ped":0,"fatal":0}},{"type":"Feature","geometry":{"type":"Point","coordinates":[-80.273955196,25.783491811]},"properties":{"year":2021,"ped":0,"fatal":1}},{"type":"Feature","geometry":{"type":"Point","coordinates":[-80.216237824,25.7705073400001]},"properties":{"year":2021,"ped":0,"fatal":0}},{"type":"Feature","geometry":{"type":"Point","coordinates":[-80.28704198,25.778050627]},"properties":{"year":2022,"ped":1,"fatal":0}},{"type":"Feature","geometry":{"type":"Point","coordinates":[-80.313697083,25.828280701]},"properties":{"year":2022,"ped":0,"fatal":1}},{"type":"Feature","geometry":{"type":"Point","coordinates":[-80.255868501,25.7859204110001]},"properties":{"year":2022,"ped":0,"fatal":0}},{"type":"Feature","geometry":{"type":"Point","coordinates":[-80.315747927,25.76090235]},"properties":{"year":2022,"ped":0,"fatal":0}},{"type":"Feature","geometry":{"type":"Point","coordinates":[-80.3216497879999,25.8257410740001]},"properties":{"year":2023,"ped":0,"fatal":0}},{"type":"Feature","geometry":{"type":"Point","coordinates":[-80.2353477469999,25.7841551270001]},"properties":{"year":2024,"ped":0,"fatal":0}},{"type":"Feature","geometry":{"type":"Point","coordinates":[-80.310748941,25.6868247520001]},"properties":{"year":2024,"ped":1,"fatal":0}},{"type":"Feature","geometry":{"type":"Point","coordinates":[-80.244450302,25.8236473530001]},"properties":{"year":2024,"ped":0,"fatal":1}},{"type":"Feature","geometry":{"type":"Point","coordinates":[-80.3358402659999,25.754869195]},"properties":{"year":2024,"ped":0,"fatal":0}},{"type":"Feature","geometry":{"type":"Point","coordinates":[-80.2578764209999,25.729417015]},"properties":{"year":2019,"ped":0,"fatal":0}},{"type":"Feature","geometry":{"type":"Point","coordinates":[-80.2068960949999,25.7875134990001]},"properties":{"year":2019,"ped":1,"fatal":0}},{"type":"Feature","geometry":{"type":"Point","coordinates":[-80.3184575029999,25.7625101670001]},"properties":{"year":2019,"ped":1,"fatal":0}},{"type":"Feature","geometry":{"type":"Point","coordinates":[-80.321049193,25.7595646450001]},"properties":{"year":2023,"ped":0,"fatal":0}},{"type":"Feature","geometry":{"type":"Point","coordinates":[-80.215386312,25.8098190040001]},"properties":{"year":2021,"ped":0,"fatal":1}},{"type":"Feature","geometry":{"type":"Point","coordinates":[-80.238744773,25.7276579150001]},"properties":{"year":2022,"ped":0,"fatal":0}},{"type":"Feature","geometry":{"type":"Point","coordinates":[-80.18898882,25.7941943070001]},"properties":{"year":2021,"ped":0,"fatal":1}},{"type":"Feature","geometry":{"type":"Point","coordinates":[-80.303863513,25.8130372410001]},"properties":{"year":2022,"ped":0,"fatal":1}},{"type":"Feature","geometry":{"type":"Point","coordinates":[-80.2717909839999,25.8081161170001]},"properties":{"year":2023,"ped":1,"fatal":0}},{"type":"Feature","geometry":{"type":"Point","coordinates":[-80.2056139589999,25.8046267070001]},"properties":{"year":2023,"ped":0,"fatal":0}},{"type":"Feature","geometry":{"type":"Point","coordinates":[-80.239996934,25.804636508]},"properties":{"year":2023,"ped":1,"fatal":1}},{"type":"Feature","geometry":{"type":"Point","coordinates":[-80.254857331,25.786170709]},"properties":{"year":2024,"ped":0,"fatal":0}},{"type":"Feature","geometry":{"type":"Point","coordinates":[-80.2884361449999,25.7777521140001]},"properties":{"year":2024,"ped":1,"fatal":0}},{"type":"Feature","geometry":{"type":"Point","coordinates":[-80.318770614,25.7341368950001]},"properties":{"year":2019,"ped":0,"fatal":0}},{"type":"Feature","geometry":{"type":"Point","coordinates":[-80.206259025,25.8249750000001]},"properties":{"year":2019,"ped":0,"fatal":0}},{"type":"Feature","geometry":{"type":"Point","coordinates":[-80.255452291,25.7718301940001]},"properties":{"year":2019,"ped":1,"fatal":0}},{"type":"Feature","geometry":{"type":"Point","coordinates":[-80.232618515,25.8205029860001]},"properties":{"year":2019,"ped":0,"fatal":0}},{"type":"Feature","geometry":{"type":"Point","coordinates":[-80.335584078,25.747448922]},"properties":{"year":2020,"ped":0,"fatal":0}},{"type":"Feature","geometry":{"type":"Point","coordinates":[-80.2070793,25.814173022]},"properties":{"year":2020,"ped":0,"fatal":0}},{"type":"Feature","geometry":{"type":"Point","coordinates":[-80.2610877,25.7644935160001]},"properties":{"year":2021,"ped":0,"fatal":0}},{"type":"Feature","geometry":{"type":"Point","coordinates":[-80.196186288,25.76001325]},"properties":{"year":2021,"ped":0,"fatal":0}},{"type":"Feature","geometry":{"type":"Point","coordinates":[-80.191586689,25.8178144680001]},"properties":{"year":2022,"ped":1,"fatal":1}},{"type":"Feature","geometry":{"type":"Point","coordinates":[-80.212976388,25.8002944260001]},"properties":{"year":2022,"ped":1,"fatal":0}},{"type":"Feature","geometry":{"type":"Point","coordinates":[-80.322837463,25.82609898]},"properties":{"year":2022,"ped":0,"fatal":0}},{"type":"Feature","geometry":{"type":"Point","coordinates":[-80.320894841,25.773203202]},"properties":{"year":2022,"ped":0,"fatal":0}},{"type":"Feature","geometry":{"type":"Point","coordinates":[-80.228791639,25.828057519]},"properties":{"year":2023,"ped":1,"fatal":0}},{"type":"Feature","geometry":{"type":"Point","coordinates":[-80.2576317859999,25.7296556060001]},"properties":{"year":2024,"ped":0,"fatal":0}},{"type":"Feature","geometry":{"type":"Point","coordinates":[-80.298021052,25.7776231120001]},"properties":{"year":2024,"ped":0,"fatal":0}},{"type":"Feature","geometry":{"type":"Point","coordinates":[-80.208136695,25.8259686280001]},"properties":{"year":2024,"ped":1,"fatal":1}},{"type":"Feature","geometry":{"type":"Point","coordinates":[-80.18735342,25.8254805990001]},"properties":{"year":2019,"ped":0,"fatal":0}},{"type":"Feature","geometry":{"type":"Point","coordinates":[-80.2402965649999,25.8091255950001]},"properties":{"year":2019,"ped":1,"fatal":0}},{"type":"Feature","geometry":{"type":"Point","coordinates":[-80.252253765,25.802722841]},"properties":{"year":2019,"ped":0,"fatal":0}},{"type":"Feature","geometry":{"type":"Point","coordinates":[-80.231384509,25.772561513]},"properties":{"year":2020,"ped":0,"fatal":0}},{"type":"Feature","geometry":{"type":"Point","coordinates":[-80.281653295,25.710560731]},"properties":{"year":2020,"ped":0,"fatal":0}},{"type":"Feature","geometry":{"type":"Point","coordinates":[-80.223687583,25.8056671860001]},"properties":{"year":2020,"ped":0,"fatal":0}},{"type":"Feature","geometry":{"type":"Point","coordinates":[-80.2069211149999,25.7878469090001]},"properties":{"year":2021,"ped":0,"fatal":0}},{"type":"Feature","geometry":{"type":"Point","coordinates":[-80.1890678199999,25.7984981060001]},"properties":{"year":2021,"ped":0,"fatal":0}},{"type":"Feature","geometry":{"type":"Point","coordinates":[-80.191401107,25.8138174630001]},"properties":{"year":2021,"ped":0,"fatal":1}},{"type":"Feature","geometry":{"type":"Point","coordinates":[-80.301045818,25.695120381]},"properties":{"year":2022,"ped":0,"fatal":1}},{"type":"Feature","geometry":{"type":"Point","coordinates":[-80.272305515,25.7951376510001]},"properties":{"year":2022,"ped":1,"fatal":1}},{"type":"Feature","geometry":{"type":"Point","coordinates":[-80.205448179,25.8095837120001]},"properties":{"year":2022,"ped":0,"fatal":1}},{"type":"Feature","geometry":{"type":"Point","coordinates":[-80.2298623249999,25.809412761]},"properties":{"year":2022,"ped":0,"fatal":0}},{"type":"Feature","geometry":{"type":"Point","coordinates":[-80.319674424,25.7381627940001]},"properties":{"year":2022,"ped":1,"fatal":0}},{"type":"Feature","geometry":{"type":"Point","coordinates":[-80.2478015999999,25.7995686690001]},"properties":{"year":2023,"ped":0,"fatal":0}},{"type":"Feature","geometry":{"type":"Point","coordinates":[-80.189086843,25.797088285]},"properties":{"year":2023,"ped":0,"fatal":1}},{"type":"Feature","geometry":{"type":"Point","coordinates":[-80.28213342,25.7781762550001]},"properties":{"year":2024,"ped":1,"fatal":1}},{"type":"Feature","geometry":{"type":"Point","coordinates":[-80.23931666,25.779519146]},"properties":{"year":2024,"ped":0,"fatal":0}},{"type":"Feature","geometry":{"type":"Point","coordinates":[-80.2896925539999,25.7635725330001]},"properties":{"year":2024,"ped":1,"fatal":0}},{"type":"Feature","geometry":{"type":"Point","coordinates":[-80.3275821399999,25.740617345]},"properties":{"year":2024,"ped":0,"fatal":0}},{"type":"Feature","geometry":{"type":"Point","coordinates":[-80.321054711,25.7797477240001]},"properties":{"year":2019,"ped":0,"fatal":0}},{"type":"Feature","geometry":{"type":"Point","coordinates":[-80.1867513299999,25.8273418480001]},"properties":{"year":2019,"ped":0,"fatal":1}},{"type":"Feature","geometry":{"type":"Point","coordinates":[-80.3212659819999,25.79632861]},"properties":{"year":2020,"ped":0,"fatal":0}},{"type":"Feature","geometry":{"type":"Point","coordinates":[-80.240002822,25.794438617]},"properties":{"year":2020,"ped":0,"fatal":0}},{"type":"Feature","geometry":{"type":"Point","coordinates":[-80.302818346,25.679893136]},"properties":{"year":2021,"ped":0,"fatal":0}},{"type":"Feature","geometry":{"type":"Point","coordinates":[-80.204377117,25.773824012]},"properties":{"year":2021,"ped":0,"fatal":0}},{"type":"Feature","geometry":{"type":"Point","coordinates":[-80.205653115,25.8053327050001]},"properties":{"year":2021,"ped":1,"fatal":1}},{"type":"Feature","geometry":{"type":"Point","coordinates":[-80.2004797019999,25.7825069740001]},"properties":{"year":2022,"ped":0,"fatal":0}},{"type":"Feature","geometry":{"type":"Point","coordinates":[-80.207020714,25.8249775]},"properties":{"year":2022,"ped":0,"fatal":0}},{"type":"Feature","geometry":{"type":"Point","coordinates":[-80.316630599,25.7177507930001]},"properties":{"year":2022,"ped":0,"fatal":0}},{"type":"Feature","geometry":{"type":"Point","coordinates":[-80.320610647,25.7647989970001]},"properties":{"year":2024,"ped":0,"fatal":0}},{"type":"Feature","geometry":{"type":"Point","coordinates":[-80.1964429029999,25.7750792090001]},"properties":{"year":2024,"ped":1,"fatal":0}},{"type":"Feature","geometry":{"type":"Point","coordinates":[-80.199164673,25.803811753]},"properties":{"year":2024,"ped":0,"fatal":0}},{"type":"Feature","geometry":{"type":"Point","coordinates":[-80.3164271109999,25.7804663900001]},"properties":{"year":2019,"ped":0,"fatal":0}},{"type":"Feature","geometry":{"type":"Point","coordinates":[-80.232786249,25.7707124400001]},"properties":{"year":2019,"ped":1,"fatal":0}},{"type":"Feature","geometry":{"type":"Point","coordinates":[-80.267466897,25.6944415990001]},"properties":{"year":2020,"ped":0,"fatal":0}},{"type":"Feature","geometry":{"type":"Point","coordinates":[-80.274106397,25.7342735240001]},"properties":{"year":2020,"ped":0,"fatal":0}},{"type":"Feature","geometry":{"type":"Point","coordinates":[-80.314085925,25.7627528620001]},"properties":{"year":2020,"ped":1,"fatal":0}},{"type":"Feature","geometry":{"type":"Point","coordinates":[-80.2891449809999,25.7447501390001]},"properties":{"year":2020,"ped":0,"fatal":0}},{"type":"Feature","geometry":{"type":"Point","coordinates":[-80.262777064,25.8158201540001]},"properties":{"year":2021,"ped":0,"fatal":0}},{"type":"Feature","geometry":{"type":"Point","coordinates":[-80.255336601,25.7718255140001]},"properties":{"year":2021,"ped":0,"fatal":0}},{"type":"Feature","geometry":{"type":"Point","coordinates":[-80.211691488,25.8121430570001]},"properties":{"year":2021,"ped":0,"fatal":0}},{"type":"Feature","geometry":{"type":"Point","coordinates":[-80.2383845049999,25.8239983010001]},"properties":{"year":2021,"ped":0,"fatal":0}},{"type":"Feature","geometry":{"type":"Point","coordinates":[-80.264999097,25.819120002]},"properties":{"year":2022,"ped":0,"fatal":1}},{"type":"Feature","geometry":{"type":"Point","coordinates":[-80.241057822,25.7946163350001]},"properties":{"year":2022,"ped":0,"fatal":0}},{"type":"Feature","geometry":{"type":"Point","coordinates":[-80.26572099,25.7234259860001]},"properties":{"year":2024,"ped":0,"fatal":0}},{"type":"Feature","geometry":{"type":"Point","coordinates":[-80.2708688179999,25.747931199]},"properties":{"year":2024,"ped":0,"fatal":0}},{"type":"Feature","geometry":{"type":"Point","coordinates":[-80.270774627,25.7193077270001]},"properties":{"year":2024,"ped":0,"fatal":0}},{"type":"Feature","geometry":{"type":"Point","coordinates":[-80.232578684,25.8090263720001]},"properties":{"year":2020,"ped":1,"fatal":0}},{"type":"Feature","geometry":{"type":"Point","coordinates":[-80.3272507629999,25.7173815670001]},"properties":{"year":2020,"ped":0,"fatal":1}},{"type":"Feature","geometry":{"type":"Point","coordinates":[-80.2070121149999,25.795232207]},"properties":{"year":2021,"ped":0,"fatal":0}},{"type":"Feature","geometry":{"type":"Point","coordinates":[-80.2313190309999,25.7871194200001]},"properties":{"year":2021,"ped":0,"fatal":0}},{"type":"Feature","geometry":{"type":"Point","coordinates":[-80.263591629,25.7097691280001]},"properties":{"year":2021,"ped":0,"fatal":0}},{"type":"Feature","geometry":{"type":"Point","coordinates":[-80.2061533959999,25.7766551450001]},"properties":{"year":2021,"ped":0,"fatal":0}},{"type":"Feature","geometry":{"type":"Point","coordinates":[-80.1889642199999,25.792948208]},"properties":{"year":2022,"ped":0,"fatal":0}},{"type":"Feature","geometry":{"type":"Point","coordinates":[-80.275234008,25.755150859]},"properties":{"year":2023,"ped":0,"fatal":0}},{"type":"Feature","geometry":{"type":"Point","coordinates":[-80.206227553,25.8138141800001]},"properties":{"year":2023,"ped":0,"fatal":0}},{"type":"Feature","geometry":{"type":"Point","coordinates":[-80.289349455,25.808972157]},"properties":{"year":2024,"ped":1,"fatal":0}},{"type":"Feature","geometry":{"type":"Point","coordinates":[-80.243817946,25.7904825250001]},"properties":{"year":2024,"ped":0,"fatal":0}},{"type":"Feature","geometry":{"type":"Point","coordinates":[-80.2163646829999,25.7801933810001]},"properties":{"year":2019,"ped":1,"fatal":1}},{"type":"Feature","geometry":{"type":"Point","coordinates":[-80.205622765,25.812473163]},"properties":{"year":2019,"ped":0,"fatal":0}},{"type":"Feature","geometry":{"type":"Point","coordinates":[-80.2057968939999,25.809877294]},"properties":{"year":2019,"ped":0,"fatal":0}},{"type":"Feature","geometry":{"type":"Point","coordinates":[-80.192985689,25.785615179]},"properties":{"year":2019,"ped":0,"fatal":0}},{"type":"Feature","geometry":{"type":"Point","coordinates":[-80.321307382,25.791529601]},"properties":{"year":2019,"ped":0,"fatal":0}},{"type":"Feature","geometry":{"type":"Point","coordinates":[-80.239924505,25.809106404]},"properties":{"year":2020,"ped":0,"fatal":1}},{"type":"Feature","geometry":{"type":"Point","coordinates":[-80.207411451,25.8063298930001]},"properties":{"year":2020,"ped":1,"fatal":0}},{"type":"Feature","geometry":{"type":"Point","coordinates":[-80.207510514,25.8092635040001]},"properties":{"year":2021,"ped":1,"fatal":0}},{"type":"Feature","geometry":{"type":"Point","coordinates":[-80.2380274069999,25.746351621]},"properties":{"year":2021,"ped":0,"fatal":0}},{"type":"Feature","geometry":{"type":"Point","coordinates":[-80.213177327,25.7802840620001]},"properties":{"year":2021,"ped":0,"fatal":0}},{"type":"Feature","geometry":{"type":"Point","coordinates":[-80.289412391,25.807484806]},"properties":{"year":2021,"ped":0,"fatal":0}},{"type":"Feature","geometry":{"type":"Point","coordinates":[-80.2247058089999,25.8244237000001]},"properties":{"year":2021,"ped":1,"fatal":0}},{"type":"Feature","geometry":{"type":"Point","coordinates":[-80.2707501949999,25.8229936010001]},"properties":{"year":2021,"ped":0,"fatal":0}},{"type":"Feature","geometry":{"type":"Point","coordinates":[-80.189111899,25.800149242]},"properties":{"year":2022,"ped":0,"fatal":0}},{"type":"Feature","geometry":{"type":"Point","coordinates":[-80.323638016,25.7405568940001]},"properties":{"year":2023,"ped":0,"fatal":0}},{"type":"Feature","geometry":{"type":"Point","coordinates":[-80.248197358,25.802345313]},"properties":{"year":2023,"ped":0,"fatal":0}},{"type":"Feature","geometry":{"type":"Point","coordinates":[-80.189704062,25.76285592]},"properties":{"year":2023,"ped":0,"fatal":0}},{"type":"Feature","geometry":{"type":"Point","coordinates":[-80.270897361,25.748925398]},"properties":{"year":2023,"ped":0,"fatal":0}},{"type":"Feature","geometry":{"type":"Point","coordinates":[-80.280375626,25.7104057710001]},"properties":{"year":2023,"ped":1,"fatal":0}},{"type":"Feature","geometry":{"type":"Point","coordinates":[-80.227149332,25.790936351]},"properties":{"year":2023,"ped":0,"fatal":0}},{"type":"Feature","geometry":{"type":"Point","coordinates":[-80.19234321,25.7600694660001]},"properties":{"year":2019,"ped":0,"fatal":0}},{"type":"Feature","geometry":{"type":"Point","coordinates":[-80.258616863,25.7787998040001]},"properties":{"year":2019,"ped":1,"fatal":1}},{"type":"Feature","geometry":{"type":"Point","coordinates":[-80.1998988559999,25.7880804330001]},"properties":{"year":2019,"ped":0,"fatal":0}},{"type":"Feature","geometry":{"type":"Point","coordinates":[-80.2246338959999,25.82619405]},"properties":{"year":2019,"ped":0,"fatal":0}},{"type":"Feature","geometry":{"type":"Point","coordinates":[-80.238922557,25.765972015]},"properties":{"year":2019,"ped":1,"fatal":1}},{"type":"Feature","geometry":{"type":"Point","coordinates":[-80.204609316,25.7908037080001]},"properties":{"year":2021,"ped":0,"fatal":0}},{"type":"Feature","geometry":{"type":"Point","coordinates":[-80.236082975,25.81666339]},"properties":{"year":2021,"ped":1,"fatal":0}},{"type":"Feature","geometry":{"type":"Point","coordinates":[-80.2006887169999,25.7730134130001]},"properties":{"year":2022,"ped":0,"fatal":0}},{"type":"Feature","geometry":{"type":"Point","coordinates":[-80.321272784,25.6883380370001]},"properties":{"year":2022,"ped":0,"fatal":0}},{"type":"Feature","geometry":{"type":"Point","coordinates":[-80.207871314,25.8175439010001]},"properties":{"year":2022,"ped":0,"fatal":0}},{"type":"Feature","geometry":{"type":"Point","coordinates":[-80.2393381059999,25.781418311]},"properties":{"year":2022,"ped":0,"fatal":1}},{"type":"Feature","geometry":{"type":"Point","coordinates":[-80.324346095,25.826638427]},"properties":{"year":2022,"ped":0,"fatal":0}},{"type":"Feature","geometry":{"type":"Point","coordinates":[-80.3350698629999,25.7604319970001]},"properties":{"year":2022,"ped":1,"fatal":1}},{"type":"Feature","geometry":{"type":"Point","coordinates":[-80.1946978129999,25.7749506390001]},"properties":{"year":2023,"ped":1,"fatal":0}},{"type":"Feature","geometry":{"type":"Point","coordinates":[-80.2627951119999,25.734722338]},"properties":{"year":2023,"ped":0,"fatal":0}},{"type":"Feature","geometry":{"type":"Point","coordinates":[-80.317667108,25.7821917520001]},"properties":{"year":2023,"ped":0,"fatal":0}},{"type":"Feature","geometry":{"type":"Point","coordinates":[-80.206857917,25.7878442530001]},"properties":{"year":2023,"ped":0,"fatal":0}},{"type":"Feature","geometry":{"type":"Point","coordinates":[-80.2649575249999,25.785864346]},"properties":{"year":2024,"ped":0,"fatal":1}},{"type":"Feature","geometry":{"type":"Point","coordinates":[-80.2625144089999,25.7453491740001]},"properties":{"year":2024,"ped":0,"fatal":0}},{"type":"Feature","geometry":{"type":"Point","coordinates":[-80.2858571739999,25.7073574120001]},"properties":{"year":2019,"ped":0,"fatal":0}},{"type":"Feature","geometry":{"type":"Point","coordinates":[-80.213759838,25.7839589070001]},"properties":{"year":2019,"ped":1,"fatal":0}},{"type":"Feature","geometry":{"type":"Point","coordinates":[-80.33176746,25.7332674560001]},"properties":{"year":2019,"ped":0,"fatal":0}},{"type":"Feature","geometry":{"type":"Point","coordinates":[-80.21839314,25.7617970520001]},"properties":{"year":2020,"ped":0,"fatal":1}},{"type":"Feature","geometry":{"type":"Point","coordinates":[-80.2058757149999,25.8112200030001]},"properties":{"year":2021,"ped":0,"fatal":0}},{"type":"Feature","geometry":{"type":"Point","coordinates":[-80.265930498,25.8082807050001]},"properties":{"year":2021,"ped":0,"fatal":0}},{"type":"Feature","geometry":{"type":"Point","coordinates":[-80.229469308,25.809414304]},"properties":{"year":2021,"ped":1,"fatal":0}},{"type":"Feature","geometry":{"type":"Point","coordinates":[-80.203927216,25.788181009]},"properties":{"year":2021,"ped":0,"fatal":0}},{"type":"Feature","geometry":{"type":"Point","coordinates":[-80.19155962,25.7856005100001]},"properties":{"year":2021,"ped":0,"fatal":0}},{"type":"Feature","geometry":{"type":"Point","coordinates":[-80.215616413,25.8073285040001]},"properties":{"year":2021,"ped":0,"fatal":0}},{"type":"Feature","geometry":{"type":"Point","coordinates":[-80.199462835,25.769909252]},"properties":{"year":2022,"ped":0,"fatal":0}},{"type":"Feature","geometry":{"type":"Point","coordinates":[-80.310974706,25.7416430440001]},"properties":{"year":2022,"ped":1,"fatal":0}},{"type":"Feature","geometry":{"type":"Point","coordinates":[-80.216173811,25.7509609730001]},"properties":{"year":2023,"ped":0,"fatal":0}},{"type":"Feature","geometry":{"type":"Point","coordinates":[-80.327517327,25.7369353390001]},"properties":{"year":2023,"ped":0,"fatal":0}},{"type":"Feature","geometry":{"type":"Point","coordinates":[-80.229064648,25.774401868]},"properties":{"year":2023,"ped":0,"fatal":0}},{"type":"Feature","geometry":{"type":"Point","coordinates":[-80.231347338,25.733932238]},"properties":{"year":2023,"ped":0,"fatal":0}},{"type":"Feature","geometry":{"type":"Point","coordinates":[-80.293434932,25.807189496]},"properties":{"year":2019,"ped":0,"fatal":0}},{"type":"Feature","geometry":{"type":"Point","coordinates":[-80.321168642,25.7945521]},"properties":{"year":2019,"ped":0,"fatal":0}},{"type":"Feature","geometry":{"type":"Point","coordinates":[-80.230215659,25.814054791]},"properties":{"year":2019,"ped":0,"fatal":0}},{"type":"Feature","geometry":{"type":"Point","coordinates":[-80.224209983,25.814824663]},"properties":{"year":2019,"ped":0,"fatal":1}},{"type":"Feature","geometry":{"type":"Point","coordinates":[-80.176555224,25.786727479]},"properties":{"year":2019,"ped":0,"fatal":0}},{"type":"Feature","geometry":{"type":"Point","coordinates":[-80.316220884,25.7799467130001]},"properties":{"year":2021,"ped":0,"fatal":0}},{"type":"Feature","geometry":{"type":"Point","coordinates":[-80.321016581,25.800439408]},"properties":{"year":2021,"ped":0,"fatal":0}},{"type":"Feature","geometry":{"type":"Point","coordinates":[-80.225253692,25.7918814400001]},"properties":{"year":2021,"ped":0,"fatal":1}},{"type":"Feature","geometry":{"type":"Point","coordinates":[-80.3187459329999,25.733776989]},"properties":{"year":2023,"ped":0,"fatal":0}},{"type":"Feature","geometry":{"type":"Point","coordinates":[-80.207469461,25.7675098670001]},"properties":{"year":2023,"ped":1,"fatal":1}},{"type":"Feature","geometry":{"type":"Point","coordinates":[-80.1946858589999,25.7894295670001]},"properties":{"year":2023,"ped":0,"fatal":0}},{"type":"Feature","geometry":{"type":"Point","coordinates":[-80.213707711,25.768772212]},"properties":{"year":2023,"ped":0,"fatal":0}},{"type":"Feature","geometry":{"type":"Point","coordinates":[-80.260217384,25.732145372]},"properties":{"year":2023,"ped":1,"fatal":0}},{"type":"Feature","geometry":{"type":"Point","coordinates":[-80.2164098759999,25.827602095]},"properties":{"year":2024,"ped":0,"fatal":1}},{"type":"Feature","geometry":{"type":"Point","coordinates":[-80.321379695,25.798087971]},"properties":{"year":2024,"ped":0,"fatal":0}},{"type":"Feature","geometry":{"type":"Point","coordinates":[-80.239704065,25.8123594240001]},"properties":{"year":2019,"ped":0,"fatal":0}},{"type":"Feature","geometry":{"type":"Point","coordinates":[-80.32851498,25.781255414]},"properties":{"year":2021,"ped":0,"fatal":1}},{"type":"Feature","geometry":{"type":"Point","coordinates":[-80.3176168849999,25.7009522340001]},"properties":{"year":2021,"ped":0,"fatal":1}},{"type":"Feature","geometry":{"type":"Point","coordinates":[-80.199695666,25.783579742]},"properties":{"year":2021,"ped":0,"fatal":0}},{"type":"Feature","geometry":{"type":"Point","coordinates":[-80.254666823,25.75541378]},"properties":{"year":2021,"ped":0,"fatal":1}},{"type":"Feature","geometry":{"type":"Point","coordinates":[-80.246125736,25.801477151]},"properties":{"year":2021,"ped":0,"fatal":0}},{"type":"Feature","geometry":{"type":"Point","coordinates":[-80.2303256179999,25.756611917]},"properties":{"year":2022,"ped":0,"fatal":1}},{"type":"Feature","geometry":{"type":"Point","coordinates":[-80.2659622,25.723278427]},"properties":{"year":2022,"ped":0,"fatal":0}},{"type":"Feature","geometry":{"type":"Point","coordinates":[-80.2411048829999,25.7387593730001]},"properties":{"year":2023,"ped":0,"fatal":0}},{"type":"Feature","geometry":{"type":"Point","coordinates":[-80.335578687,25.743063115]},"properties":{"year":2023,"ped":1,"fatal":0}},{"type":"Feature","geometry":{"type":"Point","coordinates":[-80.2606777619999,25.7859038830001]},"properties":{"year":2023,"ped":0,"fatal":0}},{"type":"Feature","geometry":{"type":"Point","coordinates":[-80.2843889009999,25.7083447100001]},"properties":{"year":2023,"ped":0,"fatal":0}},{"type":"Feature","geometry":{"type":"Point","coordinates":[-80.219313168,25.7978026640001]},"properties":{"year":2024,"ped":0,"fatal":0}},{"type":"Feature","geometry":{"type":"Point","coordinates":[-80.172327565,25.7811592300001]},"properties":{"year":2019,"ped":0,"fatal":1}},{"type":"Feature","geometry":{"type":"Point","coordinates":[-80.228065995,25.779809018]},"properties":{"year":2020,"ped":0,"fatal":1}},{"type":"Feature","geometry":{"type":"Point","coordinates":[-80.239390106,25.782999111]},"properties":{"year":2020,"ped":0,"fatal":1}},{"type":"Feature","geometry":{"type":"Point","coordinates":[-80.274833948,25.783805656]},"properties":{"year":2020,"ped":0,"fatal":0}},{"type":"Feature","geometry":{"type":"Point","coordinates":[-80.2850383909999,25.8260515010001]},"properties":{"year":2021,"ped":0,"fatal":1}},{"type":"Feature","geometry":{"type":"Point","coordinates":[-80.2146961129999,25.775433412]},"properties":{"year":2021,"ped":0,"fatal":0}},{"type":"Feature","geometry":{"type":"Point","coordinates":[-80.192673567,25.7580895720001]},"properties":{"year":2022,"ped":0,"fatal":1}},{"type":"Feature","geometry":{"type":"Point","coordinates":[-80.2639522439999,25.7851370880001]},"properties":{"year":2023,"ped":0,"fatal":0}},{"type":"Feature","geometry":{"type":"Point","coordinates":[-80.205587678,25.7911223720001]},"properties":{"year":2024,"ped":0,"fatal":0}},{"type":"Feature","geometry":{"type":"Point","coordinates":[-80.2050408389999,25.7887318300001]},"properties":{"year":2024,"ped":0,"fatal":0}},{"type":"Feature","geometry":{"type":"Point","coordinates":[-80.321010342,25.8004228730001]},"properties":{"year":2024,"ped":0,"fatal":0}},{"type":"Feature","geometry":{"type":"Point","coordinates":[-80.257589541,25.7275253390001]},"properties":{"year":2024,"ped":1,"fatal":0}},{"type":"Feature","geometry":{"type":"Point","coordinates":[-80.240611985,25.8239217010001]},"properties":{"year":2019,"ped":1,"fatal":0}},{"type":"Feature","geometry":{"type":"Point","coordinates":[-80.2052558359999,25.773778613]},"properties":{"year":2019,"ped":1,"fatal":0}},{"type":"Feature","geometry":{"type":"Point","coordinates":[-80.321341861,25.781858083]},"properties":{"year":2019,"ped":0,"fatal":0}},{"type":"Feature","geometry":{"type":"Point","coordinates":[-80.184870041,25.8112924820001]},"properties":{"year":2019,"ped":0,"fatal":0}},{"type":"Feature","geometry":{"type":"Point","coordinates":[-80.191861799,25.8253710290001]},"properties":{"year":2019,"ped":1,"fatal":0}},{"type":"Feature","geometry":{"type":"Point","coordinates":[-80.224253431,25.765580265]},"properties":{"year":2020,"ped":0,"fatal":0}},{"type":"Feature","geometry":{"type":"Point","coordinates":[-80.18688022,25.8261222990001]},"properties":{"year":2020,"ped":0,"fatal":0}},{"type":"Feature","geometry":{"type":"Point","coordinates":[-80.211275313,25.809948003]},"properties":{"year":2020,"ped":0,"fatal":0}},{"type":"Feature","geometry":{"type":"Point","coordinates":[-80.286883191,25.8274312]},"properties":{"year":2020,"ped":0,"fatal":0}},{"type":"Feature","geometry":{"type":"Point","coordinates":[-80.2305297079999,25.8093920040001]},"properties":{"year":2021,"ped":1,"fatal":1}},{"type":"Feature","geometry":{"type":"Point","coordinates":[-80.206536914,25.816285002]},"properties":{"year":2021,"ped":0,"fatal":0}},{"type":"Feature","geometry":{"type":"Point","coordinates":[-80.175377624,25.7843577090001]},"properties":{"year":2021,"ped":0,"fatal":0}},{"type":"Feature","geometry":{"type":"Point","coordinates":[-80.287447075,25.752292572]},"properties":{"year":2021,"ped":0,"fatal":1}},{"type":"Feature","geometry":{"type":"Point","coordinates":[-80.216168763,25.7676384640001]},"properties":{"year":2021,"ped":0,"fatal":0}},{"type":"Feature","geometry":{"type":"Point","coordinates":[-80.1893366199999,25.811748503]},"properties":{"year":2022,"ped":0,"fatal":0}},{"type":"Feature","geometry":{"type":"Point","coordinates":[-80.3122471839999,25.780164513]},"properties":{"year":2022,"ped":0,"fatal":0}},{"type":"Feature","geometry":{"type":"Point","coordinates":[-80.2340267069999,25.783598011]},"properties":{"year":2022,"ped":0,"fatal":0}},{"type":"Feature","geometry":{"type":"Point","coordinates":[-80.2322973239999,25.813055305]},"properties":{"year":2023,"ped":0,"fatal":0}},{"type":"Feature","geometry":{"type":"Point","coordinates":[-80.291344366,25.808947032]},"properties":{"year":2023,"ped":0,"fatal":0}},{"type":"Feature","geometry":{"type":"Point","coordinates":[-80.3139401349999,25.773839937]},"properties":{"year":2023,"ped":0,"fatal":0}},{"type":"Feature","geometry":{"type":"Point","coordinates":[-80.2548211659999,25.75516902]},"properties":{"year":2023,"ped":1,"fatal":0}},{"type":"Feature","geometry":{"type":"Point","coordinates":[-80.2719306339999,25.7787586040001]},"properties":{"year":2023,"ped":0,"fatal":1}},{"type":"Feature","geometry":{"type":"Point","coordinates":[-80.257756907,25.729515813]},"properties":{"year":2024,"ped":0,"fatal":0}},{"type":"Feature","geometry":{"type":"Point","coordinates":[-80.191745686,25.8254448590001]},"properties":{"year":2024,"ped":1,"fatal":0}},{"type":"Feature","geometry":{"type":"Point","coordinates":[-80.2898229479999,25.704341228]},"properties":{"year":2024,"ped":0,"fatal":0}},{"type":"Feature","geometry":{"type":"Point","coordinates":[-80.209970528,25.7542346600001]},"properties":{"year":2024,"ped":0,"fatal":0}},{"type":"Feature","geometry":{"type":"Point","coordinates":[-80.329051664,25.7817549600001]},"properties":{"year":2024,"ped":0,"fatal":0}},{"type":"Feature","geometry":{"type":"Point","coordinates":[-80.1853092119999,25.7897016700001]},"properties":{"year":2019,"ped":0,"fatal":1}},{"type":"Feature","geometry":{"type":"Point","coordinates":[-80.234501617,25.7652980760001]},"properties":{"year":2019,"ped":0,"fatal":0}},{"type":"Feature","geometry":{"type":"Point","coordinates":[-80.2627631089999,25.785556161]},"properties":{"year":2019,"ped":0,"fatal":0}},{"type":"Feature","geometry":{"type":"Point","coordinates":[-80.318816004,25.7344092550001]},"properties":{"year":2019,"ped":0,"fatal":0}},{"type":"Feature","geometry":{"type":"Point","coordinates":[-80.2421003809999,25.8207857840001]},"properties":{"year":2020,"ped":0,"fatal":0}},{"type":"Feature","geometry":{"type":"Point","coordinates":[-80.2906648919999,25.7338096240001]},"properties":{"year":2020,"ped":0,"fatal":0}},{"type":"Feature","geometry":{"type":"Point","coordinates":[-80.186073321,25.811496402]},"properties":{"year":2020,"ped":0,"fatal":0}},{"type":"Feature","geometry":{"type":"Point","coordinates":[-80.1891679189999,25.812690602]},"properties":{"year":2020,"ped":1,"fatal":0}},{"type":"Feature","geometry":{"type":"Point","coordinates":[-80.268022258,25.712387715]},"properties":{"year":2020,"ped":0,"fatal":0}},{"type":"Feature","geometry":{"type":"Point","coordinates":[-80.287869292,25.7634924170001]},"properties":{"year":2021,"ped":0,"fatal":0}},{"type":"Feature","geometry":{"type":"Point","coordinates":[-80.283304953,25.714124885]},"properties":{"year":2021,"ped":0,"fatal":0}},{"type":"Feature","geometry":{"type":"Point","coordinates":[-80.288803182,25.7779670260001]},"properties":{"year":2021,"ped":0,"fatal":1}},{"type":"Feature","geometry":{"type":"Point","coordinates":[-80.2293958179999,25.81388686]},"properties":{"year":2022,"ped":0,"fatal":0}},{"type":"Feature","geometry":{"type":"Point","coordinates":[-80.211343673,25.8270689130001]},"properties":{"year":2022,"ped":0,"fatal":0}},{"type":"Feature","geometry":{"type":"Point","coordinates":[-80.19182646,25.82488362]},"properties":{"year":2022,"ped":0,"fatal":0}},{"type":"Feature","geometry":{"type":"Point","coordinates":[-80.239766662,25.809095981]},"properties":{"year":2023,"ped":0,"fatal":0}},{"type":"Feature","geometry":{"type":"Point","coordinates":[-80.3137082919999,25.733180061]},"properties":{"year":2023,"ped":0,"fatal":0}},{"type":"Feature","geometry":{"type":"Point","coordinates":[-80.2163100769999,25.7734308190001]},"properties":{"year":2023,"ped":0,"fatal":0}},{"type":"Feature","geometry":{"type":"Point","coordinates":[-80.2055676689999,25.80216153]},"properties":{"year":2023,"ped":0,"fatal":0}},{"type":"Feature","geometry":{"type":"Point","coordinates":[-80.3207340819999,25.7760875440001]},"properties":{"year":2024,"ped":0,"fatal":0}},{"type":"Feature","geometry":{"type":"Point","coordinates":[-80.237763784,25.7401229110001]},"properties":{"year":2024,"ped":0,"fatal":0}},{"type":"Feature","geometry":{"type":"Point","coordinates":[-80.248479404,25.8118385600001]},"properties":{"year":2024,"ped":1,"fatal":0}},{"type":"Feature","geometry":{"type":"Point","coordinates":[-80.190931679,25.801381834]},"properties":{"year":2024,"ped":0,"fatal":0}},{"type":"Feature","geometry":{"type":"Point","coordinates":[-80.2248963499999,25.7727047430001]},"properties":{"year":2024,"ped":0,"fatal":0}},{"type":"Feature","geometry":{"type":"Point","coordinates":[-80.279441406,25.8220148830001]},"properties":{"year":2024,"ped":0,"fatal":0}},{"type":"Feature","geometry":{"type":"Point","coordinates":[-80.272344598,25.718280658]},"properties":{"year":2019,"ped":0,"fatal":0}},{"type":"Feature","geometry":{"type":"Point","coordinates":[-80.334985879,25.71670513]},"properties":{"year":2019,"ped":0,"fatal":0}},{"type":"Feature","geometry":{"type":"Point","coordinates":[-80.243163974,25.8121824840001]},"properties":{"year":2019,"ped":0,"fatal":0}},{"type":"Feature","geometry":{"type":"Point","coordinates":[-80.256289319,25.7991248930001]},"properties":{"year":2019,"ped":0,"fatal":0}},{"type":"Feature","geometry":{"type":"Point","coordinates":[-80.255160825,25.765548777]},"properties":{"year":2019,"ped":0,"fatal":0}},{"type":"Feature","geometry":{"type":"Point","coordinates":[-80.206002215,25.8161823020001]},"properties":{"year":2020,"ped":1,"fatal":1}},{"type":"Feature","geometry":{"type":"Point","coordinates":[-80.17256249,25.7429015060001]},"properties":{"year":2021,"ped":0,"fatal":0}},{"type":"Feature","geometry":{"type":"Point","coordinates":[-80.240758404,25.8239287010001]},"properties":{"year":2021,"ped":0,"fatal":0}},{"type":"Feature","geometry":{"type":"Point","coordinates":[-80.335382481,25.680874439]},"properties":{"year":2021,"ped":0,"fatal":0}},{"type":"Feature","geometry":{"type":"Point","coordinates":[-80.2612103289999,25.7155847770001]},"properties":{"year":2021,"ped":0,"fatal":0}},{"type":"Feature","geometry":{"type":"Point","coordinates":[-80.3038202509999,25.760478565]},"properties":{"year":2022,"ped":0,"fatal":0}},{"type":"Feature","geometry":{"type":"Point","coordinates":[-80.195334421,25.8111949930001]},"properties":{"year":2022,"ped":0,"fatal":0}},{"type":"Feature","geometry":{"type":"Point","coordinates":[-80.2144834869999,25.7649254130001]},"properties":{"year":2023,"ped":0,"fatal":0}},{"type":"Feature","geometry":{"type":"Point","coordinates":[-80.190308734,25.7754949100001]},"properties":{"year":2024,"ped":1,"fatal":0}},{"type":"Feature","geometry":{"type":"Point","coordinates":[-80.2676554769999,25.808349906]},"properties":{"year":2024,"ped":0,"fatal":0}},{"type":"Feature","geometry":{"type":"Point","coordinates":[-80.238160721,25.750320517]},"properties":{"year":2024,"ped":0,"fatal":1}},{"type":"Feature","geometry":{"type":"Point","coordinates":[-80.202623917,25.7868424500001]},"properties":{"year":2019,"ped":0,"fatal":0}},{"type":"Feature","geometry":{"type":"Point","coordinates":[-80.313237354,25.8116851950001]},"properties":{"year":2019,"ped":0,"fatal":0}},{"type":"Feature","geometry":{"type":"Point","coordinates":[-80.328900146,25.7916936600001]},"properties":{"year":2019,"ped":0,"fatal":0}},{"type":"Feature","geometry":{"type":"Point","coordinates":[-80.2543986009999,25.7858281100001]},"properties":{"year":2020,"ped":0,"fatal":0}},{"type":"Feature","geometry":{"type":"Point","coordinates":[-80.2595987559999,25.7070474020001]},"properties":{"year":2020,"ped":0,"fatal":0}},{"type":"Feature","geometry":{"type":"Point","coordinates":[-80.200135851,25.82792113]},"properties":{"year":2020,"ped":0,"fatal":0}},{"type":"Feature","geometry":{"type":"Point","coordinates":[-80.309959595,25.6874928710001]},"properties":{"year":2022,"ped":1,"fatal":0}},{"type":"Feature","geometry":{"type":"Point","coordinates":[-80.258640611,25.7523090870001]},"properties":{"year":2023,"ped":0,"fatal":0}},{"type":"Feature","geometry":{"type":"Point","coordinates":[-80.240164287,25.810076414]},"properties":{"year":2023,"ped":1,"fatal":1}},{"type":"Feature","geometry":{"type":"Point","coordinates":[-80.201774915,25.8184166790001]},"properties":{"year":2023,"ped":0,"fatal":0}},{"type":"Feature","geometry":{"type":"Point","coordinates":[-80.2111370709999,25.797916722]},"properties":{"year":2023,"ped":0,"fatal":0}},{"type":"Feature","geometry":{"type":"Point","coordinates":[-80.302300311,25.718561946]},"properties":{"year":2023,"ped":1,"fatal":0}},{"type":"Feature","geometry":{"type":"Point","coordinates":[-80.2488743929999,25.8221928350001]},"properties":{"year":2023,"ped":0,"fatal":0}},{"type":"Feature","geometry":{"type":"Point","coordinates":[-80.318421501,25.748053973]},"properties":{"year":2023,"ped":0,"fatal":1}},{"type":"Feature","geometry":{"type":"Point","coordinates":[-80.3255072919999,25.817205383]},"properties":{"year":2024,"ped":0,"fatal":0}},{"type":"Feature","geometry":{"type":"Point","coordinates":[-80.207654329,25.7712220270001]},"properties":{"year":2024,"ped":0,"fatal":1}},{"type":"Feature","geometry":{"type":"Point","coordinates":[-80.2003298129999,25.793471659]},"properties":{"year":2024,"ped":0,"fatal":0}},{"type":"Feature","geometry":{"type":"Point","coordinates":[-80.205349455,25.800466634]},"properties":{"year":2024,"ped":0,"fatal":0}},{"type":"Feature","geometry":{"type":"Point","coordinates":[-80.230340293,25.816874566]},"properties":{"year":2019,"ped":0,"fatal":0}},{"type":"Feature","geometry":{"type":"Point","coordinates":[-80.29438019,25.726143904]},"properties":{"year":2019,"ped":0,"fatal":0}},{"type":"Feature","geometry":{"type":"Point","coordinates":[-80.232498198,25.821171893]},"properties":{"year":2019,"ped":0,"fatal":0}},{"type":"Feature","geometry":{"type":"Point","coordinates":[-80.1912354899999,25.763734415]},"properties":{"year":2019,"ped":1,"fatal":0}},{"type":"Feature","geometry":{"type":"Point","coordinates":[-80.291201095,25.770705929]},"properties":{"year":2020,"ped":0,"fatal":0}},{"type":"Feature","geometry":{"type":"Point","coordinates":[-80.248528274,25.8236814860001]},"properties":{"year":2020,"ped":1,"fatal":1}},{"type":"Feature","geometry":{"type":"Point","coordinates":[-80.1935014489999,25.772668212]},"properties":{"year":2020,"ped":0,"fatal":0}},{"type":"Feature","geometry":{"type":"Point","coordinates":[-80.2070492999999,25.79939498]},"properties":{"year":2020,"ped":0,"fatal":0}},{"type":"Feature","geometry":{"type":"Point","coordinates":[-80.261987077,25.7347368380001]},"properties":{"year":2021,"ped":1,"fatal":0}},{"type":"Feature","geometry":{"type":"Point","coordinates":[-80.207539315,25.810063003]},"properties":{"year":2021,"ped":0,"fatal":1}},{"type":"Feature","geometry":{"type":"Point","coordinates":[-80.3209219399999,25.802052041]},"properties":{"year":2021,"ped":0,"fatal":0}},{"type":"Feature","geometry":{"type":"Point","coordinates":[-80.295869088,25.7909145190001]},"properties":{"year":2022,"ped":1,"fatal":0}},{"type":"Feature","geometry":{"type":"Point","coordinates":[-80.257461371,25.808613226]},"properties":{"year":2022,"ped":0,"fatal":0}},{"type":"Feature","geometry":{"type":"Point","coordinates":[-80.3095604929999,25.7033995210001]},"properties":{"year":2022,"ped":0,"fatal":0}},{"type":"Feature","geometry":{"type":"Point","coordinates":[-80.192112704,25.7461489940001]},"properties":{"year":2022,"ped":0,"fatal":1}},{"type":"Feature","geometry":{"type":"Point","coordinates":[-80.255303515,25.7789797900001]},"properties":{"year":2022,"ped":1,"fatal":0}},{"type":"Feature","geometry":{"type":"Point","coordinates":[-80.3360784449999,25.7618230850001]},"properties":{"year":2023,"ped":0,"fatal":0}},{"type":"Feature","geometry":{"type":"Point","coordinates":[-80.3170383039999,25.8092398270001]},"properties":{"year":2023,"ped":1,"fatal":1}},{"type":"Feature","geometry":{"type":"Point","coordinates":[-80.275327354,25.8237553710001]},"properties":{"year":2023,"ped":0,"fatal":1}},{"type":"Feature","geometry":{"type":"Point","coordinates":[-80.222937094,25.7870927120001]},"properties":{"year":2023,"ped":0,"fatal":0}},{"type":"Feature","geometry":{"type":"Point","coordinates":[-80.3028673759999,25.733335337]},"properties":{"year":2023,"ped":0,"fatal":0}},{"type":"Feature","geometry":{"type":"Point","coordinates":[-80.1900880329999,25.771098194]},"properties":{"year":2023,"ped":0,"fatal":0}},{"type":"Feature","geometry":{"type":"Point","coordinates":[-80.335332932,25.723997905]},"properties":{"year":2023,"ped":0,"fatal":0}},{"type":"Feature","geometry":{"type":"Point","coordinates":[-80.3205045619999,25.7804106450001]},"properties":{"year":2024,"ped":0,"fatal":0}},{"type":"Feature","geometry":{"type":"Point","coordinates":[-80.239558303,25.7831245560001]},"properties":{"year":2024,"ped":0,"fatal":0}},{"type":"Feature","geometry":{"type":"Point","coordinates":[-80.2069762689999,25.787676103]},"properties":{"year":2024,"ped":0,"fatal":0}},{"type":"Feature","geometry":{"type":"Point","coordinates":[-80.268507858,25.734572014]},"properties":{"year":2019,"ped":0,"fatal":0}},{"type":"Feature","geometry":{"type":"Point","coordinates":[-80.254142331,25.738785679]},"properties":{"year":2020,"ped":0,"fatal":0}},{"type":"Feature","geometry":{"type":"Point","coordinates":[-80.265148897,25.823021302]},"properties":{"year":2020,"ped":0,"fatal":0}},{"type":"Feature","geometry":{"type":"Point","coordinates":[-80.240667004,25.823397401]},"properties":{"year":2020,"ped":1,"fatal":0}},{"type":"Feature","geometry":{"type":"Point","coordinates":[-80.266921397,25.808254305]},"properties":{"year":2021,"ped":0,"fatal":0}},{"type":"Feature","geometry":{"type":"Point","coordinates":[-80.2376128239999,25.7355431330001]},"properties":{"year":2021,"ped":0,"fatal":0}},{"type":"Feature","geometry":{"type":"Point","coordinates":[-80.293730938,25.7112918620001]},"properties":{"year":2022,"ped":0,"fatal":0}},{"type":"Feature","geometry":{"type":"Point","coordinates":[-80.217959569,25.772415326]},"properties":{"year":2022,"ped":0,"fatal":0}},{"type":"Feature","geometry":{"type":"Point","coordinates":[-80.2227419609999,25.7783272820001]},"properties":{"year":2022,"ped":0,"fatal":0}},{"type":"Feature","geometry":{"type":"Point","coordinates":[-80.240392829,25.7943536550001]},"properties":{"year":2023,"ped":0,"fatal":0}},{"type":"Feature","geometry":{"type":"Point","coordinates":[-80.3207151829999,25.7574809270001]},"properties":{"year":2023,"ped":0,"fatal":1}},{"type":"Feature","geometry":{"type":"Point","coordinates":[-80.294934653,25.7633603250001]},"properties":{"year":2023,"ped":0,"fatal":0}},{"type":"Feature","geometry":{"type":"Point","coordinates":[-80.200977632,25.7709738930001]},"properties":{"year":2023,"ped":0,"fatal":0}},{"type":"Feature","geometry":{"type":"Point","coordinates":[-80.2547289509999,25.808703237]},"properties":{"year":2023,"ped":1,"fatal":1}},{"type":"Feature","geometry":{"type":"Point","coordinates":[-80.24070786,25.8200102700001]},"properties":{"year":2023,"ped":0,"fatal":1}},{"type":"Feature","geometry":{"type":"Point","coordinates":[-80.248649552,25.817549362]},"properties":{"year":2023,"ped":1,"fatal":1}},{"type":"Feature","geometry":{"type":"Point","coordinates":[-80.25429014,25.7646448620001]},"properties":{"year":2023,"ped":1,"fatal":1}},{"type":"Feature","geometry":{"type":"Point","coordinates":[-80.25586315,25.7856159460001]},"properties":{"year":2024,"ped":0,"fatal":0}},{"type":"Feature","geometry":{"type":"Point","coordinates":[-80.3210485339999,25.788502395]},"properties":{"year":2024,"ped":0,"fatal":0}},{"type":"Feature","geometry":{"type":"Point","coordinates":[-80.266757298,25.784645331]},"properties":{"year":2024,"ped":0,"fatal":1}},{"type":"Feature","geometry":{"type":"Point","coordinates":[-80.204745739,25.7513287040001]},"properties":{"year":2019,"ped":0,"fatal":0}},{"type":"Feature","geometry":{"type":"Point","coordinates":[-80.308537488,25.6886616360001]},"properties":{"year":2020,"ped":0,"fatal":0}},{"type":"Feature","geometry":{"type":"Point","coordinates":[-80.2627343999999,25.7497848200001]},"properties":{"year":2021,"ped":0,"fatal":0}},{"type":"Feature","geometry":{"type":"Point","coordinates":[-80.176349024,25.7858821090001]},"properties":{"year":2021,"ped":1,"fatal":1}},{"type":"Feature","geometry":{"type":"Point","coordinates":[-80.285925294,25.7189309280001]},"properties":{"year":2021,"ped":0,"fatal":0}},{"type":"Feature","geometry":{"type":"Point","coordinates":[-80.2227788339999,25.7833299660001]},"properties":{"year":2021,"ped":1,"fatal":0}},{"type":"Feature","geometry":{"type":"Point","coordinates":[-80.2402355039999,25.810856304]},"properties":{"year":2021,"ped":0,"fatal":0}},{"type":"Feature","geometry":{"type":"Point","coordinates":[-80.24487167,25.8247193510001]},"properties":{"year":2022,"ped":0,"fatal":0}},{"type":"Feature","geometry":{"type":"Point","coordinates":[-80.2437624199999,25.7904821070001]},"properties":{"year":2023,"ped":0,"fatal":1}},{"type":"Feature","geometry":{"type":"Point","coordinates":[-80.191533339,25.8163625390001]},"properties":{"year":2023,"ped":0,"fatal":0}},{"type":"Feature","geometry":{"type":"Point","coordinates":[-80.242284661,25.7794445260001]},"properties":{"year":2024,"ped":0,"fatal":0}},{"type":"Feature","geometry":{"type":"Point","coordinates":[-80.2588162229999,25.7537674770001]},"properties":{"year":2024,"ped":1,"fatal":0}},{"type":"Feature","geometry":{"type":"Point","coordinates":[-80.210388944,25.7659553350001]},"properties":{"year":2019,"ped":0,"fatal":0}},{"type":"Feature","geometry":{"type":"Point","coordinates":[-80.289321581,25.7840506220001]},"properties":{"year":2019,"ped":0,"fatal":0}},{"type":"Feature","geometry":{"type":"Point","coordinates":[-80.231100124,25.7768404280001]},"properties":{"year":2019,"ped":1,"fatal":0}},{"type":"Feature","geometry":{"type":"Point","coordinates":[-80.1972613729999,25.8014840870001]},"properties":{"year":2020,"ped":0,"fatal":0}},{"type":"Feature","geometry":{"type":"Point","coordinates":[-80.288171091,25.772515915]},"properties":{"year":2020,"ped":0,"fatal":0}},{"type":"Feature","geometry":{"type":"Point","coordinates":[-80.231624768,25.7983594830001]},"properties":{"year":2020,"ped":0,"fatal":0}},{"type":"Feature","geometry":{"type":"Point","coordinates":[-80.3210154349999,25.803915164]},"properties":{"year":2020,"ped":0,"fatal":0}},{"type":"Feature","geometry":{"type":"Point","coordinates":[-80.287609592,25.705783185]},"properties":{"year":2020,"ped":1,"fatal":0}},{"type":"Feature","geometry":{"type":"Point","coordinates":[-80.207431616,25.766953614]},"properties":{"year":2021,"ped":1,"fatal":0}},{"type":"Feature","geometry":{"type":"Point","coordinates":[-80.2636050099999,25.7248242260001]},"properties":{"year":2019,"ped":0,"fatal":0}},{"type":"Feature","geometry":{"type":"Point","coordinates":[-80.2381705069999,25.739758522]},"properties":{"year":2020,"ped":1,"fatal":0}},{"type":"Feature","geometry":{"type":"Point","coordinates":[-80.2046544259999,25.789555707]},"properties":{"year":2020,"ped":0,"fatal":1}},{"type":"Feature","geometry":{"type":"Point","coordinates":[-80.2320094789999,25.8063811960001]},"properties":{"year":2021,"ped":1,"fatal":1}},{"type":"Feature","geometry":{"type":"Point","coordinates":[-80.286137294,25.724951027]},"properties":{"year":2022,"ped":0,"fatal":0}},{"type":"Feature","geometry":{"type":"Point","coordinates":[-80.1894968559999,25.765904737]},"properties":{"year":2022,"ped":0,"fatal":0}},{"type":"Feature","geometry":{"type":"Point","coordinates":[-80.224272159,25.817992921]},"properties":{"year":2022,"ped":0,"fatal":0}},{"type":"Feature","geometry":{"type":"Point","coordinates":[-80.207036751,25.794651104]},"properties":{"year":2022,"ped":0,"fatal":0}},{"type":"Feature","geometry":{"type":"Point","coordinates":[-80.231875611,25.8035652400001]},"properties":{"year":2022,"ped":1,"fatal":1}},{"type":"Feature","geometry":{"type":"Point","coordinates":[-80.2368860669999,25.82768128]},"properties":{"year":2023,"ped":0,"fatal":0}},{"type":"Feature","geometry":{"type":"Point","coordinates":[-80.335777322,25.7403553510001]},"properties":{"year":2023,"ped":0,"fatal":0}},{"type":"Feature","geometry":{"type":"Point","coordinates":[-80.195514185,25.815501533]},"properties":{"year":2023,"ped":0,"fatal":0}},{"type":"Feature","geometry":{"type":"Point","coordinates":[-80.273780132,25.71690626]},"properties":{"year":2024,"ped":0,"fatal":0}},{"type":"Feature","geometry":{"type":"Point","coordinates":[-80.2045750619999,25.778637154]},"properties":{"year":2019,"ped":0,"fatal":0}},{"type":"Feature","geometry":{"type":"Point","coordinates":[-80.238817605,25.8239856010001]},"properties":{"year":2020,"ped":0,"fatal":0}},{"type":"Feature","geometry":{"type":"Point","coordinates":[-80.1743935599999,25.781489042]},"properties":{"year":2020,"ped":0,"fatal":0}},{"type":"Feature","geometry":{"type":"Point","coordinates":[-80.19005742,25.785682509]},"properties":{"year":2020,"ped":0,"fatal":0}},{"type":"Feature","geometry":{"type":"Point","coordinates":[-80.321390545,25.772092419]},"properties":{"year":2020,"ped":0,"fatal":0}},{"type":"Feature","geometry":{"type":"Point","coordinates":[-80.217775612,25.772422513]},"properties":{"year":2020,"ped":0,"fatal":1}},{"type":"Feature","geometry":{"type":"Point","coordinates":[-80.2884145949999,25.78323871]},"properties":{"year":2020,"ped":0,"fatal":0}},{"type":"Feature","geometry":{"type":"Point","coordinates":[-80.313994587,25.683463438]},"properties":{"year":2020,"ped":0,"fatal":0}},{"type":"Feature","geometry":{"type":"Point","coordinates":[-80.2641552979999,25.7868464100001]},"properties":{"year":2021,"ped":0,"fatal":0}},{"type":"Feature","geometry":{"type":"Point","coordinates":[-80.2775791939999,25.771206315]},"properties":{"year":2021,"ped":1,"fatal":0}},{"type":"Feature","geometry":{"type":"Point","coordinates":[-80.318629583,25.732830026]},"properties":{"year":2022,"ped":0,"fatal":0}},{"type":"Feature","geometry":{"type":"Point","coordinates":[-80.2065117929999,25.8188601630001]},"properties":{"year":2022,"ped":0,"fatal":0}},{"type":"Feature","geometry":{"type":"Point","coordinates":[-80.188782386,25.819465918]},"properties":{"year":2022,"ped":0,"fatal":0}},{"type":"Feature","geometry":{"type":"Point","coordinates":[-80.206710806,25.7784871430001]},"properties":{"year":2023,"ped":0,"fatal":0}},{"type":"Feature","geometry":{"type":"Point","coordinates":[-80.3093098429999,25.695631152]},"properties":{"year":2024,"ped":0,"fatal":0}},{"type":"Feature","geometry":{"type":"Point","coordinates":[-80.2380406189999,25.7397807450001]},"properties":{"year":2024,"ped":1,"fatal":0}},{"type":"Feature","geometry":{"type":"Point","coordinates":[-80.29693395,25.78460468]},"properties":{"year":2024,"ped":0,"fatal":0}},{"type":"Feature","geometry":{"type":"Point","coordinates":[-80.18913907,25.7870580690001]},"properties":{"year":2024,"ped":0,"fatal":0}},{"type":"Feature","geometry":{"type":"Point","coordinates":[-80.191801894,25.827859834]},"properties":{"year":2019,"ped":0,"fatal":0}},{"type":"Feature","geometry":{"type":"Point","coordinates":[-80.2673043619999,25.8258113360001]},"properties":{"year":2019,"ped":0,"fatal":0}},{"type":"Feature","geometry":{"type":"Point","coordinates":[-80.248889102,25.823669201]},"properties":{"year":2020,"ped":0,"fatal":0}},{"type":"Feature","geometry":{"type":"Point","coordinates":[-80.2190336799999,25.791099118]},"properties":{"year":2020,"ped":0,"fatal":0}},{"type":"Feature","geometry":{"type":"Point","coordinates":[-80.2428898429999,25.772222684]},"properties":{"year":2020,"ped":1,"fatal":1}},{"type":"Feature","geometry":{"type":"Point","coordinates":[-80.1982618769999,25.7722246280001]},"properties":{"year":2020,"ped":0,"fatal":0}},{"type":"Feature","geometry":{"type":"Point","coordinates":[-80.240312881,25.8082617430001]},"properties":{"year":2020,"ped":1,"fatal":1}},{"type":"Feature","geometry":{"type":"Point","coordinates":[-80.2077935149999,25.7756673120001]},"properties":{"year":2021,"ped":0,"fatal":1}},{"type":"Feature","geometry":{"type":"Point","coordinates":[-80.216190823,25.821801851]},"properties":{"year":2021,"ped":0,"fatal":1}},{"type":"Feature","geometry":{"type":"Point","coordinates":[-80.23219153,25.814491359]},"properties":{"year":2022,"ped":1,"fatal":1}},{"type":"Feature","geometry":{"type":"Point","coordinates":[-80.254059734,25.7647145080001]},"properties":{"year":2022,"ped":0,"fatal":0}},{"type":"Feature","geometry":{"type":"Point","coordinates":[-80.311239542,25.780164771]},"properties":{"year":2023,"ped":0,"fatal":0}},{"type":"Feature","geometry":{"type":"Point","coordinates":[-80.22807083,25.8094555280001]},"properties":{"year":2023,"ped":1,"fatal":1}},{"type":"Feature","geometry":{"type":"Point","coordinates":[-80.232289081,25.817249389]},"properties":{"year":2024,"ped":0,"fatal":1}},{"type":"Feature","geometry":{"type":"Point","coordinates":[-80.278665615,25.690077936]},"properties":{"year":2024,"ped":0,"fatal":0}},{"type":"Feature","geometry":{"type":"Point","coordinates":[-80.2226605709999,25.772240213]},"properties":{"year":2019,"ped":1,"fatal":0}},{"type":"Feature","geometry":{"type":"Point","coordinates":[-80.246529713,25.8237330110001]},"properties":{"year":2019,"ped":1,"fatal":1}},{"type":"Feature","geometry":{"type":"Point","coordinates":[-80.2173292109999,25.809754003]},"properties":{"year":2020,"ped":0,"fatal":0}},{"type":"Feature","geometry":{"type":"Point","coordinates":[-80.1890170199999,25.790775308]},"properties":{"year":2021,"ped":0,"fatal":0}},{"type":"Feature","geometry":{"type":"Point","coordinates":[-80.2487261859999,25.8200903360001]},"properties":{"year":2021,"ped":0,"fatal":1}},{"type":"Feature","geometry":{"type":"Point","coordinates":[-80.2629279989999,25.755776618]},"properties":{"year":2021,"ped":0,"fatal":0}},{"type":"Feature","geometry":{"type":"Point","coordinates":[-80.205818715,25.8093105040001]},"properties":{"year":2021,"ped":0,"fatal":0}},{"type":"Feature","geometry":{"type":"Point","coordinates":[-80.2295741089999,25.7428936210001]},"properties":{"year":2021,"ped":1,"fatal":1}},{"type":"Feature","geometry":{"type":"Point","coordinates":[-80.278244393,25.820999102]},"properties":{"year":2022,"ped":0,"fatal":0}},{"type":"Feature","geometry":{"type":"Point","coordinates":[-80.202249079,25.786144866]},"properties":{"year":2022,"ped":0,"fatal":0}},{"type":"Feature","geometry":{"type":"Point","coordinates":[-80.2627218,25.7493785200001]},"properties":{"year":2022,"ped":0,"fatal":1}},{"type":"Feature","geometry":{"type":"Point","coordinates":[-80.275286194,25.8188042030001]},"properties":{"year":2022,"ped":0,"fatal":0}},{"type":"Feature","geometry":{"type":"Point","coordinates":[-80.254139068,25.736964368]},"properties":{"year":2023,"ped":0,"fatal":1}},{"type":"Feature","geometry":{"type":"Point","coordinates":[-80.206878516,25.827045185]},"properties":{"year":2023,"ped":1,"fatal":1}},{"type":"Feature","geometry":{"type":"Point","coordinates":[-80.3211730909999,25.7926045140001]},"properties":{"year":2024,"ped":0,"fatal":0}},{"type":"Feature","geometry":{"type":"Point","coordinates":[-80.200301802,25.793483942]},"properties":{"year":2024,"ped":0,"fatal":0}},{"type":"Feature","geometry":{"type":"Point","coordinates":[-80.230344754,25.8168927790001]},"properties":{"year":2024,"ped":0,"fatal":0}},{"type":"Feature","geometry":{"type":"Point","coordinates":[-80.335338636,25.7240616490001]},"properties":{"year":2024,"ped":0,"fatal":0}},{"type":"Feature","geometry":{"type":"Point","coordinates":[-80.206169931,25.8250217510001]},"properties":{"year":2024,"ped":0,"fatal":0}},{"type":"Feature","geometry":{"type":"Point","coordinates":[-80.254936904,25.759518083]},"properties":{"year":2019,"ped":1,"fatal":0}},{"type":"Feature","geometry":{"type":"Point","coordinates":[-80.2609402209999,25.726965706]},"properties":{"year":2019,"ped":0,"fatal":0}},{"type":"Feature","geometry":{"type":"Point","coordinates":[-80.2715380619999,25.705001859]},"properties":{"year":2020,"ped":0,"fatal":0}},{"type":"Feature","geometry":{"type":"Point","coordinates":[-80.2020833559999,25.789129722]},"properties":{"year":2020,"ped":0,"fatal":0}},{"type":"Feature","geometry":{"type":"Point","coordinates":[-80.2345644059999,25.811999304]},"properties":{"year":2021,"ped":0,"fatal":0}},{"type":"Feature","geometry":{"type":"Point","coordinates":[-80.19063188,25.78544391]},"properties":{"year":2021,"ped":0,"fatal":0}},{"type":"Feature","geometry":{"type":"Point","coordinates":[-80.206133915,25.8198002010001]},"properties":{"year":2021,"ped":0,"fatal":0}},{"type":"Feature","geometry":{"type":"Point","coordinates":[-80.260095899,25.809332505]},"properties":{"year":2022,"ped":1,"fatal":0}},{"type":"Feature","geometry":{"type":"Point","coordinates":[-80.249126186,25.823655059]},"properties":{"year":2023,"ped":0,"fatal":0}},{"type":"Feature","geometry":{"type":"Point","coordinates":[-80.2215773249999,25.803195315]},"properties":{"year":2023,"ped":0,"fatal":0}},{"type":"Feature","geometry":{"type":"Point","coordinates":[-80.221318584,25.772809034]},"properties":{"year":2024,"ped":0,"fatal":0}},{"type":"Feature","geometry":{"type":"Point","coordinates":[-80.2430640109999,25.7957120630001]},"properties":{"year":2024,"ped":0,"fatal":0}},{"type":"Feature","geometry":{"type":"Point","coordinates":[-80.32792968,25.7817694130001]},"properties":{"year":2019,"ped":0,"fatal":0}},{"type":"Feature","geometry":{"type":"Point","coordinates":[-80.316398923,25.769931856]},"properties":{"year":2019,"ped":0,"fatal":0}},{"type":"Feature","geometry":{"type":"Point","coordinates":[-80.321459992,25.79647478]},"properties":{"year":2019,"ped":0,"fatal":0}},{"type":"Feature","geometry":{"type":"Point","coordinates":[-80.210830366,25.7798646310001]},"properties":{"year":2019,"ped":0,"fatal":0}},{"type":"Feature","geometry":{"type":"Point","coordinates":[-80.281007723,25.8232662520001]},"properties":{"year":2019,"ped":0,"fatal":0}},{"type":"Feature","geometry":{"type":"Point","coordinates":[-80.202996184,25.79932225]},"properties":{"year":2019,"ped":0,"fatal":0}},{"type":"Feature","geometry":{"type":"Point","coordinates":[-80.206684636,25.7813848910001]},"properties":{"year":2019,"ped":0,"fatal":0}},{"type":"Feature","geometry":{"type":"Point","coordinates":[-80.3213076819999,25.748231322]},"properties":{"year":2020,"ped":0,"fatal":0}},{"type":"Feature","geometry":{"type":"Point","coordinates":[-80.211397146,25.8035394990001]},"properties":{"year":2020,"ped":0,"fatal":0}},{"type":"Feature","geometry":{"type":"Point","coordinates":[-80.194965021,25.7992569150001]},"properties":{"year":2020,"ped":0,"fatal":0}},{"type":"Feature","geometry":{"type":"Point","coordinates":[-80.235829972,25.7943847610001]},"properties":{"year":2020,"ped":1,"fatal":0}},{"type":"Feature","geometry":{"type":"Point","coordinates":[-80.215593256,25.8049202240001]},"properties":{"year":2020,"ped":0,"fatal":1}},{"type":"Feature","geometry":{"type":"Point","coordinates":[-80.231718208,25.809348304]},"properties":{"year":2021,"ped":0,"fatal":0}},{"type":"Feature","geometry":{"type":"Point","coordinates":[-80.290152693,25.7037983320001]},"properties":{"year":2022,"ped":0,"fatal":0}},{"type":"Feature","geometry":{"type":"Point","coordinates":[-80.206005663,25.7727852260001]},"properties":{"year":2022,"ped":0,"fatal":1}},{"type":"Feature","geometry":{"type":"Point","coordinates":[-80.31282638,25.7771332200001]},"properties":{"year":2022,"ped":0,"fatal":0}},{"type":"Feature","geometry":{"type":"Point","coordinates":[-80.248566677,25.8088368250001]},"properties":{"year":2022,"ped":0,"fatal":0}},{"type":"Feature","geometry":{"type":"Point","coordinates":[-80.315753533,25.7805221610001]},"properties":{"year":2023,"ped":1,"fatal":0}},{"type":"Feature","geometry":{"type":"Point","coordinates":[-80.305590195,25.7480838490001]},"properties":{"year":2023,"ped":0,"fatal":0}},{"type":"Feature","geometry":{"type":"Point","coordinates":[-80.187998641,25.77615766]},"properties":{"year":2023,"ped":1,"fatal":1}},{"type":"Feature","geometry":{"type":"Point","coordinates":[-80.225622317,25.8090139190001]},"properties":{"year":2023,"ped":1,"fatal":1}},{"type":"Feature","geometry":{"type":"Point","coordinates":[-80.2651996669999,25.823179059]},"properties":{"year":2023,"ped":0,"fatal":0}},{"type":"Feature","geometry":{"type":"Point","coordinates":[-80.320176217,25.720943533]},"properties":{"year":2024,"ped":0,"fatal":0}},{"type":"Feature","geometry":{"type":"Point","coordinates":[-80.2156110939999,25.806624377]},"properties":{"year":2024,"ped":0,"fatal":0}},{"type":"Feature","geometry":{"type":"Point","coordinates":[-80.2206368079999,25.780129254]},"properties":{"year":2024,"ped":1,"fatal":1}},{"type":"Feature","geometry":{"type":"Point","coordinates":[-80.2656977199999,25.723408937]},"properties":{"year":2019,"ped":0,"fatal":0}},{"type":"Feature","geometry":{"type":"Point","coordinates":[-80.213862663,25.785941199]},"properties":{"year":2019,"ped":0,"fatal":0}},{"type":"Feature","geometry":{"type":"Point","coordinates":[-80.2344699069999,25.772482713]},"properties":{"year":2019,"ped":1,"fatal":0}},{"type":"Feature","geometry":{"type":"Point","coordinates":[-80.239205275,25.7849582910001]},"properties":{"year":2019,"ped":0,"fatal":0}},{"type":"Feature","geometry":{"type":"Point","coordinates":[-80.190231519,25.7741988130001]},"properties":{"year":2019,"ped":1,"fatal":0}},{"type":"Feature","geometry":{"type":"Point","coordinates":[-80.3086174159999,25.7629273580001]},"properties":{"year":2019,"ped":1,"fatal":0}},{"type":"Feature","geometry":{"type":"Point","coordinates":[-80.214643697,25.7829813700001]},"properties":{"year":2025,"ped":0,"fatal":0}},{"type":"Feature","geometry":{"type":"Point","coordinates":[-80.221685425,25.804478078]},"properties":{"year":2025,"ped":0,"fatal":0}},{"type":"Feature","geometry":{"type":"Point","coordinates":[-80.220415046,25.7861856160001]},"properties":{"year":2025,"ped":0,"fatal":0}},{"type":"Feature","geometry":{"type":"Point","coordinates":[-80.224332503,25.8208086670001]},"properties":{"year":2025,"ped":0,"fatal":0}},{"type":"Feature","geometry":{"type":"Point","coordinates":[-80.195768102,25.8200957240001]},"properties":{"year":2025,"ped":0,"fatal":0}},{"type":"Feature","geometry":{"type":"Point","coordinates":[-80.197963714,25.7881219880001]},"properties":{"year":2025,"ped":0,"fatal":0}},{"type":"Feature","geometry":{"type":"Point","coordinates":[-80.3153759209999,25.7480234600001]},"properties":{"year":2025,"ped":0,"fatal":0}},{"type":"Feature","geometry":{"type":"Point","coordinates":[-80.262145488,25.727318542]},"properties":{"year":2025,"ped":0,"fatal":0}},{"type":"Feature","geometry":{"type":"Point","coordinates":[-80.26573969,25.723381551]},"properties":{"year":2025,"ped":0,"fatal":0}},{"type":"Feature","geometry":{"type":"Point","coordinates":[-80.2608726719999,25.706761198]},"properties":{"year":2025,"ped":0,"fatal":0}},{"type":"Feature","geometry":{"type":"Point","coordinates":[-80.29375569,25.711357849]},"properties":{"year":2025,"ped":0,"fatal":0}},{"type":"Feature","geometry":{"type":"Point","coordinates":[-80.20677926,25.7848351430001]},"properties":{"year":2025,"ped":0,"fatal":0}},{"type":"Feature","geometry":{"type":"Point","coordinates":[-80.194530088,25.795658589]},"properties":{"year":2025,"ped":0,"fatal":0}},{"type":"Feature","geometry":{"type":"Point","coordinates":[-80.2236135919999,25.7720847050001]},"properties":{"year":2025,"ped":0,"fatal":0}},{"type":"Feature","geometry":{"type":"Point","coordinates":[-80.192346809,25.7884191310001]},"properties":{"year":2025,"ped":0,"fatal":0}},{"type":"Feature","geometry":{"type":"Point","coordinates":[-80.221230126,25.8244682210001]},"properties":{"year":2025,"ped":0,"fatal":0}},{"type":"Feature","geometry":{"type":"Point","coordinates":[-80.18742826,25.779989453]},"properties":{"year":2025,"ped":0,"fatal":0}},{"type":"Feature","geometry":{"type":"Point","coordinates":[-80.21474984,25.7764827670001]},"properties":{"year":2025,"ped":0,"fatal":0}},{"type":"Feature","geometry":{"type":"Point","coordinates":[-80.286831923,25.7390468040001]},"properties":{"year":2025,"ped":0,"fatal":0}},{"type":"Feature","geometry":{"type":"Point","coordinates":[-80.317955906,25.703046971]},"properties":{"year":2025,"ped":0,"fatal":0}},{"type":"Feature","geometry":{"type":"Point","coordinates":[-80.20022388,25.7676917000001]},"properties":{"year":2025,"ped":0,"fatal":0}},{"type":"Feature","geometry":{"type":"Point","coordinates":[-80.240349663,25.8143943800001]},"properties":{"year":2025,"ped":0,"fatal":0}},{"type":"Feature","geometry":{"type":"Point","coordinates":[-80.239469801,25.7862272560001]},"properties":{"year":2025,"ped":0,"fatal":0}},{"type":"Feature","geometry":{"type":"Point","coordinates":[-80.223445634,25.7720801730001]},"properties":{"year":2025,"ped":0,"fatal":0}},{"type":"Feature","geometry":{"type":"Point","coordinates":[-80.212278295,25.773631493]},"properties":{"year":2025,"ped":0,"fatal":0}},{"type":"Feature","geometry":{"type":"Point","coordinates":[-80.189253122,25.7869992060001]},"properties":{"year":2025,"ped":0,"fatal":0}},{"type":"Feature","geometry":{"type":"Point","coordinates":[-80.1894513249999,25.8105082650001]},"properties":{"year":2025,"ped":0,"fatal":0}},{"type":"Feature","geometry":{"type":"Point","coordinates":[-80.2612162569999,25.7331237080001]},"properties":{"year":2025,"ped":0,"fatal":0}},{"type":"Feature","geometry":{"type":"Point","coordinates":[-80.317014233,25.809431472]},"properties":{"year":2025,"ped":0,"fatal":0}},{"type":"Feature","geometry":{"type":"Point","coordinates":[-80.2880710919999,25.7708268920001]},"properties":{"year":2025,"ped":0,"fatal":0}},{"type":"Feature","geometry":{"type":"Point","coordinates":[-80.274018487,25.7836757090001]},"properties":{"year":2025,"ped":0,"fatal":1}},{"type":"Feature","geometry":{"type":"Point","coordinates":[-80.2404722589999,25.8128101820001]},"properties":{"year":2025,"ped":0,"fatal":1}},{"type":"Feature","geometry":{"type":"Point","coordinates":[-80.317235433,25.732101954]},"properties":{"year":2025,"ped":0,"fatal":0}},{"type":"Feature","geometry":{"type":"Point","coordinates":[-80.2642931999999,25.808350164]},"properties":{"year":2025,"ped":0,"fatal":1}},{"type":"Feature","geometry":{"type":"Point","coordinates":[-80.231330236,25.8205010830001]},"properties":{"year":2025,"ped":0,"fatal":0}},{"type":"Feature","geometry":{"type":"Point","coordinates":[-80.2234098069999,25.7948046920001]},"properties":{"year":2025,"ped":0,"fatal":0}},{"type":"Feature","geometry":{"type":"Point","coordinates":[-80.2720158349999,25.8228955060001]},"properties":{"year":2025,"ped":0,"fatal":1}},{"type":"Feature","geometry":{"type":"Point","coordinates":[-80.2031497259999,25.758930696]},"properties":{"year":2025,"ped":0,"fatal":0}},{"type":"Feature","geometry":{"type":"Point","coordinates":[-80.2675792479999,25.808359298]},"properties":{"year":2025,"ped":0,"fatal":0}},{"type":"Feature","geometry":{"type":"Point","coordinates":[-80.215069716,25.79492248]},"properties":{"year":2025,"ped":0,"fatal":1}},{"type":"Feature","geometry":{"type":"Point","coordinates":[-80.2665101819999,25.7424617340001]},"properties":{"year":2025,"ped":0,"fatal":0}},{"type":"Feature","geometry":{"type":"Point","coordinates":[-80.2613532839999,25.7268109720001]},"properties":{"year":2025,"ped":0,"fatal":0}},{"type":"Feature","geometry":{"type":"Point","coordinates":[-80.200153273,25.766777043]},"properties":{"year":2025,"ped":0,"fatal":0}},{"type":"Feature","geometry":{"type":"Point","coordinates":[-80.2695098679999,25.823095059]},"properties":{"year":2025,"ped":0,"fatal":0}},{"type":"Feature","geometry":{"type":"Point","coordinates":[-80.2396337609999,25.7794421180001]},"properties":{"year":2025,"ped":0,"fatal":0}},{"type":"Feature","geometry":{"type":"Point","coordinates":[-80.2712192449999,25.794870621]},"properties":{"year":2025,"ped":0,"fatal":0}},{"type":"Feature","geometry":{"type":"Point","coordinates":[-80.3206893289999,25.7666328440001]},"properties":{"year":2025,"ped":0,"fatal":0}},{"type":"Feature","geometry":{"type":"Point","coordinates":[-80.2249875259999,25.7798814130001]},"properties":{"year":2025,"ped":0,"fatal":0}},{"type":"Feature","geometry":{"type":"Point","coordinates":[-80.3028292879999,25.7326286850001]},"properties":{"year":2025,"ped":0,"fatal":0}},{"type":"Feature","geometry":{"type":"Point","coordinates":[-80.327464467,25.781044256]},"properties":{"year":2025,"ped":0,"fatal":0}},{"type":"Feature","geometry":{"type":"Point","coordinates":[-80.206988606,25.824967739]},"properties":{"year":2025,"ped":0,"fatal":0}},{"type":"Feature","geometry":{"type":"Point","coordinates":[-80.1996903199999,25.8182152100001]},"properties":{"year":2025,"ped":0,"fatal":0}},{"type":"Feature","geometry":{"type":"Point","coordinates":[-80.285287985,25.817438243]},"properties":{"year":2025,"ped":0,"fatal":0}},{"type":"Feature","geometry":{"type":"Point","coordinates":[-80.234284776,25.77569327]},"properties":{"year":2025,"ped":0,"fatal":1}},{"type":"Feature","geometry":{"type":"Point","coordinates":[-80.3070827459999,25.733179981]},"properties":{"year":2025,"ped":0,"fatal":0}},{"type":"Feature","geometry":{"type":"Point","coordinates":[-80.204933265,25.7728616900001]},"properties":{"year":2025,"ped":0,"fatal":0}},{"type":"Feature","geometry":{"type":"Point","coordinates":[-80.198363364,25.7462020020001]},"properties":{"year":2025,"ped":0,"fatal":0}},{"type":"Feature","geometry":{"type":"Point","coordinates":[-80.283836276,25.748568381]},"properties":{"year":2025,"ped":0,"fatal":0}},{"type":"Feature","geometry":{"type":"Point","coordinates":[-80.193151115,25.7626406110001]},"properties":{"year":2025,"ped":0,"fatal":0}},{"type":"Feature","geometry":{"type":"Point","coordinates":[-80.321140273,25.8008707770001]},"properties":{"year":2025,"ped":0,"fatal":0}},{"type":"Feature","geometry":{"type":"Point","coordinates":[-80.207965268,25.7556400550001]},"properties":{"year":2025,"ped":0,"fatal":0}},{"type":"Feature","geometry":{"type":"Point","coordinates":[-80.268709196,25.814080705]},"properties":{"year":2025,"ped":0,"fatal":0}},{"type":"Feature","geometry":{"type":"Point","coordinates":[-80.1908375739999,25.773423936]},"properties":{"year":2025,"ped":0,"fatal":0}},{"type":"Feature","geometry":{"type":"Point","coordinates":[-80.321240296,25.8167696950001]},"properties":{"year":2025,"ped":0,"fatal":0}},{"type":"Feature","geometry":{"type":"Point","coordinates":[-80.215834206,25.813061614]},"properties":{"year":2025,"ped":0,"fatal":0}},{"type":"Feature","geometry":{"type":"Point","coordinates":[-80.289383581,25.7839951070001]},"properties":{"year":2025,"ped":0,"fatal":0}},{"type":"Feature","geometry":{"type":"Point","coordinates":[-80.2204359949999,25.8245737930001]},"properties":{"year":2025,"ped":0,"fatal":1}},{"type":"Feature","geometry":{"type":"Point","coordinates":[-80.206316521,25.8161957790001]},"properties":{"year":2025,"ped":0,"fatal":0}},{"type":"Feature","geometry":{"type":"Point","coordinates":[-80.272835153,25.8120714660001]},"properties":{"year":2025,"ped":0,"fatal":0}},{"type":"Feature","geometry":{"type":"Point","coordinates":[-80.238576989,25.8091420870001]},"properties":{"year":2025,"ped":0,"fatal":0}},{"type":"Feature","geometry":{"type":"Point","coordinates":[-80.3194359399999,25.779787947]},"properties":{"year":2025,"ped":0,"fatal":0}},{"type":"Feature","geometry":{"type":"Point","coordinates":[-80.22459975,25.825980902]},"properties":{"year":2025,"ped":0,"fatal":0}},{"type":"Feature","geometry":{"type":"Point","coordinates":[-80.206513609,25.8183351390001]},"properties":{"year":2025,"ped":0,"fatal":0}},{"type":"Feature","geometry":{"type":"Point","coordinates":[-80.275243473,25.755141042]},"properties":{"year":2025,"ped":0,"fatal":0}},{"type":"Feature","geometry":{"type":"Point","coordinates":[-80.206972215,25.790497923]},"properties":{"year":2025,"ped":0,"fatal":0}},{"type":"Feature","geometry":{"type":"Point","coordinates":[-80.206830543,25.74839795]},"properties":{"year":2025,"ped":0,"fatal":0}},{"type":"Feature","geometry":{"type":"Point","coordinates":[-80.2546895849999,25.7519907110001]},"properties":{"year":2025,"ped":0,"fatal":0}},{"type":"Feature","geometry":{"type":"Point","coordinates":[-80.187650387,25.7949236150001]},"properties":{"year":2025,"ped":0,"fatal":0}},{"type":"Feature","geometry":{"type":"Point","coordinates":[-80.19312795,25.757783433]},"properties":{"year":2025,"ped":0,"fatal":1}},{"type":"Feature","geometry":{"type":"Point","coordinates":[-80.2030765709999,25.7787087840001]},"properties":{"year":2025,"ped":0,"fatal":0}},{"type":"Feature","geometry":{"type":"Point","coordinates":[-80.262780881,25.7534851780001]},"properties":{"year":2025,"ped":0,"fatal":0}},{"type":"Feature","geometry":{"type":"Point","coordinates":[-80.263405969,25.724969318]},"properties":{"year":2025,"ped":0,"fatal":0}},{"type":"Feature","geometry":{"type":"Point","coordinates":[-80.285562692,25.7092890390001]},"properties":{"year":2025,"ped":0,"fatal":0}},{"type":"Feature","geometry":{"type":"Point","coordinates":[-80.25292927,25.715616492]},"properties":{"year":2025,"ped":0,"fatal":1}},{"type":"Feature","geometry":{"type":"Point","coordinates":[-80.237976943,25.7420385030001]},"properties":{"year":2025,"ped":0,"fatal":1}},{"type":"Feature","geometry":{"type":"Point","coordinates":[-80.200411115,25.795369457]},"properties":{"year":2025,"ped":0,"fatal":0}},{"type":"Feature","geometry":{"type":"Point","coordinates":[-80.2433543129999,25.792222103]},"properties":{"year":2025,"ped":0,"fatal":0}},{"type":"Feature","geometry":{"type":"Point","coordinates":[-80.230773814,25.7725744530001]},"properties":{"year":2025,"ped":0,"fatal":0}},{"type":"Feature","geometry":{"type":"Point","coordinates":[-80.242732484,25.7280578620001]},"properties":{"year":2025,"ped":0,"fatal":0}},{"type":"Feature","geometry":{"type":"Point","coordinates":[-80.2337330839999,25.8111389100001]},"properties":{"year":2025,"ped":0,"fatal":0}},{"type":"Feature","geometry":{"type":"Point","coordinates":[-80.320574235,25.7575733520001]},"properties":{"year":2025,"ped":0,"fatal":0}},{"type":"Feature","geometry":{"type":"Point","coordinates":[-80.308795929,25.762895847]},"properties":{"year":2025,"ped":0,"fatal":0}},{"type":"Feature","geometry":{"type":"Point","coordinates":[-80.20640213,25.808611765]},"properties":{"year":2025,"ped":0,"fatal":0}},{"type":"Feature","geometry":{"type":"Point","coordinates":[-80.249404731,25.76489079]},"properties":{"year":2025,"ped":0,"fatal":0}},{"type":"Feature","geometry":{"type":"Point","coordinates":[-80.306367716,25.6905941140001]},"properties":{"year":2025,"ped":0,"fatal":0}},{"type":"Feature","geometry":{"type":"Point","coordinates":[-80.197435272,25.7663255460001]},"properties":{"year":2025,"ped":0,"fatal":0}},{"type":"Feature","geometry":{"type":"Point","coordinates":[-80.226173343,25.771626838]},"properties":{"year":2025,"ped":0,"fatal":0}},{"type":"Feature","geometry":{"type":"Point","coordinates":[-80.248919418,25.800245198]},"properties":{"year":2025,"ped":0,"fatal":0}},{"type":"Feature","geometry":{"type":"Point","coordinates":[-80.239643104,25.784319796]},"properties":{"year":2025,"ped":0,"fatal":0}},{"type":"Feature","geometry":{"type":"Point","coordinates":[-80.272463656,25.7217266070001]},"properties":{"year":2025,"ped":0,"fatal":0}},{"type":"Feature","geometry":{"type":"Point","coordinates":[-80.2406503779999,25.8164259010001]},"properties":{"year":2025,"ped":0,"fatal":1}},{"type":"Feature","geometry":{"type":"Point","coordinates":[-80.207840355,25.755712601]},"properties":{"year":2025,"ped":0,"fatal":0}},{"type":"Feature","geometry":{"type":"Point","coordinates":[-80.30614918,25.7938728450001]},"properties":{"year":2025,"ped":0,"fatal":1}},{"type":"Feature","geometry":{"type":"Point","coordinates":[-80.225028535,25.824518966]},"properties":{"year":2025,"ped":0,"fatal":1}},{"type":"Feature","geometry":{"type":"Point","coordinates":[-80.310859872,25.733251733]},"properties":{"year":2025,"ped":0,"fatal":0}},{"type":"Feature","geometry":{"type":"Point","coordinates":[-80.321090146,25.8070339010001]},"properties":{"year":2025,"ped":0,"fatal":0}},{"type":"Feature","geometry":{"type":"Point","coordinates":[-80.213734409,25.7658914780001]},"properties":{"year":2025,"ped":0,"fatal":0}},{"type":"Feature","geometry":{"type":"Point","coordinates":[-80.240448239,25.816461679]},"properties":{"year":2025,"ped":0,"fatal":1}},{"type":"Feature","geometry":{"type":"Point","coordinates":[-80.200489954,25.7816137190001]},"properties":{"year":2025,"ped":0,"fatal":0}},{"type":"Feature","geometry":{"type":"Point","coordinates":[-80.255680441,25.7271302830001]},"properties":{"year":2025,"ped":0,"fatal":0}},{"type":"Feature","geometry":{"type":"Point","coordinates":[-80.2283410649999,25.7553948930001]},"properties":{"year":2025,"ped":0,"fatal":1}},{"type":"Feature","geometry":{"type":"Point","coordinates":[-80.204102101,25.825071295]},"properties":{"year":2025,"ped":0,"fatal":1}},{"type":"Feature","geometry":{"type":"Point","coordinates":[-80.2643453909999,25.7861817130001]},"properties":{"year":2025,"ped":0,"fatal":0}},{"type":"Feature","geometry":{"type":"Point","coordinates":[-80.207478479,25.809012248]},"properties":{"year":2025,"ped":0,"fatal":0}},{"type":"Feature","geometry":{"type":"Point","coordinates":[-80.1893477899999,25.811684229]},"properties":{"year":2025,"ped":0,"fatal":1}},{"type":"Feature","geometry":{"type":"Point","coordinates":[-80.232826124,25.8241417740001]},"properties":{"year":2025,"ped":0,"fatal":0}},{"type":"Feature","geometry":{"type":"Point","coordinates":[-80.2655662,25.808425904]},"properties":{"year":2025,"ped":0,"fatal":0}},{"type":"Feature","geometry":{"type":"Point","coordinates":[-80.200804772,25.8037667420001]},"properties":{"year":2025,"ped":0,"fatal":0}},{"type":"Feature","geometry":{"type":"Point","coordinates":[-80.258665359,25.7498225790001]},"properties":{"year":2025,"ped":0,"fatal":0}},{"type":"Feature","geometry":{"type":"Point","coordinates":[-80.307299079,25.7331948610001]},"properties":{"year":2025,"ped":0,"fatal":0}},{"type":"Feature","geometry":{"type":"Point","coordinates":[-80.3138324889999,25.6836202850001]},"properties":{"year":2025,"ped":0,"fatal":1}},{"type":"Feature","geometry":{"type":"Point","coordinates":[-80.2916569129999,25.7634120710001]},"properties":{"year":2025,"ped":0,"fatal":0}},{"type":"Feature","geometry":{"type":"Point","coordinates":[-80.196214173,25.8252036920001]},"properties":{"year":2025,"ped":0,"fatal":0}},{"type":"Feature","geometry":{"type":"Point","coordinates":[-80.20669302,25.8217685540001]},"properties":{"year":2025,"ped":0,"fatal":0}},{"type":"Feature","geometry":{"type":"Point","coordinates":[-80.223758645,25.807846037]},"properties":{"year":2019,"ped":0,"fatal":0}},{"type":"Feature","geometry":{"type":"Point","coordinates":[-80.233161594,25.794482208]},"properties":{"year":2025,"ped":0,"fatal":0}},{"type":"Feature","geometry":{"type":"Point","coordinates":[-80.232586301,25.8225591140001]},"properties":{"year":2025,"ped":0,"fatal":1}},{"type":"Feature","geometry":{"type":"Point","coordinates":[-80.319693022,25.74104148]},"properties":{"year":2025,"ped":0,"fatal":0}},{"type":"Feature","geometry":{"type":"Point","coordinates":[-80.196581629,25.811433632]},"properties":{"year":2025,"ped":0,"fatal":0}},{"type":"Feature","geometry":{"type":"Point","coordinates":[-80.332207465,25.7697298900001]},"properties":{"year":2025,"ped":0,"fatal":0}},{"type":"Feature","geometry":{"type":"Point","coordinates":[-80.2749923069999,25.748837113]},"properties":{"year":2025,"ped":0,"fatal":0}},{"type":"Feature","geometry":{"type":"Point","coordinates":[-80.206983239,25.7875607450001]},"properties":{"year":2025,"ped":0,"fatal":0}},{"type":"Feature","geometry":{"type":"Point","coordinates":[-80.3281151149999,25.77672632]},"properties":{"year":2025,"ped":0,"fatal":0}},{"type":"Feature","geometry":{"type":"Point","coordinates":[-80.238357698,25.754070789]},"properties":{"year":2025,"ped":0,"fatal":0}},{"type":"Feature","geometry":{"type":"Point","coordinates":[-80.217990351,25.7724448880001]},"properties":{"year":2025,"ped":0,"fatal":0}},{"type":"Feature","geometry":{"type":"Point","coordinates":[-80.219667021,25.809627026]},"properties":{"year":2025,"ped":0,"fatal":0}},{"type":"Feature","geometry":{"type":"Point","coordinates":[-80.199765083,25.78249226]},"properties":{"year":2025,"ped":0,"fatal":0}},{"type":"Feature","geometry":{"type":"Point","coordinates":[-80.2648103069999,25.7493496020001]},"properties":{"year":2025,"ped":0,"fatal":0}},{"type":"Feature","geometry":{"type":"Point","coordinates":[-80.271822871,25.7786727820001]},"properties":{"year":2025,"ped":0,"fatal":1}},{"type":"Feature","geometry":{"type":"Point","coordinates":[-80.224547028,25.823796708]},"properties":{"year":2025,"ped":0,"fatal":0}},{"type":"Feature","geometry":{"type":"Point","coordinates":[-80.231052368,25.7423502930001]},"properties":{"year":2025,"ped":0,"fatal":0}},{"type":"Feature","geometry":{"type":"Point","coordinates":[-80.316564694,25.7634328030001]},"properties":{"year":2025,"ped":0,"fatal":0}},{"type":"Feature","geometry":{"type":"Point","coordinates":[-80.255565492,25.773816002]},"properties":{"year":2025,"ped":0,"fatal":1}},{"type":"Feature","geometry":{"type":"Point","coordinates":[-80.195989051,25.766295847]},"properties":{"year":2025,"ped":0,"fatal":0}},{"type":"Feature","geometry":{"type":"Point","coordinates":[-80.2019312909999,25.7891617550001]},"properties":{"year":2025,"ped":0,"fatal":0}},{"type":"Feature","geometry":{"type":"Point","coordinates":[-80.197705818,25.793971748]},"properties":{"year":2025,"ped":0,"fatal":0}},{"type":"Feature","geometry":{"type":"Point","coordinates":[-80.191322839,25.811928042]},"properties":{"year":2025,"ped":0,"fatal":0}},{"type":"Feature","geometry":{"type":"Point","coordinates":[-80.2484518749999,25.808692755]},"properties":{"year":2025,"ped":0,"fatal":0}},{"type":"Feature","geometry":{"type":"Point","coordinates":[-80.2155287309999,25.785236517]},"properties":{"year":2025,"ped":0,"fatal":0}},{"type":"Feature","geometry":{"type":"Point","coordinates":[-80.320131213,25.7660855460001]},"properties":{"year":2025,"ped":0,"fatal":0}},{"type":"Feature","geometry":{"type":"Point","coordinates":[-80.233732345,25.798159148]},"properties":{"year":2025,"ped":0,"fatal":0}},{"type":"Feature","geometry":{"type":"Point","coordinates":[-80.202849226,25.754503132]},"properties":{"year":2025,"ped":0,"fatal":0}},{"type":"Feature","geometry":{"type":"Point","coordinates":[-80.248720604,25.816788414]},"properties":{"year":2025,"ped":0,"fatal":0}},{"type":"Feature","geometry":{"type":"Point","coordinates":[-80.211373671,25.8034627750001]},"properties":{"year":2025,"ped":0,"fatal":0}},{"type":"Feature","geometry":{"type":"Point","coordinates":[-80.264478703,25.724098622]},"properties":{"year":2025,"ped":0,"fatal":0}},{"type":"Feature","geometry":{"type":"Point","coordinates":[-80.230509436,25.8075264930001]},"properties":{"year":2025,"ped":0,"fatal":0}},{"type":"Feature","geometry":{"type":"Point","coordinates":[-80.229105494,25.7663667250001]},"properties":{"year":2025,"ped":0,"fatal":1}},{"type":"Feature","geometry":{"type":"Point","coordinates":[-80.285766387,25.7145576190001]},"properties":{"year":2025,"ped":0,"fatal":0}},{"type":"Feature","geometry":{"type":"Point","coordinates":[-80.2055898949999,25.8057029820001]},"properties":{"year":2025,"ped":0,"fatal":0}},{"type":"Feature","geometry":{"type":"Point","coordinates":[-80.207013428,25.791441713]},"properties":{"year":2025,"ped":0,"fatal":0}},{"type":"Feature","geometry":{"type":"Point","coordinates":[-80.2874889299999,25.7544075650001]},"properties":{"year":2025,"ped":0,"fatal":0}},{"type":"Feature","geometry":{"type":"Point","coordinates":[-80.234140993,25.75039716]},"properties":{"year":2025,"ped":0,"fatal":0}},{"type":"Feature","geometry":{"type":"Point","coordinates":[-80.328586951,25.7756036650001]},"properties":{"year":2025,"ped":0,"fatal":0}},{"type":"Feature","geometry":{"type":"Point","coordinates":[-80.173391043,25.8107642260001]},"properties":{"year":2025,"ped":0,"fatal":0}},{"type":"Feature","geometry":{"type":"Point","coordinates":[-80.3360420349999,25.7620503380001]},"properties":{"year":2025,"ped":0,"fatal":0}},{"type":"Feature","geometry":{"type":"Point","coordinates":[-80.2194888499999,25.8022214280001]},"properties":{"year":2025,"ped":0,"fatal":0}},{"type":"Feature","geometry":{"type":"Point","coordinates":[-80.258950224,25.755210592]},"properties":{"year":2025,"ped":0,"fatal":0}},{"type":"Feature","geometry":{"type":"Point","coordinates":[-80.320189984,25.7819374220001]},"properties":{"year":2025,"ped":0,"fatal":0}},{"type":"Feature","geometry":{"type":"Point","coordinates":[-80.224049463,25.813278725]},"properties":{"year":2025,"ped":0,"fatal":0}},{"type":"Feature","geometry":{"type":"Point","coordinates":[-80.2059288409999,25.8139650030001]},"properties":{"year":2025,"ped":0,"fatal":0}},{"type":"Feature","geometry":{"type":"Point","coordinates":[-80.2465367889999,25.8143823130001]},"properties":{"year":2025,"ped":0,"fatal":0}},{"type":"Feature","geometry":{"type":"Point","coordinates":[-80.196746418,25.7954641220001]},"properties":{"year":2025,"ped":0,"fatal":1}},{"type":"Feature","geometry":{"type":"Point","coordinates":[-80.2381741679999,25.747544716]},"properties":{"year":2025,"ped":0,"fatal":0}},{"type":"Feature","geometry":{"type":"Point","coordinates":[-80.313317296,25.809445307]},"properties":{"year":2025,"ped":0,"fatal":1}},{"type":"Feature","geometry":{"type":"Point","coordinates":[-80.273873333,25.717036552]},"properties":{"year":2025,"ped":0,"fatal":0}},{"type":"Feature","geometry":{"type":"Point","coordinates":[-80.2612522219999,25.7164149870001]},"properties":{"year":2025,"ped":0,"fatal":0}},{"type":"Feature","geometry":{"type":"Point","coordinates":[-80.275040992,25.715871801]},"properties":{"year":2025,"ped":0,"fatal":0}},{"type":"Feature","geometry":{"type":"Point","coordinates":[-80.2074952099999,25.766986854]},"properties":{"year":2025,"ped":0,"fatal":0}},{"type":"Feature","geometry":{"type":"Point","coordinates":[-80.204940555,25.7901939020001]},"properties":{"year":2025,"ped":0,"fatal":1}},{"type":"Feature","geometry":{"type":"Point","coordinates":[-80.191220573,25.8106015450001]},"properties":{"year":2025,"ped":0,"fatal":0}},{"type":"Feature","geometry":{"type":"Point","coordinates":[-80.221415195,25.7656767510001]},"properties":{"year":2025,"ped":0,"fatal":1}},{"type":"Feature","geometry":{"type":"Point","coordinates":[-80.232140411,25.809242435]},"properties":{"year":2025,"ped":0,"fatal":1}},{"type":"Feature","geometry":{"type":"Point","coordinates":[-80.204569018,25.789526471]},"properties":{"year":2025,"ped":0,"fatal":0}},{"type":"Feature","geometry":{"type":"Point","coordinates":[-80.239387235,25.7793622130001]},"properties":{"year":2025,"ped":0,"fatal":1}},{"type":"Feature","geometry":{"type":"Point","coordinates":[-80.215419703,25.8033974210001]},"properties":{"year":2025,"ped":0,"fatal":0}},{"type":"Feature","geometry":{"type":"Point","coordinates":[-80.1896401559999,25.7961556700001]},"properties":{"year":2025,"ped":0,"fatal":0}},{"type":"Feature","geometry":{"type":"Point","coordinates":[-80.2829127219999,25.7074523050001]},"properties":{"year":2025,"ped":0,"fatal":0}},{"type":"Feature","geometry":{"type":"Point","coordinates":[-80.335204145,25.723999712]},"properties":{"year":2025,"ped":0,"fatal":0}},{"type":"Feature","geometry":{"type":"Point","coordinates":[-80.3324137339999,25.8099473930001]},"properties":{"year":2025,"ped":0,"fatal":0}},{"type":"Feature","geometry":{"type":"Point","coordinates":[-80.200772647,25.7671216960001]},"properties":{"year":2025,"ped":0,"fatal":0}},{"type":"Feature","geometry":{"type":"Point","coordinates":[-80.2061603939999,25.824949627]},"properties":{"year":2025,"ped":0,"fatal":1}},{"type":"Feature","geometry":{"type":"Point","coordinates":[-80.235837486,25.7795513040001]},"properties":{"year":2025,"ped":0,"fatal":1}},{"type":"Feature","geometry":{"type":"Point","coordinates":[-80.239055294,25.772432511]},"properties":{"year":2025,"ped":0,"fatal":0}},{"type":"Feature","geometry":{"type":"Point","coordinates":[-80.2982255869999,25.7706531440001]},"properties":{"year":2025,"ped":0,"fatal":0}},{"type":"Feature","geometry":{"type":"Point","coordinates":[-80.303809219,25.692709345]},"properties":{"year":2025,"ped":0,"fatal":0}},{"type":"Feature","geometry":{"type":"Point","coordinates":[-80.3004154939999,25.7184443460001]},"properties":{"year":2025,"ped":0,"fatal":0}},{"type":"Feature","geometry":{"type":"Point","coordinates":[-80.305201081,25.7704495020001]},"properties":{"year":2025,"ped":0,"fatal":1}},{"type":"Feature","geometry":{"type":"Point","coordinates":[-80.206223908,25.81369084]},"properties":{"year":2025,"ped":0,"fatal":0}},{"type":"Feature","geometry":{"type":"Point","coordinates":[-80.1877290799999,25.746336087]},"properties":{"year":2025,"ped":0,"fatal":1}},{"type":"Feature","geometry":{"type":"Point","coordinates":[-80.3070373469999,25.6900753400001]},"properties":{"year":2025,"ped":0,"fatal":1}},{"type":"Feature","geometry":{"type":"Point","coordinates":[-80.278077512,25.8236467360001]},"properties":{"year":2025,"ped":0,"fatal":0}},{"type":"Feature","geometry":{"type":"Point","coordinates":[-80.279513105,25.712473921]},"properties":{"year":2025,"ped":0,"fatal":0}},{"type":"Feature","geometry":{"type":"Point","coordinates":[-80.273949669,25.7170344360001]},"properties":{"year":2025,"ped":0,"fatal":1}},{"type":"Feature","geometry":{"type":"Point","coordinates":[-80.2375490429999,25.736820504]},"properties":{"year":2025,"ped":0,"fatal":0}},{"type":"Feature","geometry":{"type":"Point","coordinates":[-80.263350181,25.724959138]},"properties":{"year":2025,"ped":0,"fatal":0}},{"type":"Feature","geometry":{"type":"Point","coordinates":[-80.278105431,25.7133739880001]},"properties":{"year":2025,"ped":0,"fatal":0}},{"type":"Feature","geometry":{"type":"Point","coordinates":[-80.282310103,25.7638185910001]},"properties":{"year":2025,"ped":0,"fatal":1}},{"type":"Feature","geometry":{"type":"Point","coordinates":[-80.264437943,25.795386003]},"properties":{"year":2025,"ped":0,"fatal":1}},{"type":"Feature","geometry":{"type":"Point","coordinates":[-80.2433012229999,25.75014953]},"properties":{"year":2025,"ped":0,"fatal":1}},{"type":"Feature","geometry":{"type":"Point","coordinates":[-80.208089176,25.8249219260001]},"properties":{"year":2025,"ped":0,"fatal":1}},{"type":"Feature","geometry":{"type":"Point","coordinates":[-80.283256996,25.7111062770001]},"properties":{"year":2025,"ped":0,"fatal":0}},{"type":"Feature","geometry":{"type":"Point","coordinates":[-80.3126678409999,25.684926134]},"properties":{"year":2025,"ped":0,"fatal":1}},{"type":"Feature","geometry":{"type":"Point","coordinates":[-80.207904145,25.819975942]},"properties":{"year":2025,"ped":0,"fatal":0}},{"type":"Feature","geometry":{"type":"Point","coordinates":[-80.198242665,25.7613803680001]},"properties":{"year":2025,"ped":0,"fatal":1}},{"type":"Feature","geometry":{"type":"Point","coordinates":[-80.2398201519999,25.797011067]},"properties":{"year":2025,"ped":0,"fatal":0}},{"type":"Feature","geometry":{"type":"Point","coordinates":[-80.2555675419999,25.7763295710001]},"properties":{"year":2025,"ped":0,"fatal":1}},{"type":"Feature","geometry":{"type":"Point","coordinates":[-80.2008369869999,25.8115364710001]},"properties":{"year":2025,"ped":0,"fatal":0}},{"type":"Feature","geometry":{"type":"Point","coordinates":[-80.209679839,25.8248967060001]},"properties":{"year":2025,"ped":0,"fatal":0}},{"type":"Feature","geometry":{"type":"Point","coordinates":[-80.24608119,25.8089345660001]},"properties":{"year":2025,"ped":0,"fatal":1}},{"type":"Feature","geometry":{"type":"Point","coordinates":[-80.252052723,25.780701976]},"properties":{"year":2025,"ped":0,"fatal":0}},{"type":"Feature","geometry":{"type":"Point","coordinates":[-80.275445936,25.808138711]},"properties":{"year":2025,"ped":0,"fatal":0}},{"type":"Feature","geometry":{"type":"Point","coordinates":[-80.2572586969999,25.823466162]},"properties":{"year":2025,"ped":0,"fatal":0}},{"type":"Feature","geometry":{"type":"Point","coordinates":[-80.2586394639999,25.7486644140001]},"properties":{"year":2025,"ped":0,"fatal":0}},{"type":"Feature","geometry":{"type":"Point","coordinates":[-80.2302435719999,25.754168887]},"properties":{"year":2025,"ped":0,"fatal":0}},{"type":"Feature","geometry":{"type":"Point","coordinates":[-80.265119988,25.8231335340001]},"properties":{"year":2025,"ped":0,"fatal":1}},{"type":"Feature","geometry":{"type":"Point","coordinates":[-80.287188642,25.748482886]},"properties":{"year":2025,"ped":0,"fatal":0}},{"type":"Feature","geometry":{"type":"Point","coordinates":[-80.236138291,25.750258381]},"properties":{"year":2025,"ped":0,"fatal":1}},{"type":"Feature","geometry":{"type":"Point","coordinates":[-80.319372285,25.6754205400001]},"properties":{"year":2021,"ped":1,"fatal":1}},{"type":"Feature","geometry":{"type":"Point","coordinates":[-80.1821944439999,25.789810292]},"properties":{"year":2021,"ped":1,"fatal":1}},{"type":"Feature","geometry":{"type":"Point","coordinates":[-80.186620922,25.7868830090001]},"properties":{"year":2021,"ped":0,"fatal":1}},{"type":"Feature","geometry":{"type":"Point","coordinates":[-80.289412391,25.807484806]},"properties":{"year":2021,"ped":0,"fatal":0}},{"type":"Feature","geometry":{"type":"Point","coordinates":[-80.313345521,25.802584672]},"properties":{"year":2021,"ped":1,"fatal":0}},{"type":"Feature","geometry":{"type":"Point","coordinates":[-80.215713812,25.809768004]},"properties":{"year":2021,"ped":0,"fatal":0}},{"type":"Feature","geometry":{"type":"Point","coordinates":[-80.240858604,25.8274542]},"properties":{"year":2022,"ped":0,"fatal":0}},{"type":"Feature","geometry":{"type":"Point","coordinates":[-80.188707778,25.8198229120001]},"properties":{"year":2022,"ped":0,"fatal":0}},{"type":"Feature","geometry":{"type":"Point","coordinates":[-80.201605555,25.8147096480001]},"properties":{"year":2022,"ped":0,"fatal":1}},{"type":"Feature","geometry":{"type":"Point","coordinates":[-80.205358057,25.79711561]},"properties":{"year":2023,"ped":0,"fatal":0}},{"type":"Feature","geometry":{"type":"Point","coordinates":[-80.214498673,25.768614574]},"properties":{"year":2023,"ped":0,"fatal":0}},{"type":"Feature","geometry":{"type":"Point","coordinates":[-80.1909929449999,25.804077579]},"properties":{"year":2024,"ped":0,"fatal":0}},{"type":"Feature","geometry":{"type":"Point","coordinates":[-80.239904305,25.7943348760001]},"properties":{"year":2024,"ped":0,"fatal":1}},{"type":"Feature","geometry":{"type":"Point","coordinates":[-80.255760503,25.7833404310001]},"properties":{"year":2024,"ped":0,"fatal":0}},{"type":"Feature","geometry":{"type":"Point","coordinates":[-80.2207080969999,25.81199252]},"properties":{"year":2024,"ped":0,"fatal":0}},{"type":"Feature","geometry":{"type":"Point","coordinates":[-80.248635467,25.816269171]},"properties":{"year":2024,"ped":0,"fatal":0}},{"type":"Feature","geometry":{"type":"Point","coordinates":[-80.271069868,25.7193370680001]},"properties":{"year":2019,"ped":0,"fatal":0}},{"type":"Feature","geometry":{"type":"Point","coordinates":[-80.2069946249999,25.795184497]},"properties":{"year":2019,"ped":0,"fatal":0}},{"type":"Feature","geometry":{"type":"Point","coordinates":[-80.264376359,25.810596704]},"properties":{"year":2020,"ped":0,"fatal":0}},{"type":"Feature","geometry":{"type":"Point","coordinates":[-80.2666180529999,25.764297293]},"properties":{"year":2020,"ped":1,"fatal":1}},{"type":"Feature","geometry":{"type":"Point","coordinates":[-80.2235672039999,25.8044272450001]},"properties":{"year":2020,"ped":1,"fatal":1}},{"type":"Feature","geometry":{"type":"Point","coordinates":[-80.264741697,25.8126527040001]},"properties":{"year":2020,"ped":0,"fatal":0}},{"type":"Feature","geometry":{"type":"Point","coordinates":[-80.2154244119999,25.802347205]},"properties":{"year":2021,"ped":1,"fatal":0}},{"type":"Feature","geometry":{"type":"Point","coordinates":[-80.2071543009999,25.766903574]},"properties":{"year":2023,"ped":0,"fatal":0}},{"type":"Feature","geometry":{"type":"Point","coordinates":[-80.3357814829999,25.740385717]},"properties":{"year":2023,"ped":0,"fatal":0}},{"type":"Feature","geometry":{"type":"Point","coordinates":[-80.238739365,25.765123993]},"properties":{"year":2024,"ped":0,"fatal":0}},{"type":"Feature","geometry":{"type":"Point","coordinates":[-80.286203338,25.727294279]},"properties":{"year":2024,"ped":0,"fatal":0}},{"type":"Feature","geometry":{"type":"Point","coordinates":[-80.3293966859999,25.7550934010001]},"properties":{"year":2024,"ped":1,"fatal":1}},{"type":"Feature","geometry":{"type":"Point","coordinates":[-80.186870681,25.787122529]},"properties":{"year":2019,"ped":0,"fatal":0}},{"type":"Feature","geometry":{"type":"Point","coordinates":[-80.3176597729999,25.782680622]},"properties":{"year":2019,"ped":0,"fatal":0}},{"type":"Feature","geometry":{"type":"Point","coordinates":[-80.24018681,25.810020481]},"properties":{"year":2020,"ped":0,"fatal":1}},{"type":"Feature","geometry":{"type":"Point","coordinates":[-80.200108116,25.8251566000001]},"properties":{"year":2021,"ped":1,"fatal":0}},{"type":"Feature","geometry":{"type":"Point","coordinates":[-80.325687645,25.8235248290001]},"properties":{"year":2021,"ped":0,"fatal":0}},{"type":"Feature","geometry":{"type":"Point","coordinates":[-80.2811735929999,25.807821405]},"properties":{"year":2021,"ped":0,"fatal":0}},{"type":"Feature","geometry":{"type":"Point","coordinates":[-80.320505082,25.769392516]},"properties":{"year":2021,"ped":0,"fatal":0}},{"type":"Feature","geometry":{"type":"Point","coordinates":[-80.19630972,25.822490498]},"properties":{"year":2021,"ped":0,"fatal":0}},{"type":"Feature","geometry":{"type":"Point","coordinates":[-80.198850277,25.7817015160001]},"properties":{"year":2022,"ped":0,"fatal":0}},{"type":"Feature","geometry":{"type":"Point","coordinates":[-80.284662882,25.781955843]},"properties":{"year":2023,"ped":1,"fatal":0}},{"type":"Feature","geometry":{"type":"Point","coordinates":[-80.19901351,25.8013929200001]},"properties":{"year":2023,"ped":0,"fatal":0}},{"type":"Feature","geometry":{"type":"Point","coordinates":[-80.1992672659999,25.8056922370001]},"properties":{"year":2023,"ped":0,"fatal":0}},{"type":"Feature","geometry":{"type":"Point","coordinates":[-80.300899425,25.694849527]},"properties":{"year":2023,"ped":0,"fatal":0}},{"type":"Feature","geometry":{"type":"Point","coordinates":[-80.1900038799999,25.7717759120001]},"properties":{"year":2023,"ped":0,"fatal":0}},{"type":"Feature","geometry":{"type":"Point","coordinates":[-80.276738832,25.7153513110001]},"properties":{"year":2023,"ped":1,"fatal":0}},{"type":"Feature","geometry":{"type":"Point","coordinates":[-80.235827334,25.8009846790001]},"properties":{"year":2024,"ped":1,"fatal":0}},{"type":"Feature","geometry":{"type":"Point","coordinates":[-80.2420800689999,25.7830668290001]},"properties":{"year":2024,"ped":0,"fatal":0}},{"type":"Feature","geometry":{"type":"Point","coordinates":[-80.2589099689999,25.75657297]},"properties":{"year":2024,"ped":0,"fatal":0}},{"type":"Feature","geometry":{"type":"Point","coordinates":[-80.174129055,25.7833302]},"properties":{"year":2019,"ped":0,"fatal":1}},{"type":"Feature","geometry":{"type":"Point","coordinates":[-80.239402296,25.7794066720001]},"properties":{"year":2019,"ped":1,"fatal":1}},{"type":"Feature","geometry":{"type":"Point","coordinates":[-80.1935569199999,25.7734403220001]},"properties":{"year":2019,"ped":0,"fatal":1}},{"type":"Feature","geometry":{"type":"Point","coordinates":[-80.214655453,25.773286973]},"properties":{"year":2019,"ped":0,"fatal":0}},{"type":"Feature","geometry":{"type":"Point","coordinates":[-80.222327531,25.74564072]},"properties":{"year":2019,"ped":0,"fatal":1}},{"type":"Feature","geometry":{"type":"Point","coordinates":[-80.219586756,25.8045862070001]},"properties":{"year":2019,"ped":0,"fatal":0}},{"type":"Feature","geometry":{"type":"Point","coordinates":[-80.217783179,25.8106083980001]},"properties":{"year":2020,"ped":0,"fatal":0}},{"type":"Feature","geometry":{"type":"Point","coordinates":[-80.321211381,25.8101217060001]},"properties":{"year":2020,"ped":0,"fatal":0}},{"type":"Feature","geometry":{"type":"Point","coordinates":[-80.212117893,25.8229730840001]},"properties":{"year":2020,"ped":0,"fatal":0}},{"type":"Feature","geometry":{"type":"Point","coordinates":[-80.321021349,25.794087796]},"properties":{"year":2020,"ped":0,"fatal":0}},{"type":"Feature","geometry":{"type":"Point","coordinates":[-80.2510093069999,25.771992352]},"properties":{"year":2020,"ped":0,"fatal":0}},{"type":"Feature","geometry":{"type":"Point","coordinates":[-80.272828095,25.8169761030001]},"properties":{"year":2021,"ped":1,"fatal":0}},{"type":"Feature","geometry":{"type":"Point","coordinates":[-80.231718208,25.809348304]},"properties":{"year":2021,"ped":1,"fatal":0}},{"type":"Feature","geometry":{"type":"Point","coordinates":[-80.282084093,25.8077895060001]},"properties":{"year":2021,"ped":0,"fatal":0}},{"type":"Feature","geometry":{"type":"Point","coordinates":[-80.24419055,25.8052328370001]},"properties":{"year":2022,"ped":0,"fatal":1}},{"type":"Feature","geometry":{"type":"Point","coordinates":[-80.264227142,25.786473932]},"properties":{"year":2022,"ped":0,"fatal":0}},{"type":"Feature","geometry":{"type":"Point","coordinates":[-80.335993671,25.7331566730001]},"properties":{"year":2023,"ped":0,"fatal":0}},{"type":"Feature","geometry":{"type":"Point","coordinates":[-80.224612839,25.827486316]},"properties":{"year":2023,"ped":0,"fatal":0}},{"type":"Feature","geometry":{"type":"Point","coordinates":[-80.320857556,25.7800526930001]},"properties":{"year":2023,"ped":0,"fatal":0}},{"type":"Feature","geometry":{"type":"Point","coordinates":[-80.246684508,25.812240853]},"properties":{"year":2024,"ped":0,"fatal":0}},{"type":"Feature","geometry":{"type":"Point","coordinates":[-80.250896072,25.77553269]},"properties":{"year":2024,"ped":0,"fatal":0}},{"type":"Feature","geometry":{"type":"Point","coordinates":[-80.32547532,25.6883573700001]},"properties":{"year":2024,"ped":0,"fatal":0}},{"type":"Feature","geometry":{"type":"Point","coordinates":[-80.312227903,25.7702817800001]},"properties":{"year":2024,"ped":0,"fatal":1}},{"type":"Feature","geometry":{"type":"Point","coordinates":[-80.195774622,25.8199489460001]},"properties":{"year":2025,"ped":0,"fatal":0}},{"type":"Feature","geometry":{"type":"Point","coordinates":[-80.197814683,25.7765187480001]},"properties":{"year":2025,"ped":0,"fatal":0}},{"type":"Feature","geometry":{"type":"Point","coordinates":[-80.3136424529999,25.826231519]},"properties":{"year":2025,"ped":0,"fatal":1}},{"type":"Feature","geometry":{"type":"Point","coordinates":[-80.270769048,25.8156142080001]},"properties":{"year":2025,"ped":0,"fatal":0}},{"type":"Feature","geometry":{"type":"Point","coordinates":[-80.310513672,25.782926913]},"properties":{"year":2025,"ped":0,"fatal":0}},{"type":"Feature","geometry":{"type":"Point","coordinates":[-80.206901328,25.795161201]},"properties":{"year":2025,"ped":0,"fatal":1}},{"type":"Feature","geometry":{"type":"Point","coordinates":[-80.20533956,25.7922012920001]},"properties":{"year":2025,"ped":0,"fatal":0}},{"type":"Feature","geometry":{"type":"Point","coordinates":[-80.21478675,25.7803457690001]},"properties":{"year":2025,"ped":0,"fatal":0}},{"type":"Feature","geometry":{"type":"Point","coordinates":[-80.191971714,25.8254358720001]},"properties":{"year":2025,"ped":0,"fatal":0}},{"type":"Feature","geometry":{"type":"Point","coordinates":[-80.232749967,25.82777028]},"properties":{"year":2025,"ped":0,"fatal":0}},{"type":"Feature","geometry":{"type":"Point","coordinates":[-80.20712037,25.795263742]},"properties":{"year":2025,"ped":0,"fatal":0}},{"type":"Feature","geometry":{"type":"Point","coordinates":[-80.2751795839999,25.7341238440001]},"properties":{"year":2025,"ped":0,"fatal":0}},{"type":"Feature","geometry":{"type":"Point","coordinates":[-80.260785606,25.7520825550001]},"properties":{"year":2025,"ped":0,"fatal":0}},{"type":"Feature","geometry":{"type":"Point","coordinates":[-80.314534846,25.789618922]},"properties":{"year":2025,"ped":0,"fatal":0}},{"type":"Feature","geometry":{"type":"Point","coordinates":[-80.333832853,25.69655814]},"properties":{"year":2025,"ped":0,"fatal":0}},{"type":"Feature","geometry":{"type":"Point","coordinates":[-80.249184758,25.8125306960001]},"properties":{"year":2025,"ped":0,"fatal":0}},{"type":"Feature","geometry":{"type":"Point","coordinates":[-80.321400965,25.7803084120001]},"properties":{"year":2025,"ped":0,"fatal":0}},{"type":"Feature","geometry":{"type":"Point","coordinates":[-80.2932584339999,25.701405552]},"properties":{"year":2025,"ped":0,"fatal":0}},{"type":"Feature","geometry":{"type":"Point","coordinates":[-80.190128758,25.78571271]},"properties":{"year":2025,"ped":0,"fatal":0}},{"type":"Feature","geometry":{"type":"Point","coordinates":[-80.290762328,25.784151803]},"properties":{"year":2025,"ped":0,"fatal":0}},{"type":"Feature","geometry":{"type":"Point","coordinates":[-80.30101172,25.6950011530001]},"properties":{"year":2025,"ped":0,"fatal":0}},{"type":"Feature","geometry":{"type":"Point","coordinates":[-80.2081238489999,25.825004505]},"properties":{"year":2025,"ped":0,"fatal":0}},{"type":"Feature","geometry":{"type":"Point","coordinates":[-80.261375497,25.826715049]},"properties":{"year":2025,"ped":0,"fatal":1}},{"type":"Feature","geometry":{"type":"Point","coordinates":[-80.221710781,25.7457300310001]},"properties":{"year":2025,"ped":0,"fatal":0}},{"type":"Feature","geometry":{"type":"Point","coordinates":[-80.248934462,25.8252081970001]},"properties":{"year":2025,"ped":0,"fatal":1}},{"type":"Feature","geometry":{"type":"Point","coordinates":[-80.269349905,25.8230894920001]},"properties":{"year":2025,"ped":0,"fatal":0}},{"type":"Feature","geometry":{"type":"Point","coordinates":[-80.2034731209999,25.7873153350001]},"properties":{"year":2025,"ped":0,"fatal":0}},{"type":"Feature","geometry":{"type":"Point","coordinates":[-80.3210725709999,25.780284098]},"properties":{"year":2025,"ped":0,"fatal":0}},{"type":"Feature","geometry":{"type":"Point","coordinates":[-80.258655647,25.7486453660001]},"properties":{"year":2025,"ped":0,"fatal":0}},{"type":"Feature","geometry":{"type":"Point","coordinates":[-80.284064207,25.7250621380001]},"properties":{"year":2025,"ped":0,"fatal":0}},{"type":"Feature","geometry":{"type":"Point","coordinates":[-80.313537335,25.822075376]},"properties":{"year":2025,"ped":0,"fatal":1}},{"type":"Feature","geometry":{"type":"Point","coordinates":[-80.321196298,25.8010817630001]},"properties":{"year":2025,"ped":0,"fatal":0}},{"type":"Feature","geometry":{"type":"Point","coordinates":[-80.2445514409999,25.8145169380001]},"properties":{"year":2025,"ped":0,"fatal":0}},{"type":"Feature","geometry":{"type":"Point","coordinates":[-80.2567027869999,25.816011217]},"properties":{"year":2025,"ped":0,"fatal":0}},{"type":"Feature","geometry":{"type":"Point","coordinates":[-80.306467775,25.6942166380001]},"properties":{"year":2025,"ped":0,"fatal":0}},{"type":"Feature","geometry":{"type":"Point","coordinates":[-80.236224749,25.750310825]},"properties":{"year":2025,"ped":0,"fatal":0}},{"type":"Feature","geometry":{"type":"Point","coordinates":[-80.206655688,25.81247833]},"properties":{"year":2025,"ped":0,"fatal":0}},{"type":"Feature","geometry":{"type":"Point","coordinates":[-80.323431913,25.7332430180001]},"properties":{"year":2025,"ped":0,"fatal":0}},{"type":"Feature","geometry":{"type":"Point","coordinates":[-80.22187551,25.809680348]},"properties":{"year":2025,"ped":0,"fatal":1}},{"type":"Feature","geometry":{"type":"Point","coordinates":[-80.2594059209999,25.734054418]},"properties":{"year":2025,"ped":0,"fatal":0}},{"type":"Feature","geometry":{"type":"Point","coordinates":[-80.254039909,25.732612578]},"properties":{"year":2025,"ped":0,"fatal":0}},{"type":"Feature","geometry":{"type":"Point","coordinates":[-80.2481812299999,25.8040943620001]},"properties":{"year":2025,"ped":0,"fatal":0}},{"type":"Feature","geometry":{"type":"Point","coordinates":[-80.200061195,25.7759227120001]},"properties":{"year":2025,"ped":0,"fatal":0}},{"type":"Feature","geometry":{"type":"Point","coordinates":[-80.2065776279999,25.7566263150001]},"properties":{"year":2025,"ped":0,"fatal":1}},{"type":"Feature","geometry":{"type":"Point","coordinates":[-80.202683384,25.771876438]},"properties":{"year":2025,"ped":0,"fatal":0}},{"type":"Feature","geometry":{"type":"Point","coordinates":[-80.2653069579999,25.825625415]},"properties":{"year":2025,"ped":0,"fatal":0}},{"type":"Feature","geometry":{"type":"Point","coordinates":[-80.295395476,25.748271952]},"properties":{"year":2025,"ped":0,"fatal":0}},{"type":"Feature","geometry":{"type":"Point","coordinates":[-80.3308699999999,25.7814700000001]},"properties":{"year":2025,"ped":0,"fatal":1}},{"type":"Feature","geometry":{"type":"Point","coordinates":[-80.303853863,25.763160365]},"properties":{"year":2025,"ped":0,"fatal":1}},{"type":"Feature","geometry":{"type":"Point","coordinates":[-80.204415952,25.7952339830001]},"properties":{"year":2025,"ped":0,"fatal":0}},{"type":"Feature","geometry":{"type":"Point","coordinates":[-80.2317076099999,25.800027211]},"properties":{"year":2025,"ped":0,"fatal":0}},{"type":"Feature","geometry":{"type":"Point","coordinates":[-80.2903906189999,25.784292556]},"properties":{"year":2025,"ped":0,"fatal":0}},{"type":"Feature","geometry":{"type":"Point","coordinates":[-80.2080350379999,25.777549874]},"properties":{"year":2025,"ped":0,"fatal":0}},{"type":"Feature","geometry":{"type":"Point","coordinates":[-80.274500514,25.7639619500001]},"properties":{"year":2025,"ped":0,"fatal":0}},{"type":"Feature","geometry":{"type":"Point","coordinates":[-80.202822719,25.754524471]},"properties":{"year":2025,"ped":0,"fatal":0}},{"type":"Feature","geometry":{"type":"Point","coordinates":[-80.205885204,25.752553888]},"properties":{"year":2025,"ped":0,"fatal":0}},{"type":"Feature","geometry":{"type":"Point","coordinates":[-80.255512728,25.7718794090001]},"properties":{"year":2025,"ped":0,"fatal":1}},{"type":"Feature","geometry":{"type":"Point","coordinates":[-80.318188795,25.7235899830001]},"properties":{"year":2025,"ped":0,"fatal":0}},{"type":"Feature","geometry":{"type":"Point","coordinates":[-80.265218959,25.8156327340001]},"properties":{"year":2025,"ped":0,"fatal":1}},{"type":"Feature","geometry":{"type":"Point","coordinates":[-80.200395739,25.780716156]},"properties":{"year":2025,"ped":0,"fatal":0}},{"type":"Feature","geometry":{"type":"Point","coordinates":[-80.1857071009999,25.787018829]},"properties":{"year":2025,"ped":0,"fatal":1}},{"type":"Feature","geometry":{"type":"Point","coordinates":[-80.216338217,25.8254714010001]},"properties":{"year":2025,"ped":0,"fatal":0}},{"type":"Feature","geometry":{"type":"Point","coordinates":[-80.3200088419999,25.755275188]},"properties":{"year":2025,"ped":0,"fatal":0}},{"type":"Feature","geometry":{"type":"Point","coordinates":[-80.248336873,25.807877284]},"properties":{"year":2025,"ped":0,"fatal":1}},{"type":"Feature","geometry":{"type":"Point","coordinates":[-80.198757628,25.8049129830001]},"properties":{"year":2025,"ped":0,"fatal":0}},{"type":"Feature","geometry":{"type":"Point","coordinates":[-80.2817991969999,25.7485887570001]},"properties":{"year":2025,"ped":0,"fatal":0}},{"type":"Feature","geometry":{"type":"Point","coordinates":[-80.3357182619999,25.7476600750001]},"properties":{"year":2025,"ped":0,"fatal":0}},{"type":"Feature","geometry":{"type":"Point","coordinates":[-80.254880164,25.7647383290001]},"properties":{"year":2025,"ped":0,"fatal":0}},{"type":"Feature","geometry":{"type":"Point","coordinates":[-80.202404292,25.759523314]},"properties":{"year":2025,"ped":0,"fatal":0}},{"type":"Feature","geometry":{"type":"Point","coordinates":[-80.222519733,25.8254711810001]},"properties":{"year":2025,"ped":0,"fatal":0}},{"type":"Feature","geometry":{"type":"Point","coordinates":[-80.257621,25.7349690290001]},"properties":{"year":2025,"ped":0,"fatal":0}},{"type":"Feature","geometry":{"type":"Point","coordinates":[-80.334101005,25.6994663940001]},"properties":{"year":2025,"ped":0,"fatal":0}},{"type":"Feature","geometry":{"type":"Point","coordinates":[-80.333717464,25.693535336]},"properties":{"year":2025,"ped":0,"fatal":1}},{"type":"Feature","geometry":{"type":"Point","coordinates":[-80.264435839,25.8106449960001]},"properties":{"year":2025,"ped":0,"fatal":0}},{"type":"Feature","geometry":{"type":"Point","coordinates":[-80.205714883,25.808233167]},"properties":{"year":2025,"ped":0,"fatal":0}},{"type":"Feature","geometry":{"type":"Point","coordinates":[-80.2232042529999,25.7923307340001]},"properties":{"year":2025,"ped":0,"fatal":0}},{"type":"Feature","geometry":{"type":"Point","coordinates":[-80.269424702,25.8266847530001]},"properties":{"year":2025,"ped":0,"fatal":0}},{"type":"Feature","geometry":{"type":"Point","coordinates":[-80.224616817,25.824109734]},"properties":{"year":2025,"ped":0,"fatal":1}},{"type":"Feature","geometry":{"type":"Point","coordinates":[-80.31858572,25.778652559]},"properties":{"year":2025,"ped":0,"fatal":0}},{"type":"Feature","geometry":{"type":"Point","coordinates":[-80.234237943,25.772212751]},"properties":{"year":2025,"ped":0,"fatal":0}},{"type":"Feature","geometry":{"type":"Point","coordinates":[-80.2305046179999,25.809388794]},"properties":{"year":2025,"ped":0,"fatal":1}},{"type":"Feature","geometry":{"type":"Point","coordinates":[-80.221620447,25.7429252750001]},"properties":{"year":2025,"ped":0,"fatal":0}},{"type":"Feature","geometry":{"type":"Point","coordinates":[-80.318117957,25.7031107980001]},"properties":{"year":2025,"ped":0,"fatal":1}},{"type":"Feature","geometry":{"type":"Point","coordinates":[-80.257612211,25.8100529070001]},"properties":{"year":2025,"ped":0,"fatal":0}},{"type":"Feature","geometry":{"type":"Point","coordinates":[-80.246220726,25.779202866]},"properties":{"year":2025,"ped":0,"fatal":0}},{"type":"Feature","geometry":{"type":"Point","coordinates":[-80.239498979,25.8091566730001]},"properties":{"year":2025,"ped":0,"fatal":0}},{"type":"Feature","geometry":{"type":"Point","coordinates":[-80.2195036639999,25.7948411190001]},"properties":{"year":2025,"ped":0,"fatal":0}},{"type":"Feature","geometry":{"type":"Point","coordinates":[-80.199205069,25.80640637]},"properties":{"year":2025,"ped":0,"fatal":0}},{"type":"Feature","geometry":{"type":"Point","coordinates":[-80.2061872039999,25.7659894290001]},"properties":{"year":2025,"ped":0,"fatal":1}},{"type":"Feature","geometry":{"type":"Point","coordinates":[-80.3342807189999,25.7023784840001]},"properties":{"year":2025,"ped":0,"fatal":0}},{"type":"Feature","geometry":{"type":"Point","coordinates":[-80.18768455,25.819391689]},"properties":{"year":2025,"ped":0,"fatal":0}},{"type":"Feature","geometry":{"type":"Point","coordinates":[-80.282032428,25.7549551860001]},"properties":{"year":2025,"ped":0,"fatal":0}},{"type":"Feature","geometry":{"type":"Point","coordinates":[-80.185431869,25.787220979]},"properties":{"year":2025,"ped":0,"fatal":0}},{"type":"Feature","geometry":{"type":"Point","coordinates":[-80.1974701249999,25.766170715]},"properties":{"year":2025,"ped":0,"fatal":0}},{"type":"Feature","geometry":{"type":"Point","coordinates":[-80.2053926569999,25.7978560330001]},"properties":{"year":2025,"ped":0,"fatal":0}},{"type":"Feature","geometry":{"type":"Point","coordinates":[-80.240401613,25.8091084220001]},"properties":{"year":2025,"ped":0,"fatal":1}},{"type":"Feature","geometry":{"type":"Point","coordinates":[-80.2148217599999,25.779387436]},"properties":{"year":2025,"ped":0,"fatal":0}},{"type":"Feature","geometry":{"type":"Point","coordinates":[-80.256207112,25.794799949]},"properties":{"year":2025,"ped":0,"fatal":1}},{"type":"Feature","geometry":{"type":"Point","coordinates":[-80.2198840629999,25.751580362]},"properties":{"year":2025,"ped":0,"fatal":1}},{"type":"Feature","geometry":{"type":"Point","coordinates":[-80.248243599,25.799420947]},"properties":{"year":2025,"ped":0,"fatal":1}},{"type":"Feature","geometry":{"type":"Point","coordinates":[-80.2829050139999,25.7095750070001]},"properties":{"year":2025,"ped":0,"fatal":1}},{"type":"Feature","geometry":{"type":"Point","coordinates":[-80.211787424,25.751173083]},"properties":{"year":2025,"ped":0,"fatal":0}},{"type":"Feature","geometry":{"type":"Point","coordinates":[-80.2178466949999,25.7675580420001]},"properties":{"year":2025,"ped":0,"fatal":1}},{"type":"Feature","geometry":{"type":"Point","coordinates":[-80.2071133269999,25.799480465]},"properties":{"year":2025,"ped":0,"fatal":0}},{"type":"Feature","geometry":{"type":"Point","coordinates":[-80.1976448679999,25.7714199000001]},"properties":{"year":2025,"ped":0,"fatal":1}},{"type":"Feature","geometry":{"type":"Point","coordinates":[-80.1989161669999,25.7748708450001]},"properties":{"year":2025,"ped":0,"fatal":0}},{"type":"Feature","geometry":{"type":"Point","coordinates":[-80.290074668,25.718753937]},"properties":{"year":2025,"ped":0,"fatal":0}},{"type":"Feature","geometry":{"type":"Point","coordinates":[-80.2105174759999,25.749859444]},"properties":{"year":2025,"ped":0,"fatal":0}},{"type":"Feature","geometry":{"type":"Point","coordinates":[-80.219634358,25.772320413]},"properties":{"year":2025,"ped":0,"fatal":0}},{"type":"Feature","geometry":{"type":"Point","coordinates":[-80.289436909,25.8071946170001]},"properties":{"year":2025,"ped":0,"fatal":1}},{"type":"Feature","geometry":{"type":"Point","coordinates":[-80.261845821,25.726287971]},"properties":{"year":2025,"ped":0,"fatal":0}}]}